timestamp,symbol,open,high,low,close,volume
2015-01-01 05:30:00+05:30,HDFCBANK.NS,237.75,238.60000610351562,236.2624969482422,238.0124969482422,3544940
2015-01-02 05:30:00+05:30,HDFCBANK.NS,237.60000610351562,242.3249969482422,237.60000610351562,241.3249969482422,5900384
2015-01-05 05:30:00+05:30,HDFCBANK.NS,242.5,242.6374969482422,238.77499389648438,239.28750610351562,4796000
2015-01-06 05:30:00+05:30,HDFCBANK.NS,238.5,239.1374969482422,234.3874969482422,235.5625,8219680
2015-01-07 05:30:00+05:30,HDFCBANK.NS,234.9250030517578,237.83749389648438,234.0625,236.25,5746112
2015-01-08 05:30:00+05:30,HDFCBANK.NS,238.5625,242.2375030517578,237.0500030517578,241.21249389648438,9525824
2015-01-09 05:30:00+05:30,HDFCBANK.NS,243.22500610351562,245.0,241.64999389648438,243.91250610351562,8985184
2015-01-12 05:30:00+05:30,HDFCBANK.NS,242.35000610351562,243.60000610351562,241.125,241.7624969482422,4126412
2015-01-13 05:30:00+05:30,HDFCBANK.NS,242.2375030517578,242.9875030517578,238.9250030517578,240.83749389648438,5828348
2015-01-14 05:30:00+05:30,HDFCBANK.NS,240.0124969482422,243.66250610351562,239.9250030517578,240.97500610351562,3685232
2015-01-15 05:30:00+05:30,HDFCBANK.NS,247.5,249.5500030517578,242.6875,248.28750610351562,11398476
2015-01-16 05:30:00+05:30,HDFCBANK.NS,250.5500030517578,253.72500610351562,249.6374969482422,250.33749389648438,7821308
2015-01-19 05:30:00+05:30,HDFCBANK.NS,253.3125,255.0,250.7375030517578,251.1374969482422,4239492
2015-01-20 05:30:00+05:30,HDFCBANK.NS,252.5,256.75,250.5,255.2375030517578,8505804
2015-01-21 05:30:00+05:30,HDFCBANK.NS,256.8500061035156,258.23748779296875,254.58749389648438,254.9875030517578,6740612
2015-01-22 05:30:00+05:30,HDFCBANK.NS,256.25,258.125,254.6374969482422,255.3125,6470680
2015-01-23 05:30:00+05:30,HDFCBANK.NS,257.5,262.0,256.1000061035156,260.70001220703125,9987912
2015-01-27 05:30:00+05:30,HDFCBANK.NS,260.75,269.4375,260.2250061035156,268.51251220703125,9962400
2015-01-28 05:30:00+05:30,HDFCBANK.NS,267.5,273.29998779296875,263.75,264.5874938964844,11364940
2015-01-29 05:30:00+05:30,HDFCBANK.NS,268.75,275.1499938964844,265.25,273.75,20567616
2015-01-30 05:30:00+05:30,HDFCBANK.NS,273.63751220703125,273.63751220703125,266.0625,269.3374938964844,10570416
2015-02-02 05:30:00+05:30,HDFCBANK.NS,267.125,273.25,263.0874938964844,270.3999938964844,5710352
2015-02-03 05:30:00+05:30,HDFCBANK.NS,269.625,270.54998779296875,263.82501220703125,266.0249938964844,10200688
2015-02-04 05:30:00+05:30,HDFCBANK.NS,265.75,270.20001220703125,264.3125,266.92498779296875,6197512
2015-02-05 05:30:00+05:30,HDFCBANK.NS,268.75,273.20001220703125,267.5874938964844,269.125,8059148
2015-02-06 05:30:00+05:30,HDFCBANK.NS,269.25,269.73748779296875,262.51251220703125,263.375,6903120
2015-02-09 05:30:00+05:30,HDFCBANK.NS,261.75,262.9375,258.625,260.0249938964844,5231896
2015-02-10 05:30:00+05:30,HDFCBANK.NS,257.5,265.57501220703125,257.5,263.61248779296875,9275752
2015-02-11 05:30:00+05:30,HDFCBANK.NS,264.5,266.20001220703125,263.25,264.6000061035156,4161588
2015-02-12 05:30:00+05:30,HDFCBANK.NS,266.2749938964844,270.4750061035156,263.17498779296875,269.0,5525740
2015-02-13 05:30:00+05:30,HDFCBANK.NS,270.29998779296875,270.5,265.8999938964844,266.45001220703125,7714500
2015-02-16 05:30:00+05:30,HDFCBANK.NS,268.95001220703125,271.25,265.625,266.88751220703125,7388716
2015-02-18 05:30:00+05:30,HDFCBANK.NS,266.88751220703125,270.73748779296875,264.26251220703125,268.70001220703125,5381692
2015-02-19 05:30:00+05:30,HDFCBANK.NS,268.5,271.2250061035156,265.95001220703125,269.95001220703125,4507004
2015-02-20 05:30:00+05:30,HDFCBANK.NS,270.75,272.4750061035156,267.125,268.26251220703125,6206024
2015-02-23 05:30:00+05:30,HDFCBANK.NS,269.2749938964844,270.38751220703125,265.5,266.875,5581564
2015-02-24 05:30:00+05:30,HDFCBANK.NS,267.57501220703125,267.75,264.2749938964844,266.9125061035156,5846288
2015-02-25 05:30:00+05:30,HDFCBANK.NS,267.5,268.70001220703125,262.5,263.11248779296875,4648524
2015-02-26 05:30:00+05:30,HDFCBANK.NS,263.4125061035156,264.0,258.7749938964844,259.5375061035156,12426944
2015-02-27 05:30:00+05:30,HDFCBANK.NS,261.36248779296875,264.63751220703125,261.36248779296875,263.5,10261784
2015-03-02 05:30:00+05:30,HDFCBANK.NS,270.0874938964844,274.75,267.0,270.63751220703125,14385232
2015-03-03 05:30:00+05:30,HDFCBANK.NS,271.61248779296875,273.0,269.26251220703125,270.8374938964844,6029348
2015-03-04 05:30:00+05:30,HDFCBANK.NS,276.25,277.32501220703125,265.0,266.32501220703125,12277624
2015-03-05 05:30:00+05:30,HDFCBANK.NS,266.25,272.5,265.625,271.2749938964844,9702452
2015-03-09 05:30:00+05:30,HDFCBANK.NS,269.26251220703125,270.45001220703125,264.0,264.75,5755808
2015-03-10 05:30:00+05:30,HDFCBANK.NS,265.5,265.5625,261.25,263.13751220703125,5134836
2015-03-11 05:30:00+05:30,HDFCBANK.NS,262.7250061035156,265.4750061035156,262.5,264.11248779296875,5465536
2015-03-12 05:30:00+05:30,HDFCBANK.NS,265.0249938964844,265.9750061035156,262.7749938964844,263.6499938964844,7530836
2015-03-13 05:30:00+05:30,HDFCBANK.NS,265.0,266.0,258.6499938964844,260.6625061035156,5426780
2015-03-16 05:30:00+05:30,HDFCBANK.NS,261.25,264.4750061035156,260.625,262.88751220703125,5348772
2015-03-17 05:30:00+05:30,HDFCBANK.NS,265.0,266.4750061035156,260.7124938964844,264.51251220703125,5369304
2015-03-18 05:30:00+05:30,HDFCBANK.NS,265.0375061035156,267.9750061035156,263.29998779296875,265.88751220703125,5148332
2015-03-19 05:30:00+05:30,HDFCBANK.NS,267.75,268.45001220703125,262.17498779296875,263.04998779296875,5373572
2015-03-20 05:30:00+05:30,HDFCBANK.NS,262.75,264.875,261.48748779296875,263.9750061035156,6483236
2015-03-23 05:30:00+05:30,HDFCBANK.NS,263.98748779296875,264.8500061035156,261.5,261.9375,5446740
2015-03-24 05:30:00+05:30,HDFCBANK.NS,260.82501220703125,264.25,258.86248779296875,259.48748779296875,8973564
2015-03-25 05:30:00+05:30,HDFCBANK.NS,260.01251220703125,261.67498779296875,257.7749938964844,258.5625,10608900
2015-03-26 05:30:00+05:30,HDFCBANK.NS,256.7250061035156,258.04998779296875,250.52499389648438,251.7375030517578,35800620
2015-03-27 05:30:00+05:30,HDFCBANK.NS,253.7375030517578,255.8874969482422,252.02499389648438,253.66250610351562,10840896
2015-03-30 05:30:00+05:30,HDFCBANK.NS,255.0,259.75,253.1999969482422,259.2250061035156,6955144
2015-03-31 05:30:00+05:30,HDFCBANK.NS,259.9750061035156,259.9750061035156,253.71249389648438,255.6750030517578,5962256
2015-04-01 05:30:00+05:30,HDFCBANK.NS,256.5249938964844,259.2124938964844,253.25,258.3125,3844196
2015-04-06 05:30:00+05:30,HDFCBANK.NS,258.75,259.2124938964844,254.9499969482422,257.98748779296875,7151172
2015-04-07 05:30:00+05:30,HDFCBANK.NS,258.3125,259.54998779296875,255.91250610351562,258.1875,6197072
2015-04-08 05:30:00+05:30,HDFCBANK.NS,260.01251220703125,260.61248779296875,257.51251220703125,258.88751220703125,4106144
2015-04-09 05:30:00+05:30,HDFCBANK.NS,259.5625,264.75,257.5,264.0249938964844,7002784
2015-04-10 05:30:00+05:30,HDFCBANK.NS,263.25,263.25,258.7124938964844,260.6625061035156,6119324
2015-04-13 05:30:00+05:30,HDFCBANK.NS,260.0,261.57501220703125,258.70001220703125,259.70001220703125,4563236
2015-04-15 05:30:00+05:30,HDFCBANK.NS,260.0,262.17498779296875,256.29998779296875,257.9125061035156,4893996
2015-04-16 05:30:00+05:30,HDFCBANK.NS,257.0,258.38751220703125,254.5,257.4125061035156,5610120
2015-04-17 05:30:00+05:30,HDFCBANK.NS,256.2749938964844,256.9624938964844,254.0124969482422,254.5625,4049012
2015-04-20 05:30:00+05:30,HDFCBANK.NS,255.0,256.25,250.64999389648438,251.27499389648438,5188880
2015-04-21 05:30:00+05:30,HDFCBANK.NS,251.25,253.60000610351562,248.89999389648438,250.75,6510744
2015-04-22 05:30:00+05:30,HDFCBANK.NS,251.625,255.25,248.375,253.27499389648438,6765936
2015-04-23 05:30:00+05:30,HDFCBANK.NS,255.0124969482422,256.04998779296875,251.52499389648438,253.375,9627828
2015-04-24 05:30:00+05:30,HDFCBANK.NS,254.72500610351562,254.75,250.08749389648438,251.6125030517578,7205244
2015-04-27 05:30:00+05:30,HDFCBANK.NS,251.7375030517578,253.125,249.0,251.3625030517578,7370704
2015-04-28 05:30:00+05:30,HDFCBANK.NS,249.8874969482422,252.8625030517578,247.52499389648438,251.1374969482422,7942108
2015-04-29 05:30:00+05:30,HDFCBANK.NS,251.0,252.375,247.0,248.28750610351562,7863564
2015-04-30 05:30:00+05:30,HDFCBANK.NS,247.75,248.75,244.7624969482422,247.1999969482422,15143684
2015-05-04 05:30:00+05:30,HDFCBANK.NS,248.5124969482422,252.375,248.0,250.2375030517578,3141448
2015-05-05 05:30:00+05:30,HDFCBANK.NS,249.7624969482422,250.97500610351562,246.46249389648438,246.91250610351562,5138004
2015-05-06 05:30:00+05:30,HDFCBANK.NS,246.875,246.875,241.375,242.64999389648438,11007696
2015-05-07 05:30:00+05:30,HDFCBANK.NS,242.0,242.5,236.0500030517578,237.8249969482422,11736664
2015-05-08 05:30:00+05:30,HDFCBANK.NS,240.375,246.9499969482422,238.85000610351562,245.5,11571932
2015-05-11 05:30:00+05:30,HDFCBANK.NS,246.5124969482422,248.1875,243.5124969482422,247.5749969482422,6731344
2015-05-12 05:30:00+05:30,HDFCBANK.NS,247.5,247.5,241.75,242.9875030517578,11107568
2015-05-13 05:30:00+05:30,HDFCBANK.NS,243.96249389648438,248.35000610351562,242.89999389648438,247.5625,7791848
2015-05-14 05:30:00+05:30,HDFCBANK.NS,247.25,248.71249389648438,243.5,247.7624969482422,4455188
2015-05-15 05:30:00+05:30,HDFCBANK.NS,248.72500610351562,249.3874969482422,246.0500030517578,247.52499389648438,8153624
2015-05-18 05:30:00+05:30,HDFCBANK.NS,249.0,253.0,248.0,252.46249389648438,5713304
2015-05-19 05:30:00+05:30,HDFCBANK.NS,251.58749389648438,254.5,249.52499389648438,251.8874969482422,4786348
2015-05-20 05:30:00+05:30,HDFCBANK.NS,252.41250610351562,256.70001220703125,252.3874969482422,256.01251220703125,4008840
2015-05-21 05:30:00+05:30,HDFCBANK.NS,256.0,257.5,253.77499389648438,256.17498779296875,3934380
2015-05-22 05:30:00+05:30,HDFCBANK.NS,256.17498779296875,257.25,254.58749389648438,256.07501220703125,4689536
2015-05-25 05:30:00+05:30,HDFCBANK.NS,257.1000061035156,257.75,254.39999389648438,255.8874969482422,4369060
2015-05-26 05:30:00+05:30,HDFCBANK.NS,256.11248779296875,257.54998779296875,254.5124969482422,256.8500061035156,4906344
2015-05-27 05:30:00+05:30,HDFCBANK.NS,255.9499969482422,260.0,255.35000610351562,259.5375061035156,3218592
2015-05-28 05:30:00+05:30,HDFCBANK.NS,259.76251220703125,260.92498779296875,255.5500030517578,257.3500061035156,9561160
2015-05-29 05:30:00+05:30,HDFCBANK.NS,257.48748779296875,263.5,256.7875061035156,262.63751220703125,5058680
2015-06-01 05:30:00+05:30,HDFCBANK.NS,262.23748779296875,264.0,257.75,259.04998779296875,3841320
2015-06-02 05:30:00+05:30,HDFCBANK.NS,259.6000061035156,260.07501220703125,251.22500610351562,252.1999969482422,4726008
2015-06-03 05:30:00+05:30,HDFCBANK.NS,252.25,254.25,249.5,251.3874969482422,5824832
2015-06-04 05:30:00+05:30,HDFCBANK.NS,252.21249389648438,254.46249389648438,248.75,253.7375030517578,5557588
2015-06-05 05:30:00+05:30,HDFCBANK.NS,252.5625,254.625,250.625,252.9375,6753860
2015-06-08 05:30:00+05:30,HDFCBANK.NS,251.0625,253.0625,248.8874969482422,250.8625030517578,3811996
2015-06-09 05:30:00+05:30,HDFCBANK.NS,251.25,251.5,249.27499389648438,250.46249389648438,6040260
2015-06-10 05:30:00+05:30,HDFCBANK.NS,249.5,254.75,249.25,253.89999389648438,7986248
2015-06-11 05:30:00+05:30,HDFCBANK.NS,254.39999389648438,254.6374969482422,248.6750030517578,250.0500030517578,9094176
2015-06-12 05:30:00+05:30,HDFCBANK.NS,250.25,252.71249389648438,247.53750610351562,252.28750610351562,6528344
2015-06-15 05:30:00+05:30,HDFCBANK.NS,250.5,253.4375,250.0,251.3000030517578,5999828
2015-06-16 05:30:00+05:30,HDFCBANK.NS,250.0,252.6125030517578,249.2624969482422,252.10000610351562,6010524
2015-06-17 05:30:00+05:30,HDFCBANK.NS,252.25,253.375,249.875,251.1750030517578,9686268
2015-06-18 05:30:00+05:30,HDFCBANK.NS,251.47500610351562,255.9499969482422,250.5625,254.89999389648438,8431716
2015-06-19 05:30:00+05:30,HDFCBANK.NS,256.20001220703125,258.73748779296875,253.28750610351562,257.625,3742324
2015-06-22 05:30:00+05:30,HDFCBANK.NS,258.0249938964844,264.2250061035156,257.125,261.7875061035156,5449652
2015-06-23 05:30:00+05:30,HDFCBANK.NS,263.0,265.29998779296875,260.625,263.0249938964844,5655180
2015-06-24 05:30:00+05:30,HDFCBANK.NS,263.5,264.45001220703125,260.67498779296875,261.45001220703125,6267396
2015-06-25 05:30:00+05:30,HDFCBANK.NS,262.0625,267.7124938964844,260.6625061035156,266.25,16573568
2015-06-26 05:30:00+05:30,HDFCBANK.NS,266.75,267.73748779296875,262.875,265.7124938964844,5647504
2015-06-29 05:30:00+05:30,HDFCBANK.NS,261.2250061035156,265.4375,257.625,264.1625061035156,6487836
2015-06-30 05:30:00+05:30,HDFCBANK.NS,263.0625,268.0,262.0,266.7875061035156,7290136
2015-07-01 05:30:00+05:30,HDFCBANK.NS,265.3374938964844,269.25,265.01251220703125,268.0874938964844,4971188
2015-07-02 05:30:00+05:30,HDFCBANK.NS,266.25,266.92498779296875,263.9125061035156,264.54998779296875,4483444
2015-07-03 05:30:00+05:30,HDFCBANK.NS,263.51251220703125,269.0375061035156,263.51251220703125,268.5625,4039288
2015-07-06 05:30:00+05:30,HDFCBANK.NS,266.01251220703125,271.25,265.0625,270.875,3267780
2015-07-07 05:30:00+05:30,HDFCBANK.NS,269.625,272.875,269.625,271.7124938964844,4141472
2015-07-08 05:30:00+05:30,HDFCBANK.NS,269.7749938964844,270.1499938964844,266.5,267.2124938964844,5400676
2015-07-09 05:30:00+05:30,HDFCBANK.NS,265.67498779296875,269.2250061035156,265.0249938964844,268.51251220703125,2797964
2015-07-10 05:30:00+05:30,HDFCBANK.NS,267.45001220703125,273.75,267.125,272.6875,4900088
2015-07-13 05:30:00+05:30,HDFCBANK.NS,271.25,276.4750061035156,271.25,274.0375061035156,7076084
2015-07-14 05:30:00+05:30,HDFCBANK.NS,273.875,275.4750061035156,271.5,272.9624938964844,5674116
2015-07-15 05:30:00+05:30,HDFCBANK.NS,273.25,275.36248779296875,272.70001220703125,274.17498779296875,3849404
2015-07-16 05:30:00+05:30,HDFCBANK.NS,274.70001220703125,279.75,274.5249938964844,278.67498779296875,7310424
2015-07-17 05:30:00+05:30,HDFCBANK.NS,279.8500061035156,280.4375,276.3999938964844,277.63751220703125,3510988
2015-07-20 05:30:00+05:30,HDFCBANK.NS,278.98748779296875,279.75,276.75,278.8125,4551268
2015-07-21 05:30:00+05:30,HDFCBANK.NS,279.13751220703125,282.0,273.2749938964844,274.51251220703125,11028136
2015-07-22 05:30:00+05:30,HDFCBANK.NS,274.1000061035156,279.26251220703125,272.1625061035156,278.6000061035156,7286400
2015-07-23 05:30:00+05:30,HDFCBANK.NS,278.2250061035156,279.17498779296875,275.0249938964844,276.9750061035156,5083172
2015-07-24 05:30:00+05:30,HDFCBANK.NS,275.7875061035156,278.75,275.125,276.9624938964844,4761008
2015-07-27 05:30:00+05:30,HDFCBANK.NS,275.9750061035156,276.125,267.5,273.9624938964844,3328572
2015-07-28 05:30:00+05:30,HDFCBANK.NS,273.5,278.4750061035156,273.11248779296875,277.125,6345672
2015-07-29 05:30:00+05:30,HDFCBANK.NS,276.2749938964844,279.4750061035156,276.26251220703125,277.0874938964844,3943032
2015-07-30 05:30:00+05:30,HDFCBANK.NS,276.75,279.25,275.2749938964844,277.63751220703125,9462188
2015-07-31 05:30:00+05:30,HDFCBANK.NS,278.8999938964844,280.25,275.75,277.9125061035156,5649500
2015-08-03 05:30:00+05:30,HDFCBANK.NS,278.1875,279.375,273.36248779296875,273.8500061035156,4345728
2015-08-04 05:30:00+05:30,HDFCBANK.NS,274.5249938964844,275.5,270.48748779296875,271.61248779296875,5390928
2015-08-05 05:30:00+05:30,HDFCBANK.NS,273.0375061035156,274.42498779296875,271.29998779296875,273.04998779296875,4122780
2015-08-06 05:30:00+05:30,HDFCBANK.NS,272.9750061035156,275.3374938964844,271.36248779296875,273.98748779296875,3743712
2015-08-07 05:30:00+05:30,HDFCBANK.NS,273.48748779296875,274.375,272.1499938964844,273.1625061035156,3227140
2015-08-10 05:30:00+05:30,HDFCBANK.NS,273.75,276.48748779296875,272.0,273.6625061035156,3954376
2015-08-11 05:30:00+05:30,HDFCBANK.NS,273.76251220703125,274.7124938964844,271.0625,273.67498779296875,2727688
2015-08-12 05:30:00+05:30,HDFCBANK.NS,272.1000061035156,273.7250061035156,266.92498779296875,267.61248779296875,6005740
2015-08-13 05:30:00+05:30,HDFCBANK.NS,269.25,270.67498779296875,266.6499938964844,269.38751220703125,3465052
2015-08-14 05:30:00+05:30,HDFCBANK.NS,270.7749938964844,275.9125061035156,269.9750061035156,275.45001220703125,3601660
2015-08-17 05:30:00+05:30,HDFCBANK.NS,274.76251220703125,275.45001220703125,268.95001220703125,272.875,2500212
2015-08-18 05:30:00+05:30,HDFCBANK.NS,272.8999938964844,274.0249938964844,269.61248779296875,271.5874938964844,1857316
2015-08-19 05:30:00+05:30,HDFCBANK.NS,271.2124938964844,271.75,268.75,270.4624938964844,3004576
2015-08-20 05:30:00+05:30,HDFCBANK.NS,267.0,271.1875,267.0,268.67498779296875,3044852
2015-08-21 05:30:00+05:30,HDFCBANK.NS,266.0,268.23748779296875,262.75,265.32501220703125,7758972
2015-08-24 05:30:00+05:30,HDFCBANK.NS,261.17498779296875,261.17498779296875,252.8125,254.7624969482422,14686328
2015-08-25 05:30:00+05:30,HDFCBANK.NS,256.17498779296875,258.07501220703125,251.4250030517578,254.6125030517578,12347920
2015-08-26 05:30:00+05:30,HDFCBANK.NS,254.35000610351562,257.25,252.25,253.375,5573000
2015-08-27 05:30:00+05:30,HDFCBANK.NS,256.25,258.61248779296875,252.27499389648438,255.52499389648438,13873432
2015-08-28 05:30:00+05:30,HDFCBANK.NS,257.76251220703125,260.6875,254.85000610351562,256.98748779296875,5553136
2015-08-31 05:30:00+05:30,HDFCBANK.NS,255.27499389648438,258.2250061035156,253.8874969482422,256.86248779296875,3441460
2015-09-01 05:30:00+05:30,HDFCBANK.NS,255.3249969482422,255.3249969482422,248.25,250.02499389648438,10469144
2015-09-02 05:30:00+05:30,HDFCBANK.NS,251.27499389648438,253.4875030517578,246.25,248.78750610351562,8681688
2015-09-03 05:30:00+05:30,HDFCBANK.NS,250.5749969482422,253.75,249.75,252.5749969482422,6507368
2015-09-04 05:30:00+05:30,HDFCBANK.NS,250.5500030517578,251.5,245.0,249.0124969482422,11404592
2015-09-07 05:30:00+05:30,HDFCBANK.NS,250.25,252.4499969482422,245.0,246.1125030517578,5381740
2015-09-08 05:30:00+05:30,HDFCBANK.NS,246.6750030517578,252.5,244.25,251.0124969482422,7444488
2015-09-09 05:30:00+05:30,HDFCBANK.NS,253.625,256.25,251.25,254.0749969482422,6553120
2015-09-10 05:30:00+05:30,HDFCBANK.NS,250.75,254.2375030517578,249.0749969482422,252.75,4463740
2015-09-11 05:30:00+05:30,HDFCBANK.NS,253.625,255.0,251.6999969482422,252.625,4301760
2015-09-14 05:30:00+05:30,HDFCBANK.NS,252.21249389648438,255.5749969482422,250.875,254.9250030517578,5060344
2015-09-15 05:30:00+05:30,HDFCBANK.NS,254.4875030517578,254.91250610351562,252.02499389648438,253.28750610351562,4332728
2015-09-16 05:30:00+05:30,HDFCBANK.NS,254.72500610351562,257.0249938964844,252.8874969482422,255.83749389648438,4254052
2015-09-18 05:30:00+05:30,HDFCBANK.NS,258.75,265.5,257.7875061035156,262.4375,7841168
2015-09-21 05:30:00+05:30,HDFCBANK.NS,259.48748779296875,263.75,259.0874938964844,263.23748779296875,4276688
2015-09-22 05:30:00+05:30,HDFCBANK.NS,262.51251220703125,265.0,256.32501220703125,257.6625061035156,6025212
2015-09-23 05:30:00+05:30,HDFCBANK.NS,254.8000030517578,263.36248779296875,254.66250610351562,262.29998779296875,5161152
2015-09-24 05:30:00+05:30,HDFCBANK.NS,261.75,263.5,259.0,262.8500061035156,8252836
2015-09-28 05:30:00+05:30,HDFCBANK.NS,263.75,265.0,260.7749938964844,261.6000061035156,5777108
2015-09-29 05:30:00+05:30,HDFCBANK.NS,258.0,268.4750061035156,256.2749938964844,266.20001220703125,10418840
2015-09-30 05:30:00+05:30,HDFCBANK.NS,267.0,268.25,265.3374938964844,267.20001220703125,9027796
2015-10-01 05:30:00+05:30,HDFCBANK.NS,268.79998779296875,269.2250061035156,264.8374938964844,266.9125061035156,5034788
2015-10-05 05:30:00+05:30,HDFCBANK.NS,269.29998779296875,276.20001220703125,269.29998779296875,274.5874938964844,8053372
2015-10-06 05:30:00+05:30,HDFCBANK.NS,276.75,276.9750061035156,270.75,271.48748779296875,4758964
2015-10-07 05:30:00+05:30,HDFCBANK.NS,272.0,274.5874938964844,270.8374938964844,271.9375,4386268
2015-10-08 05:30:00+05:30,HDFCBANK.NS,272.0249938964844,272.67498779296875,268.8500061035156,270.7749938964844,3881908
2015-10-09 05:30:00+05:30,HDFCBANK.NS,273.75,273.75,270.04998779296875,271.5375061035156,3443228
2015-10-12 05:30:00+05:30,HDFCBANK.NS,271.92498779296875,273.875,269.45001220703125,270.13751220703125,2217340
2015-10-13 05:30:00+05:30,HDFCBANK.NS,268.88751220703125,270.5375061035156,268.29998779296875,269.0874938964844,1823652
2015-10-14 05:30:00+05:30,HDFCBANK.NS,267.20001220703125,271.625,266.76251220703125,271.1875,2749148
2015-10-15 05:30:00+05:30,HDFCBANK.NS,271.42498779296875,274.125,270.25,271.0375061035156,3925952
2015-10-16 05:30:00+05:30,HDFCBANK.NS,272.5,275.375,271.25,275.01251220703125,4843688
2015-10-19 05:30:00+05:30,HDFCBANK.NS,275.0,275.5249938964844,273.57501220703125,274.45001220703125,2654220
2015-10-20 05:30:00+05:30,HDFCBANK.NS,274.5,275.7250061035156,272.79998779296875,273.7250061035156,3851356
2015-10-21 05:30:00+05:30,HDFCBANK.NS,274.7250061035156,276.0,271.25,273.75,7273204
2015-10-23 05:30:00+05:30,HDFCBANK.NS,274.86248779296875,278.42498779296875,274.0,277.125,4467048
2015-10-26 05:30:00+05:30,HDFCBANK.NS,278.48748779296875,278.54998779296875,274.25,275.375,4887984
2015-10-27 05:30:00+05:30,HDFCBANK.NS,273.88751220703125,278.5,273.88751220703125,277.7250061035156,8984032
2015-10-28 05:30:00+05:30,HDFCBANK.NS,276.26251220703125,281.0,276.26251220703125,277.875,7694760
2015-10-29 05:30:00+05:30,HDFCBANK.NS,277.5,278.625,275.0,275.88751220703125,6702368
2015-10-30 05:30:00+05:30,HDFCBANK.NS,275.5,278.0,272.61248779296875,274.8999938964844,8097460
2015-11-02 05:30:00+05:30,HDFCBANK.NS,273.76251220703125,273.9750061035156,269.125,270.7749938964844,3156552
2015-11-03 05:30:00+05:30,HDFCBANK.NS,272.73748779296875,273.0,269.79998779296875,271.2250061035156,2548592
2015-11-04 05:30:00+05:30,HDFCBANK.NS,272.51251220703125,274.5249938964844,269.5625,270.42498779296875,2696444
2015-11-05 05:30:00+05:30,HDFCBANK.NS,269.625,270.75,267.375,269.9624938964844,3596952
2015-11-06 05:30:00+05:30,HDFCBANK.NS,270.17498779296875,272.25,268.8125,270.2250061035156,5881004
2015-11-09 05:30:00+05:30,HDFCBANK.NS,264.5,267.4125061035156,262.75,266.20001220703125,11429432
2015-11-10 05:30:00+05:30,HDFCBANK.NS,265.01251220703125,266.25,263.11248779296875,263.6499938964844,4402580
2015-11-13 05:30:00+05:30,HDFCBANK.NS,262.3500061035156,263.75,260.25,263.01251220703125,3940028
2015-11-16 05:30:00+05:30,HDFCBANK.NS,262.1875,266.25,261.3125,265.23748779296875,4734732
2015-11-17 05:30:00+05:30,HDFCBANK.NS,265.82501220703125,265.95001220703125,262.79998779296875,265.20001220703125,2567404
2015-11-18 05:30:00+05:30,HDFCBANK.NS,265.42498779296875,266.4624938964844,261.57501220703125,262.1499938964844,2446720
2015-11-19 05:30:00+05:30,HDFCBANK.NS,263.75,267.73748779296875,262.3999938964844,267.2250061035156,3277680
2015-11-20 05:30:00+05:30,HDFCBANK.NS,266.2250061035156,270.0625,265.0,267.7124938964844,4648160
2015-11-23 05:30:00+05:30,HDFCBANK.NS,268.5,268.875,264.76251220703125,266.51251220703125,3408280
2015-11-24 05:30:00+05:30,HDFCBANK.NS,266.3125,268.375,265.5249938964844,266.0874938964844,4002252
2015-11-26 05:30:00+05:30,HDFCBANK.NS,264.75,266.75,262.7749938964844,265.98748779296875,8791484
2015-11-27 05:30:00+05:30,HDFCBANK.NS,266.2124938964844,270.54998779296875,265.23748779296875,269.8500061035156,6925072
2015-11-30 05:30:00+05:30,HDFCBANK.NS,269.79998779296875,270.25,267.42498779296875,269.4375,5247776
2015-12-01 05:30:00+05:30,HDFCBANK.NS,269.26251220703125,271.2250061035156,268.375,270.75,1895332
2015-12-02 05:30:00+05:30,HDFCBANK.NS,272.5,273.17498779296875,267.9624938964844,269.45001220703125,2562284
2015-12-03 05:30:00+05:30,HDFCBANK.NS,268.125,270.25,266.82501220703125,269.1875,3807712
2015-12-04 05:30:00+05:30,HDFCBANK.NS,268.3999938964844,268.3999938964844,264.0,264.7250061035156,5859828
2015-12-07 05:30:00+05:30,HDFCBANK.NS,267.04998779296875,267.7749938964844,265.2749938964844,265.48748779296875,5814808
2015-12-08 05:30:00+05:30,HDFCBANK.NS,265.25,265.4750061035156,261.75,262.3125,4902660
2015-12-09 05:30:00+05:30,HDFCBANK.NS,261.7749938964844,264.25,261.2124938964844,261.86248779296875,3890616
2015-12-10 05:30:00+05:30,HDFCBANK.NS,261.25,265.79998779296875,260.57501220703125,265.1499938964844,6514340
2015-12-11 05:30:00+05:30,HDFCBANK.NS,265.0,265.1499938964844,260.5,261.5874938964844,3033920
2015-12-14 05:30:00+05:30,HDFCBANK.NS,260.25,264.9624938964844,260.0249938964844,263.76251220703125,5878016
2015-12-15 05:30:00+05:30,HDFCBANK.NS,263.25,265.61248779296875,261.32501220703125,264.86248779296875,4557416
2015-12-16 05:30:00+05:30,HDFCBANK.NS,265.75,268.3374938964844,264.8374938964844,266.82501220703125,6842768
2015-12-17 05:30:00+05:30,HDFCBANK.NS,268.4750061035156,271.0,266.25,270.0625,4878012
2015-12-18 05:30:00+05:30,HDFCBANK.NS,271.25,271.25,267.125,268.25,3172128
2015-12-21 05:30:00+05:30,HDFCBANK.NS,267.9375,269.9750061035156,267.26251220703125,268.8500061035156,3097500
2015-12-22 05:30:00+05:30,HDFCBANK.NS,268.625,269.125,266.0,266.61248779296875,2429536
2015-12-23 05:30:00+05:30,HDFCBANK.NS,268.1499938964844,269.48748779296875,267.2875061035156,268.5249938964844,3013968
2015-12-24 05:30:00+05:30,HDFCBANK.NS,269.04998779296875,269.1000061035156,267.07501220703125,268.5,2146352
2015-12-28 05:30:00+05:30,HDFCBANK.NS,268.5,269.9750061035156,266.9375,269.3125,7755428
2015-12-29 05:30:00+05:30,HDFCBANK.NS,269.73748779296875,269.9624938964844,267.82501220703125,269.48748779296875,4231612
2015-12-30 05:30:00+05:30,HDFCBANK.NS,270.0,270.48748779296875,268.13751220703125,268.57501220703125,2112560
2015-12-31 05:30:00+05:30,HDFCBANK.NS,268.75,271.2250061035156,268.75,270.5375061035156,9290008
2016-01-01 05:30:00+05:30,HDFCBANK.NS,270.6000061035156,272.5625,269.0375061035156,272.1875,3195076
2016-01-04 05:30:00+05:30,HDFCBANK.NS,271.0,271.0,267.0249938964844,267.625,5187536
2016-01-05 05:30:00+05:30,HDFCBANK.NS,267.54998779296875,268.70001220703125,265.3374938964844,265.6000061035156,3160872
2016-01-06 05:30:00+05:30,HDFCBANK.NS,264.1625061035156,269.1875,264.1625061035156,266.7749938964844,4165536
2016-01-07 05:30:00+05:30,HDFCBANK.NS,265.0249938964844,266.2250061035156,262.42498779296875,264.04998779296875,6055428
2016-01-08 05:30:00+05:30,HDFCBANK.NS,265.48748779296875,266.125,264.3125,265.5874938964844,3488356
2016-01-11 05:30:00+05:30,HDFCBANK.NS,263.01251220703125,265.25,261.32501220703125,264.6499938964844,3288912
2016-01-12 05:30:00+05:30,HDFCBANK.NS,265.9750061035156,265.9750061035156,260.875,261.73748779296875,4258736
2016-01-13 05:30:00+05:30,HDFCBANK.NS,263.0,265.6875,259.25,265.0375061035156,4515148
2016-01-14 05:30:00+05:30,HDFCBANK.NS,262.5375061035156,264.3500061035156,259.875,262.4375,6279184
2016-01-15 05:30:00+05:30,HDFCBANK.NS,262.0,263.86248779296875,259.5249938964844,260.5375061035156,5417260
2016-01-18 05:30:00+05:30,HDFCBANK.NS,258.9125061035156,260.36248779296875,255.25,256.4624938964844,6495388
2016-01-19 05:30:00+05:30,HDFCBANK.NS,256.79998779296875,259.38751220703125,256.57501220703125,258.95001220703125,6405212
2016-01-20 05:30:00+05:30,HDFCBANK.NS,256.25,277.0,251.97500610351562,254.5749969482422,9563588
2016-01-21 05:30:00+05:30,HDFCBANK.NS,255.25,258.3125,253.35000610351562,255.75,6300804
2016-01-22 05:30:00+05:30,HDFCBANK.NS,256.42498779296875,261.0625,255.5124969482422,257.57501220703125,4236284
2016-01-25 05:30:00+05:30,HDFCBANK.NS,259.98748779296875,261.67498779296875,258.26251220703125,260.2875061035156,10143884
2016-01-27 05:30:00+05:30,HDFCBANK.NS,262.11248779296875,262.17498779296875,258.25,258.9125061035156,4039468
2016-01-28 05:30:00+05:30,HDFCBANK.NS,259.75,261.7250061035156,257.5,257.92498779296875,9951972
2016-01-29 05:30:00+05:30,HDFCBANK.NS,258.79998779296875,263.73748779296875,258.79998779296875,262.4624938964844,5360184
2016-02-01 05:30:00+05:30,HDFCBANK.NS,264.5,266.75,263.42498779296875,264.9375,4609484
2016-02-02 05:30:00+05:30,HDFCBANK.NS,266.25,266.3125,262.54998779296875,263.45001220703125,6528628
2016-02-03 05:30:00+05:30,HDFCBANK.NS,261.125,262.8500061035156,260.5,260.9624938964844,4850244
2016-02-04 05:30:00+05:30,HDFCBANK.NS,262.0,263.7250061035156,261.38751220703125,262.29998779296875,5675992
2016-02-05 05:30:00+05:30,HDFCBANK.NS,263.20001220703125,265.95001220703125,261.3999938964844,263.8125,7523904
2016-02-08 05:30:00+05:30,HDFCBANK.NS,263.75,264.5,257.57501220703125,258.9624938964844,3481924
2016-02-09 05:30:00+05:30,HDFCBANK.NS,256.67498779296875,257.88751220703125,255.16250610351562,256.51251220703125,5535460
2016-02-10 05:30:00+05:30,HDFCBANK.NS,255.97500610351562,257.5375061035156,252.52499389648438,253.2375030517578,7682280
2016-02-11 05:30:00+05:30,HDFCBANK.NS,252.5,253.25,242.0500030517578,243.8249969482422,8803600
2016-02-12 05:30:00+05:30,HDFCBANK.NS,244.75,246.6125030517578,241.5,242.85000610351562,12542144
2016-02-15 05:30:00+05:30,HDFCBANK.NS,245.0,247.0625,242.77499389648438,243.39999389648438,10912960
2016-02-16 05:30:00+05:30,HDFCBANK.NS,245.375,245.5,240.5,243.3625030517578,7136096
2016-02-17 05:30:00+05:30,HDFCBANK.NS,244.22500610351562,244.97500610351562,239.75,243.72500610351562,7503924
2016-02-18 05:30:00+05:30,HDFCBANK.NS,246.5,247.8125,244.25,247.3625030517578,6799856
2016-02-19 05:30:00+05:30,HDFCBANK.NS,247.1875,248.14999389648438,243.375,247.3249969482422,3328660
2016-02-22 05:30:00+05:30,HDFCBANK.NS,245.75,249.0,245.75,247.1875,4002396
2016-02-23 05:30:00+05:30,HDFCBANK.NS,246.22500610351562,246.375,241.5,242.5124969482422,6078320
2016-02-24 05:30:00+05:30,HDFCBANK.NS,240.0,240.72500610351562,236.60000610351562,237.39999389648438,6463468
2016-02-25 05:30:00+05:30,HDFCBANK.NS,238.5,239.3125,234.5500030517578,235.66250610351562,8463196
2016-02-26 05:30:00+05:30,HDFCBANK.NS,237.5,242.75,236.25,240.25,6209388
2016-02-29 05:30:00+05:30,HDFCBANK.NS,240.27499389648438,245.64999389648438,232.0,242.96249389648438,8812752
2016-03-01 05:30:00+05:30,HDFCBANK.NS,243.7375030517578,246.6875,242.96249389648438,246.03750610351562,4322560
2016-03-02 05:30:00+05:30,HDFCBANK.NS,249.5,252.72500610351562,248.75,251.8000030517578,6358976
2016-03-03 05:30:00+05:30,HDFCBANK.NS,252.6875,255.0,252.5,253.96249389648438,4610400
2016-03-04 05:30:00+05:30,HDFCBANK.NS,253.8625030517578,256.2250061035156,248.27499389648438,255.1374969482422,5704624
2016-03-08 05:30:00+05:30,HDFCBANK.NS,256.0,256.0,252.375,253.53750610351562,1913688
2016-03-09 05:30:00+05:30,HDFCBANK.NS,253.25,257.4750061035156,251.6875,256.20001220703125,6528172
2016-03-10 05:30:00+05:30,HDFCBANK.NS,256.20001220703125,256.4375,252.52499389648438,255.3125,2671392
2016-03-11 05:30:00+05:30,HDFCBANK.NS,254.97500610351562,257.70001220703125,253.25,257.17498779296875,4730856
2016-03-14 05:30:00+05:30,HDFCBANK.NS,257.0,259.48748779296875,256.3125,256.88751220703125,3008656
2016-03-15 05:30:00+05:30,HDFCBANK.NS,256.9750061035156,258.3500061035156,255.41250610351562,256.67498779296875,7690036
2016-03-16 05:30:00+05:30,HDFCBANK.NS,256.75,258.5625,254.7375030517578,257.61248779296875,4803548
2016-03-17 05:30:00+05:30,HDFCBANK.NS,258.73748779296875,259.75,252.78750610351562,254.60000610351562,5113484
2016-03-18 05:30:00+05:30,HDFCBANK.NS,255.7375030517578,258.0,253.83749389648438,257.1000061035156,4135068
2016-03-21 05:30:00+05:30,HDFCBANK.NS,258.25,261.8374938964844,258.0625,261.3999938964844,5318796
2016-03-22 05:30:00+05:30,HDFCBANK.NS,261.625,264.1499938964844,260.17498779296875,263.4624938964844,4120264
2016-03-23 05:30:00+05:30,HDFCBANK.NS,263.26251220703125,263.26251220703125,260.13751220703125,262.3374938964844,8464300
2016-03-28 05:30:00+05:30,HDFCBANK.NS,261.25,263.25,260.4125061035156,261.875,11270868
2016-03-29 05:30:00+05:30,HDFCBANK.NS,261.875,264.875,261.0625,263.45001220703125,6733952
2016-03-30 05:30:00+05:30,HDFCBANK.NS,264.5,267.4750061035156,263.4750061035156,266.23748779296875,7814380
2016-03-31 05:30:00+05:30,HDFCBANK.NS,266.7124938964844,269.7250061035156,266.26251220703125,267.7875061035156,20080392
2016-04-01 05:30:00+05:30,HDFCBANK.NS,267.20001220703125,269.1000061035156,264.20001220703125,266.11248779296875,5158648
2016-04-04 05:30:00+05:30,HDFCBANK.NS,266.29998779296875,268.20001220703125,266.0,267.26251220703125,6179960
2016-04-05 05:30:00+05:30,HDFCBANK.NS,267.25,269.2250061035156,263.9125061035156,264.36248779296875,6663028
2016-04-06 05:30:00+05:30,HDFCBANK.NS,265.25,266.73748779296875,264.1875,265.375,4295376
2016-04-07 05:30:00+05:30,HDFCBANK.NS,266.0,266.1875,261.76251220703125,263.875,3911692
2016-04-08 05:30:00+05:30,HDFCBANK.NS,263.75,265.8374938964844,263.5625,264.8374938964844,2962796
2016-04-11 05:30:00+05:30,HDFCBANK.NS,265.07501220703125,268.5249938964844,260.7124938964844,267.73748779296875,4049620
2016-04-12 05:30:00+05:30,HDFCBANK.NS,267.3999938964844,267.75,264.8125,265.75,4941480
2016-04-13 05:30:00+05:30,HDFCBANK.NS,268.0,271.23748779296875,267.375,270.4375,4974604
2016-04-18 05:30:00+05:30,HDFCBANK.NS,270.875,273.0,267.8999938964844,271.95001220703125,4117068
2016-04-20 05:30:00+05:30,HDFCBANK.NS,272.9750061035156,275.0,270.88751220703125,274.4624938964844,3821352
2016-04-21 05:30:00+05:30,HDFCBANK.NS,273.75,276.2875061035156,272.25,272.7875061035156,8191728
2016-04-22 05:30:00+05:30,HDFCBANK.NS,272.375,275.2124938964844,271.29998779296875,273.0375061035156,7809320
2016-04-25 05:30:00+05:30,HDFCBANK.NS,275.0,275.0,271.125,273.3125,5561960
2016-04-26 05:30:00+05:30,HDFCBANK.NS,273.75,278.75,273.125,278.4624938964844,7053796
2016-04-27 05:30:00+05:30,HDFCBANK.NS,277.4624938964844,281.25,277.25,281.04998779296875,5763636
2016-04-28 05:30:00+05:30,HDFCBANK.NS,281.04998779296875,284.17498779296875,277.5874938964844,278.48748779296875,8089584
2016-04-29 05:30:00+05:30,HDFCBANK.NS,278.45001220703125,284.0,276.54998779296875,283.0874938964844,5611940
2016-05-02 05:30:00+05:30,HDFCBANK.NS,281.9375,282.5,279.0,279.4125061035156,3862716
2016-05-03 05:30:00+05:30,HDFCBANK.NS,280.4750061035156,283.75,278.2875061035156,279.5,4695296
2016-05-04 05:30:00+05:30,HDFCBANK.NS,279.375,283.625,278.5625,281.8374938964844,5292328
2016-05-05 05:30:00+05:30,HDFCBANK.NS,282.0,283.6875,280.67498779296875,283.07501220703125,5214248
2016-05-06 05:30:00+05:30,HDFCBANK.NS,283.0,283.0625,279.3125,279.9125061035156,2733152
2016-05-09 05:30:00+05:30,HDFCBANK.NS,280.0,286.23748779296875,279.75,285.3500061035156,6953180
2016-05-10 05:30:00+05:30,HDFCBANK.NS,285.875,286.875,284.0249938964844,286.2250061035156,5453000
2016-05-11 05:30:00+05:30,HDFCBANK.NS,283.67498779296875,286.25,282.42498779296875,284.70001220703125,6147372
2016-05-12 05:30:00+05:30,HDFCBANK.NS,286.0,288.0,283.125,287.2749938964844,4221688
2016-05-13 05:30:00+05:30,HDFCBANK.NS,287.0,287.0,282.5,285.2250061035156,5045316
2016-05-16 05:30:00+05:30,HDFCBANK.NS,286.25,291.4750061035156,283.13751220703125,290.70001220703125,4518768
2016-05-17 05:30:00+05:30,HDFCBANK.NS,291.26251220703125,292.3125,287.82501220703125,288.36248779296875,4295424
2016-05-18 05:30:00+05:30,HDFCBANK.NS,287.75,287.75,282.875,285.1625061035156,4162644
2016-05-19 05:30:00+05:30,HDFCBANK.NS,285.0249938964844,285.67498779296875,283.0,284.82501220703125,3855796
2016-05-20 05:30:00+05:30,HDFCBANK.NS,284.98748779296875,287.125,283.3999938964844,285.2250061035156,2016632
2016-05-23 05:30:00+05:30,HDFCBANK.NS,285.48748779296875,287.48748779296875,283.29998779296875,284.1875,3463532
2016-05-24 05:30:00+05:30,HDFCBANK.NS,284.6000061035156,285.9125061035156,283.88751220703125,284.98748779296875,3259468
2016-05-25 05:30:00+05:30,HDFCBANK.NS,286.57501220703125,293.98748779296875,286.57501220703125,293.32501220703125,5767348
2016-05-26 05:30:00+05:30,HDFCBANK.NS,294.0249938964844,297.2250061035156,291.5625,295.8125,13705560
2016-05-27 05:30:00+05:30,HDFCBANK.NS,295.8125,297.5,294.17498779296875,296.70001220703125,5775184
2016-05-30 05:30:00+05:30,HDFCBANK.NS,296.75,298.75,294.5249938964844,294.9375,3814532
2016-05-31 05:30:00+05:30,HDFCBANK.NS,296.4750061035156,296.4750061035156,294.3500061035156,295.4750061035156,5515640
2016-06-01 05:30:00+05:30,HDFCBANK.NS,295.73748779296875,295.73748779296875,292.75,293.7875061035156,5675632
2016-06-02 05:30:00+05:30,HDFCBANK.NS,293.67498779296875,295.1499938964844,292.75,293.73748779296875,7910616
2016-06-03 05:30:00+05:30,HDFCBANK.NS,295.0249938964844,296.25,292.26251220703125,292.9375,4524420
2016-06-06 05:30:00+05:30,HDFCBANK.NS,294.0,295.6000061035156,292.51251220703125,292.7749938964844,5547308
2016-06-07 05:30:00+05:30,HDFCBANK.NS,294.23748779296875,295.0,291.9125061035156,293.42498779296875,5628504
2016-06-08 05:30:00+05:30,HDFCBANK.NS,293.95001220703125,294.5,290.25,290.6499938964844,4742812
2016-06-09 05:30:00+05:30,HDFCBANK.NS,290.625,291.04998779296875,288.125,289.8500061035156,4648184
2016-06-10 05:30:00+05:30,HDFCBANK.NS,289.6000061035156,293.17498779296875,289.04998779296875,290.3374938964844,6322312
2016-06-13 05:30:00+05:30,HDFCBANK.NS,288.6875,291.23748779296875,287.76251220703125,288.2250061035156,3323236
2016-06-14 05:30:00+05:30,HDFCBANK.NS,288.75,289.25,286.0625,287.9624938964844,3828768
2016-06-15 05:30:00+05:30,HDFCBANK.NS,288.75,292.7250061035156,288.29998779296875,292.38751220703125,3045824
2016-06-16 05:30:00+05:30,HDFCBANK.NS,291.63751220703125,292.2124938964844,288.8374938964844,290.5375061035156,4727768
2016-06-17 05:30:00+05:30,HDFCBANK.NS,291.75,294.5,291.38751220703125,292.5,3761652
2016-06-20 05:30:00+05:30,HDFCBANK.NS,289.75,294.8125,289.70001220703125,293.01251220703125,2742764
2016-06-21 05:30:00+05:30,HDFCBANK.NS,293.75,293.86248779296875,290.29998779296875,291.6625061035156,2670968
2016-06-22 05:30:00+05:30,HDFCBANK.NS,291.5,293.75,291.5,292.875,3803840
2016-06-23 05:30:00+05:30,HDFCBANK.NS,292.45001220703125,297.9624938964844,291.875,297.5249938964844,3926732
2016-06-24 05:30:00+05:30,HDFCBANK.NS,289.9624938964844,292.9750061035156,286.75,290.4750061035156,11173964
2016-06-27 05:30:00+05:30,HDFCBANK.NS,290.5,292.25,288.26251220703125,289.98748779296875,4163788
2016-06-28 05:30:00+05:30,HDFCBANK.NS,290.3125,293.2749938964844,287.5,291.73748779296875,4034980
2016-06-29 05:30:00+05:30,HDFCBANK.NS,291.25,292.375,289.92498779296875,292.07501220703125,5420668
2016-06-30 05:30:00+05:30,HDFCBANK.NS,292.75,295.0,290.5375061035156,294.11248779296875,16278892
2016-07-01 05:30:00+05:30,HDFCBANK.NS,295.0,296.25,292.95001220703125,293.625,4304876
2016-07-04 05:30:00+05:30,HDFCBANK.NS,294.54998779296875,294.875,292.8500061035156,293.20001220703125,7249852
2016-07-05 05:30:00+05:30,HDFCBANK.NS,293.20001220703125,293.57501220703125,290.5,291.3999938964844,2136328
2016-07-07 05:30:00+05:30,HDFCBANK.NS,291.9750061035156,297.1875,290.2250061035156,296.4125061035156,4832616
2016-07-08 05:30:00+05:30,HDFCBANK.NS,296.2749938964844,296.3999938964844,292.8125,293.7124938964844,3118868
2016-07-11 05:30:00+05:30,HDFCBANK.NS,296.5,300.4750061035156,295.26251220703125,299.9375,5102532
2016-07-12 05:30:00+05:30,HDFCBANK.NS,302.4750061035156,302.4750061035156,298.88751220703125,300.5375061035156,7046032
2016-07-13 05:30:00+05:30,HDFCBANK.NS,299.95001220703125,300.48748779296875,298.32501220703125,299.4375,6687072
2016-07-14 05:30:00+05:30,HDFCBANK.NS,300.25,300.5375061035156,298.04998779296875,300.0874938964844,3459668
2016-07-15 05:30:00+05:30,HDFCBANK.NS,300.95001220703125,306.5,298.7749938964844,305.92498779296875,5774216
2016-07-18 05:30:00+05:30,HDFCBANK.NS,306.25,309.625,305.6625061035156,306.86248779296875,4438484
2016-07-19 05:30:00+05:30,HDFCBANK.NS,307.25,307.6875,303.4624938964844,304.5874938964844,2586004
2016-07-20 05:30:00+05:30,HDFCBANK.NS,305.75,309.625,305.4375,308.04998779296875,4690332
2016-07-21 05:30:00+05:30,HDFCBANK.NS,307.67498779296875,309.9750061035156,305.625,307.1499938964844,9112904
2016-07-22 05:30:00+05:30,HDFCBANK.NS,308.3374938964844,308.6625061035156,305.375,307.70001220703125,5620272
2016-07-25 05:30:00+05:30,HDFCBANK.NS,308.25,312.36248779296875,306.75,311.73748779296875,9872884
2016-07-26 05:30:00+05:30,HDFCBANK.NS,310.6000061035156,311.4125061035156,308.7875061035156,309.70001220703125,5665992
2016-07-27 05:30:00+05:30,HDFCBANK.NS,310.25,311.88751220703125,307.5,309.23748779296875,10734736
2016-07-28 05:30:00+05:30,HDFCBANK.NS,309.5,312.8125,308.88751220703125,312.11248779296875,10646528
2016-07-29 05:30:00+05:30,HDFCBANK.NS,312.0,312.5,308.75,311.54998779296875,3395676
2016-08-01 05:30:00+05:30,HDFCBANK.NS,312.25,314.73748779296875,306.9125061035156,310.57501220703125,5560864
2016-08-02 05:30:00+05:30,HDFCBANK.NS,311.75,314.11248779296875,310.1000061035156,310.82501220703125,5329396
2016-08-03 05:30:00+05:30,HDFCBANK.NS,310.2749938964844,312.48748779296875,307.75,310.11248779296875,4733876
2016-08-04 05:30:00+05:30,HDFCBANK.NS,311.6499938964844,311.67498779296875,308.3999938964844,310.25,4662880
2016-08-05 05:30:00+05:30,HDFCBANK.NS,311.8500061035156,313.9125061035156,310.4375,312.3125,5784912
2016-08-08 05:30:00+05:30,HDFCBANK.NS,313.2250061035156,313.75,311.13751220703125,312.3999938964844,4728776
2016-08-09 05:30:00+05:30,HDFCBANK.NS,313.2250061035156,313.2250061035156,309.42498779296875,311.79998779296875,4210856
2016-08-10 05:30:00+05:30,HDFCBANK.NS,311.25,312.73748779296875,304.9375,306.7250061035156,3619720
2016-08-11 05:30:00+05:30,HDFCBANK.NS,306.70001220703125,308.75,305.5,307.0625,2856072
2016-08-12 05:30:00+05:30,HDFCBANK.NS,307.76251220703125,308.75,304.8500061035156,307.17498779296875,4641496
2016-08-16 05:30:00+05:30,HDFCBANK.NS,308.25,309.61248779296875,303.45001220703125,306.82501220703125,3468568
2016-08-17 05:30:00+05:30,HDFCBANK.NS,308.3500061035156,309.375,306.5,308.7250061035156,5511036
2016-08-18 05:30:00+05:30,HDFCBANK.NS,309.5,313.7250061035156,308.63751220703125,313.125,6111656
2016-08-19 05:30:00+05:30,HDFCBANK.NS,312.5,312.5,310.36248779296875,311.7749938964844,4110636
2016-08-22 05:30:00+05:30,HDFCBANK.NS,311.26251220703125,313.61248779296875,310.25,312.57501220703125,5501292
2016-08-23 05:30:00+05:30,HDFCBANK.NS,312.75,313.5,311.51251220703125,312.86248779296875,5314524
2016-08-24 05:30:00+05:30,HDFCBANK.NS,313.01251220703125,316.04998779296875,311.76251220703125,315.45001220703125,5570936
2016-08-25 05:30:00+05:30,HDFCBANK.NS,316.0,316.70001220703125,313.57501220703125,314.63751220703125,8729888
2016-08-26 05:30:00+05:30,HDFCBANK.NS,315.0,315.4750061035156,313.4750061035156,314.2749938964844,2521136
2016-08-29 05:30:00+05:30,HDFCBANK.NS,313.875,313.875,309.04998779296875,309.5249938964844,2944184
2016-08-30 05:30:00+05:30,HDFCBANK.NS,311.2749938964844,317.625,310.98748779296875,317.1625061035156,9867608
2016-08-31 05:30:00+05:30,HDFCBANK.NS,317.25,323.75,316.375,322.79998779296875,11161364
2016-09-01 05:30:00+05:30,HDFCBANK.NS,322.0,322.5,318.8500061035156,320.92498779296875,5224676
2016-09-02 05:30:00+05:30,HDFCBANK.NS,321.375,322.25,320.2875061035156,321.2749938964844,3955188
2016-09-06 05:30:00+05:30,HDFCBANK.NS,322.51251220703125,325.9750061035156,322.51251220703125,325.1000061035156,5508884
2016-09-07 05:30:00+05:30,HDFCBANK.NS,325.25,326.25,320.7749938964844,321.6875,4016444
2016-09-08 05:30:00+05:30,HDFCBANK.NS,322.5,323.8125,320.8999938964844,322.3500061035156,2905380
2016-09-09 05:30:00+05:30,HDFCBANK.NS,322.5,323.625,319.57501220703125,322.6000061035156,4013768
2016-09-12 05:30:00+05:30,HDFCBANK.NS,318.67498779296875,321.1000061035156,317.875,319.9750061035156,3985728
2016-09-14 05:30:00+05:30,HDFCBANK.NS,318.75,319.25,316.3500061035156,317.36248779296875,3849508
2016-09-15 05:30:00+05:30,HDFCBANK.NS,318.0,320.9750061035156,317.4624938964844,319.8999938964844,3501812
2016-09-16 05:30:00+05:30,HDFCBANK.NS,320.95001220703125,326.125,320.95001220703125,324.4624938964844,6525816
2016-09-19 05:30:00+05:30,HDFCBANK.NS,324.25,325.625,322.0,322.5375061035156,5894832
2016-09-20 05:30:00+05:30,HDFCBANK.NS,323.1625061035156,323.75,321.01251220703125,322.11248779296875,3778248
2016-09-21 05:30:00+05:30,HDFCBANK.NS,323.0,324.5,321.9750061035156,323.25,4256400
2016-09-22 05:30:00+05:30,HDFCBANK.NS,326.25,329.23748779296875,325.13751220703125,326.7250061035156,6555800
2016-09-23 05:30:00+05:30,HDFCBANK.NS,326.51251220703125,329.61248779296875,325.375,328.17498779296875,4876808
2016-09-26 05:30:00+05:30,HDFCBANK.NS,326.5249938964844,327.2250061035156,323.42498779296875,324.0375061035156,5576772
2016-09-27 05:30:00+05:30,HDFCBANK.NS,324.75,326.5375061035156,323.7124938964844,324.51251220703125,4056812
2016-09-28 05:30:00+05:30,HDFCBANK.NS,324.9750061035156,325.0,322.25,323.8125,4989652
2016-09-29 05:30:00+05:30,HDFCBANK.NS,324.48748779296875,326.5,316.98748779296875,319.375,16450012
2016-09-30 05:30:00+05:30,HDFCBANK.NS,319.2749938964844,320.25,316.8500061035156,318.2124938964844,4138428
2016-10-03 05:30:00+05:30,HDFCBANK.NS,320.25,322.4750061035156,319.1000061035156,321.79998779296875,3900548
2016-10-04 05:30:00+05:30,HDFCBANK.NS,322.1499938964844,323.75,320.57501220703125,322.38751220703125,2775512
2016-10-05 05:30:00+05:30,HDFCBANK.NS,324.5,325.01251220703125,319.1000061035156,321.5249938964844,3647020
2016-10-06 05:30:00+05:30,HDFCBANK.NS,321.7749938964844,323.8999938964844,319.76251220703125,320.48748779296875,2895712
2016-10-07 05:30:00+05:30,HDFCBANK.NS,321.0,321.9375,319.0625,320.1499938964844,3337464
2016-10-10 05:30:00+05:30,HDFCBANK.NS,321.25,321.9750061035156,319.6875,321.0874938964844,4719312
2016-10-13 05:30:00+05:30,HDFCBANK.NS,319.75,319.75,314.11248779296875,315.6875,4519356
2016-10-14 05:30:00+05:30,HDFCBANK.NS,316.4375,317.0,313.5,315.45001220703125,4067116
2016-10-17 05:30:00+05:30,HDFCBANK.NS,316.375,316.6000061035156,308.1875,309.42498779296875,5135360
2016-10-18 05:30:00+05:30,HDFCBANK.NS,310.79998779296875,315.0,309.75,314.4624938964844,2610968
2016-10-19 05:30:00+05:30,HDFCBANK.NS,315.2749938964844,315.75,312.0,314.5874938964844,3044904
2016-10-20 05:30:00+05:30,HDFCBANK.NS,315.0625,316.86248779296875,312.75,313.875,3200356
2016-10-21 05:30:00+05:30,HDFCBANK.NS,314.0,318.23748779296875,312.5,317.67498779296875,3956408
2016-10-24 05:30:00+05:30,HDFCBANK.NS,317.9375,319.2124938964844,315.26251220703125,315.88751220703125,3255664
2016-10-25 05:30:00+05:30,HDFCBANK.NS,317.0,317.0,311.01251220703125,312.57501220703125,5501796
2016-10-26 05:30:00+05:30,HDFCBANK.NS,310.8374938964844,316.25,308.76251220703125,309.82501220703125,5366540
2016-10-27 05:30:00+05:30,HDFCBANK.NS,309.75,314.25,306.0375061035156,313.0249938964844,11623860
2016-10-28 05:30:00+05:30,HDFCBANK.NS,313.625,315.4750061035156,310.0249938964844,314.76251220703125,5320536
2016-11-01 05:30:00+05:30,HDFCBANK.NS,314.0,315.9624938964844,311.76251220703125,314.95001220703125,3402416
2016-11-02 05:30:00+05:30,HDFCBANK.NS,312.7749938964844,313.92498779296875,310.375,311.5375061035156,6474432
2016-11-03 05:30:00+05:30,HDFCBANK.NS,311.25,315.0,307.9375,313.73748779296875,6315812
2016-11-04 05:30:00+05:30,HDFCBANK.NS,313.20001220703125,313.20001220703125,310.4375,310.92498779296875,5734920
2016-11-07 05:30:00+05:30,HDFCBANK.NS,313.0,313.7124938964844,310.0,312.36248779296875,5671392
2016-11-08 05:30:00+05:30,HDFCBANK.NS,312.7749938964844,314.5,310.0249938964844,313.57501220703125,5348164
2016-11-09 05:30:00+05:30,HDFCBANK.NS,300.0,314.3500061035156,298.8374938964844,312.8125,13645468
2016-11-10 05:30:00+05:30,HDFCBANK.NS,315.9375,320.75,313.5249938964844,319.63751220703125,10700736
2016-11-11 05:30:00+05:30,HDFCBANK.NS,318.5,320.5,316.3999938964844,318.95001220703125,7139320
2016-11-15 05:30:00+05:30,HDFCBANK.NS,319.375,322.25,312.6625061035156,313.6875,12512524
2016-11-16 05:30:00+05:30,HDFCBANK.NS,317.0,317.0,310.01251220703125,311.0874938964844,8647744
2016-11-17 05:30:00+05:30,HDFCBANK.NS,309.57501220703125,312.2250061035156,306.2875061035156,307.54998779296875,4815624
2016-11-18 05:30:00+05:30,HDFCBANK.NS,309.0,309.0,302.29998779296875,302.8500061035156,6879900
2016-11-21 05:30:00+05:30,HDFCBANK.NS,304.875,304.875,297.0874938964844,299.67498779296875,5552520
2016-11-22 05:30:00+05:30,HDFCBANK.NS,301.70001220703125,301.70001220703125,297.3374938964844,299.51251220703125,10017784
2016-11-23 05:30:00+05:30,HDFCBANK.NS,300.75,300.75,295.2749938964844,296.1875,3532692
2016-11-24 05:30:00+05:30,HDFCBANK.NS,296.0,296.57501220703125,290.2250061035156,291.375,15285996
2016-11-25 05:30:00+05:30,HDFCBANK.NS,292.25,298.29998779296875,289.5,297.32501220703125,5969960
2016-11-28 05:30:00+05:30,HDFCBANK.NS,295.0625,299.7250061035156,294.5249938964844,296.11248779296875,4130180
2016-11-29 05:30:00+05:30,HDFCBANK.NS,296.17498779296875,298.23748779296875,294.125,294.6875,3932644
2016-11-30 05:30:00+05:30,HDFCBANK.NS,296.25,300.5,295.2749938964844,299.8999938964844,6442840
2016-12-01 05:30:00+05:30,HDFCBANK.NS,300.57501220703125,301.9750061035156,298.25,299.3125,4476984
2016-12-02 05:30:00+05:30,HDFCBANK.NS,297.25,300.48748779296875,294.17498779296875,297.2749938964844,4062672
2016-12-05 05:30:00+05:30,HDFCBANK.NS,296.8999938964844,299.73748779296875,294.125,299.0874938964844,4551936
2016-12-06 05:30:00+05:30,HDFCBANK.NS,298.75,300.7124938964844,297.54998779296875,298.61248779296875,2702964
2016-12-07 05:30:00+05:30,HDFCBANK.NS,300.4624938964844,301.4750061035156,291.75,295.3999938964844,5628192
2016-12-08 05:30:00+05:30,HDFCBANK.NS,296.75,301.38751220703125,296.75,299.875,4309696
2016-12-09 05:30:00+05:30,HDFCBANK.NS,299.7749938964844,300.57501220703125,297.0,299.57501220703125,4387952
2016-12-12 05:30:00+05:30,HDFCBANK.NS,298.0,298.0375061035156,295.2749938964844,296.11248779296875,3425272
2016-12-13 05:30:00+05:30,HDFCBANK.NS,295.0625,297.5874938964844,294.63751220703125,296.5625,2526868
2016-12-14 05:30:00+05:30,HDFCBANK.NS,296.75,297.0,293.3500061035156,293.92498779296875,4314144
2016-12-15 05:30:00+05:30,HDFCBANK.NS,291.04998779296875,298.625,290.8999938964844,294.1499938964844,4941488
2016-12-16 05:30:00+05:30,HDFCBANK.NS,294.1499938964844,296.25,292.88751220703125,295.57501220703125,3255828
2016-12-19 05:30:00+05:30,HDFCBANK.NS,294.20001220703125,294.875,292.625,294.1875,3160436
2016-12-20 05:30:00+05:30,HDFCBANK.NS,294.0,296.25,292.92498779296875,295.4750061035156,4189992
2016-12-21 05:30:00+05:30,HDFCBANK.NS,296.0,296.25,293.75,295.0,2658876
2016-12-22 05:30:00+05:30,HDFCBANK.NS,294.1000061035156,294.875,292.1000061035156,293.2749938964844,2805716
2016-12-23 05:30:00+05:30,HDFCBANK.NS,292.75,297.3125,292.32501220703125,296.5625,4752516
2016-12-26 05:30:00+05:30,HDFCBANK.NS,294.63751220703125,296.5249938964844,292.5249938964844,293.75,4183864
2016-12-27 05:30:00+05:30,HDFCBANK.NS,294.82501220703125,296.7250061035156,293.4750061035156,296.29998779296875,4899296
2016-12-28 05:30:00+05:30,HDFCBANK.NS,297.4750061035156,298.73748779296875,295.25,296.6875,6507840
2016-12-29 05:30:00+05:30,HDFCBANK.NS,296.25,301.98748779296875,295.36248779296875,301.29998779296875,8100816
2016-12-30 05:30:00+05:30,HDFCBANK.NS,300.0,303.0,299.98748779296875,301.54998779296875,4066540
2017-01-02 05:30:00+05:30,HDFCBANK.NS,302.36248779296875,302.5249938964844,298.01251220703125,299.2749938964844,3708656
2017-01-03 05:30:00+05:30,HDFCBANK.NS,300.20001220703125,300.48748779296875,296.4375,297.4750061035156,3847500
2017-01-04 05:30:00+05:30,HDFCBANK.NS,297.4624938964844,298.0,295.95001220703125,296.375,6967120
2017-01-05 05:30:00+05:30,HDFCBANK.NS,297.25,298.625,295.7749938964844,296.54998779296875,6776384
2017-01-06 05:30:00+05:30,HDFCBANK.NS,297.5249938964844,299.6000061035156,297.04998779296875,298.4125061035156,5525260
2017-01-09 05:30:00+05:30,HDFCBANK.NS,299.7124938964844,301.0375061035156,298.0375061035156,298.79998779296875,4573796
2017-01-10 05:30:00+05:30,HDFCBANK.NS,299.04998779296875,304.20001220703125,298.82501220703125,303.5874938964844,5546116
2017-01-11 05:30:00+05:30,HDFCBANK.NS,304.375,309.5249938964844,303.875,308.5,9343404
2017-01-12 05:30:00+05:30,HDFCBANK.NS,308.75,310.92498779296875,306.375,308.75,2916316
2017-01-13 05:30:00+05:30,HDFCBANK.NS,309.75,309.92498779296875,307.1499938964844,308.125,3850412
2017-01-16 05:30:00+05:30,HDFCBANK.NS,308.375,312.36248779296875,308.20001220703125,311.9125061035156,3765864
2017-01-17 05:30:00+05:30,HDFCBANK.NS,311.75,313.1000061035156,309.0625,309.625,3559612
2017-01-18 05:30:00+05:30,HDFCBANK.NS,310.2250061035156,314.0,310.2124938964844,310.6499938964844,4612888
2017-01-19 05:30:00+05:30,HDFCBANK.NS,311.2250061035156,311.2250061035156,308.75,309.07501220703125,3512412
2017-01-20 05:30:00+05:30,HDFCBANK.NS,309.0,311.25,307.5,309.0874938964844,13942068
2017-01-23 05:30:00+05:30,HDFCBANK.NS,309.0,312.5,308.95001220703125,311.1625061035156,4793848
2017-01-24 05:30:00+05:30,HDFCBANK.NS,312.5,317.875,312.3125,316.88751220703125,10261864
2017-01-25 05:30:00+05:30,HDFCBANK.NS,318.1499938964844,323.8999938964844,317.5249938964844,322.6499938964844,15636984
2017-01-27 05:30:00+05:30,HDFCBANK.NS,324.75,325.0,322.0,322.9750061035156,6852236
2017-01-30 05:30:00+05:30,HDFCBANK.NS,323.23748779296875,323.23748779296875,320.13751220703125,321.23748779296875,5319628
2017-01-31 05:30:00+05:30,HDFCBANK.NS,320.6000061035156,323.17498779296875,319.25,321.6625061035156,6101040
2017-02-01 05:30:00+05:30,HDFCBANK.NS,321.54998779296875,327.5,320.125,326.42498779296875,10910664
2017-02-02 05:30:00+05:30,HDFCBANK.NS,326.42498779296875,326.42498779296875,323.1499938964844,324.67498779296875,5971636
2017-02-03 05:30:00+05:30,HDFCBANK.NS,324.75,329.0,324.125,327.76251220703125,8005104
2017-02-06 05:30:00+05:30,HDFCBANK.NS,328.07501220703125,330.0,327.86248779296875,328.5249938964844,4310220
2017-02-07 05:30:00+05:30,HDFCBANK.NS,329.0,329.5,325.73748779296875,326.7875061035156,3411920
2017-02-08 05:30:00+05:30,HDFCBANK.NS,326.88751220703125,329.67498779296875,324.5375061035156,326.4125061035156,4940960
2017-02-09 05:30:00+05:30,HDFCBANK.NS,327.3500061035156,329.9750061035156,323.13751220703125,324.4125061035156,4465376
2017-02-10 05:30:00+05:30,HDFCBANK.NS,324.5874938964844,327.1875,324.5,325.8999938964844,3296736
2017-02-13 05:30:00+05:30,HDFCBANK.NS,326.88751220703125,328.75,324.79998779296875,327.54998779296875,2795792
2017-02-14 05:30:00+05:30,HDFCBANK.NS,328.5,328.5,326.0,327.7749938964844,2446060
2017-02-15 05:30:00+05:30,HDFCBANK.NS,328.0,331.0,326.86248779296875,330.54998779296875,6126940
2017-02-16 05:30:00+05:30,HDFCBANK.NS,330.75,333.25,330.0625,331.9750061035156,5043700
2017-02-17 05:30:00+05:30,HDFCBANK.NS,361.25,363.5,340.11248779296875,344.26251220703125,402259960
2017-02-20 05:30:00+05:30,HDFCBANK.NS,340.29998779296875,353.86248779296875,339.7875061035156,352.2749938964844,10566716
2017-02-21 05:30:00+05:30,HDFCBANK.NS,351.51251220703125,355.45001220703125,349.3500061035156,353.88751220703125,6260028
2017-02-22 05:30:00+05:30,HDFCBANK.NS,353.75,354.70001220703125,348.7124938964844,349.7875061035156,5296776
2017-02-23 05:30:00+05:30,HDFCBANK.NS,350.95001220703125,355.3374938964844,346.76251220703125,348.57501220703125,34494980
2017-02-27 05:30:00+05:30,HDFCBANK.NS,347.7250061035156,349.5874938964844,344.6499938964844,348.3999938964844,4681376
2017-02-28 05:30:00+05:30,HDFCBANK.NS,348.2250061035156,349.0625,346.125,347.5249938964844,2928008
2017-03-01 05:30:00+05:30,HDFCBANK.NS,349.11248779296875,349.125,346.6000061035156,347.9125061035156,3481736
2017-03-02 05:30:00+05:30,HDFCBANK.NS,348.63751220703125,349.0,344.0625,345.0249938964844,4601988
2017-03-03 05:30:00+05:30,HDFCBANK.NS,346.125,346.125,342.25,344.25,2492824
2017-03-06 05:30:00+05:30,HDFCBANK.NS,344.20001220703125,347.4750061035156,343.2749938964844,345.1875,3679124
2017-03-07 05:30:00+05:30,HDFCBANK.NS,345.5625,346.875,344.04998779296875,346.54998779296875,3112876
2017-03-08 05:30:00+05:30,HDFCBANK.NS,346.9750061035156,349.79998779296875,345.26251220703125,348.04998779296875,3782144
2017-03-09 05:30:00+05:30,HDFCBANK.NS,345.4125061035156,349.67498779296875,345.4125061035156,348.54998779296875,3509316
2017-03-10 05:30:00+05:30,HDFCBANK.NS,348.75,352.0,348.2875061035156,350.0249938964844,5860704
2017-03-14 05:30:00+05:30,HDFCBANK.NS,355.5249938964844,356.0375061035156,351.6625061035156,352.67498779296875,7155020
2017-03-15 05:30:00+05:30,HDFCBANK.NS,352.73748779296875,355.0,352.63751220703125,354.1499938964844,4271860
2017-03-16 05:30:00+05:30,HDFCBANK.NS,354.5249938964844,355.7124938964844,353.4125061035156,354.3374938964844,4980108
2017-03-17 05:30:00+05:30,HDFCBANK.NS,354.63751220703125,356.875,353.2124938964844,356.4624938964844,3390464
2017-03-20 05:30:00+05:30,HDFCBANK.NS,356.6625061035156,359.9624938964844,356.48748779296875,359.0249938964844,8142344
2017-03-21 05:30:00+05:30,HDFCBANK.NS,358.5,361.25,358.5,360.23748779296875,5557280
2017-03-22 05:30:00+05:30,HDFCBANK.NS,356.92498779296875,359.25,356.45001220703125,357.7250061035156,5636544
2017-03-23 05:30:00+05:30,HDFCBANK.NS,358.6000061035156,358.75,355.7250061035156,357.7250061035156,4922472
2017-03-24 05:30:00+05:30,HDFCBANK.NS,358.25,358.61248779296875,355.5,356.0874938964844,3810364
2017-03-27 05:30:00+05:30,HDFCBANK.NS,356.0,356.0,351.01251220703125,352.4624938964844,5864084
2017-03-28 05:30:00+05:30,HDFCBANK.NS,354.57501220703125,356.17498779296875,353.2749938964844,355.04998779296875,8061400
2017-03-29 05:30:00+05:30,HDFCBANK.NS,355.20001220703125,358.70001220703125,355.0,357.1499938964844,8575772
2017-03-30 05:30:00+05:30,HDFCBANK.NS,357.0,369.98748779296875,356.26251220703125,366.54998779296875,34321092
2017-03-31 05:30:00+05:30,HDFCBANK.NS,363.45001220703125,363.5,359.13751220703125,360.63751220703125,9651392
2017-04-03 05:30:00+05:30,HDFCBANK.NS,361.5,362.5249938964844,356.5,358.29998779296875,4149052
2017-04-05 05:30:00+05:30,HDFCBANK.NS,358.8125,361.625,356.88751220703125,358.0874938964844,5744080
2017-04-06 05:30:00+05:30,HDFCBANK.NS,357.875,360.75,356.26251220703125,359.625,6124416
2017-04-07 05:30:00+05:30,HDFCBANK.NS,357.76251220703125,361.25,357.1499938964844,359.7124938964844,4648360
2017-04-10 05:30:00+05:30,HDFCBANK.NS,360.75,360.75,358.1625061035156,358.5375061035156,3393876
2017-04-11 05:30:00+05:30,HDFCBANK.NS,358.5,360.29998779296875,357.875,359.875,4356260
2017-04-12 05:30:00+05:30,HDFCBANK.NS,359.75,362.48748779296875,358.875,360.92498779296875,3565092
2017-04-13 05:30:00+05:30,HDFCBANK.NS,360.75,362.2250061035156,359.26251220703125,360.07501220703125,4804236
2017-04-17 05:30:00+05:30,HDFCBANK.NS,360.07501220703125,360.95001220703125,357.0625,359.20001220703125,7137056
2017-04-18 05:30:00+05:30,HDFCBANK.NS,360.0,363.75,359.5,361.82501220703125,3638860
2017-04-19 05:30:00+05:30,HDFCBANK.NS,361.75,364.1875,359.5,362.25,4338144
2017-04-20 05:30:00+05:30,HDFCBANK.NS,363.25,366.51251220703125,363.23748779296875,365.5375061035156,5781372
2017-04-21 05:30:00+05:30,HDFCBANK.NS,366.5,374.75,363.32501220703125,374.1499938964844,17258032
2017-04-24 05:30:00+05:30,HDFCBANK.NS,374.5249938964844,384.75,374.25,383.26251220703125,20206952
2017-04-25 05:30:00+05:30,HDFCBANK.NS,383.76251220703125,386.375,382.3999938964844,384.26251220703125,9057780
2017-04-26 05:30:00+05:30,HDFCBANK.NS,385.73748779296875,388.25,367.11248779296875,387.6625061035156,7795852
2017-04-27 05:30:00+05:30,HDFCBANK.NS,386.5249938964844,393.48748779296875,386.5249938964844,392.1499938964844,16180420
2017-04-28 05:30:00+05:30,HDFCBANK.NS,389.9750061035156,389.9750061035156,384.2749938964844,386.625,5437728
2017-05-02 05:30:00+05:30,HDFCBANK.NS,386.75,387.7250061035156,382.5874938964844,385.1499938964844,4007040
2017-05-03 05:30:00+05:30,HDFCBANK.NS,388.5625,388.5625,384.8374938964844,386.07501220703125,2507964
2017-05-04 05:30:00+05:30,HDFCBANK.NS,384.8125,385.7250061035156,380.6499938964844,383.70001220703125,5131028
2017-05-05 05:30:00+05:30,HDFCBANK.NS,385.5249938964844,385.7250061035156,381.57501220703125,383.04998779296875,2757896
2017-05-08 05:30:00+05:30,HDFCBANK.NS,384.5,385.0,382.13751220703125,383.70001220703125,3747252
2017-05-09 05:30:00+05:30,HDFCBANK.NS,383.70001220703125,386.3999938964844,383.1625061035156,383.9375,3345836
2017-05-10 05:30:00+05:30,HDFCBANK.NS,385.0,388.75,384.26251220703125,387.95001220703125,2342244
2017-05-11 05:30:00+05:30,HDFCBANK.NS,387.75,390.0,385.25,386.6000061035156,3875744
2017-05-12 05:30:00+05:30,HDFCBANK.NS,386.4750061035156,389.2250061035156,384.04998779296875,387.9125061035156,6147604
2017-05-15 05:30:00+05:30,HDFCBANK.NS,387.5,389.29998779296875,385.5625,388.3500061035156,2804780
2017-05-16 05:30:00+05:30,HDFCBANK.NS,388.75,390.5,387.0625,389.9125061035156,3590376
2017-05-17 05:30:00+05:30,HDFCBANK.NS,389.70001220703125,391.3500061035156,387.875,389.2875061035156,3472472
2017-05-18 05:30:00+05:30,HDFCBANK.NS,387.25,390.375,387.0249938964844,389.2749938964844,3107280
2017-05-19 05:30:00+05:30,HDFCBANK.NS,389.875,392.4750061035156,386.3125,390.3125,2854136
2017-05-22 05:30:00+05:30,HDFCBANK.NS,391.2749938964844,395.0,390.7749938964844,394.0,2860052
2017-05-23 05:30:00+05:30,HDFCBANK.NS,395.0,395.88751220703125,391.25,392.2749938964844,3080172
2017-05-24 05:30:00+05:30,HDFCBANK.NS,392.26251220703125,393.86248779296875,390.5,391.6875,3467388
2017-05-25 05:30:00+05:30,HDFCBANK.NS,391.7749938964844,407.3500061035156,391.7749938964844,404.2875061035156,20090804
2017-05-26 05:30:00+05:30,HDFCBANK.NS,401.6625061035156,408.0,400.2749938964844,406.5,5443156
2017-05-29 05:30:00+05:30,HDFCBANK.NS,404.95001220703125,412.0,404.4125061035156,407.9750061035156,5916340
2017-05-30 05:30:00+05:30,HDFCBANK.NS,407.5,408.375,404.0375061035156,407.26251220703125,4434184
2017-05-31 05:30:00+05:30,HDFCBANK.NS,406.25,410.75,405.7875061035156,409.04998779296875,5318912
2017-06-01 05:30:00+05:30,HDFCBANK.NS,409.75,409.9624938964844,405.13751220703125,407.1499938964844,3359540
2017-06-02 05:30:00+05:30,HDFCBANK.NS,408.5,411.5249938964844,406.54998779296875,408.5625,3213544
2017-06-05 05:30:00+05:30,HDFCBANK.NS,408.42498779296875,409.73748779296875,406.25,408.88751220703125,2899900
2017-06-06 05:30:00+05:30,HDFCBANK.NS,408.75,410.95001220703125,407.5,409.73748779296875,5002632
2017-06-07 05:30:00+05:30,HDFCBANK.NS,410.1000061035156,411.2250061035156,407.5874938964844,410.20001220703125,2554276
2017-06-08 05:30:00+05:30,HDFCBANK.NS,410.9750061035156,414.8500061035156,410.4125061035156,411.1875,4248768
2017-06-09 05:30:00+05:30,HDFCBANK.NS,410.0249938964844,417.5,410.0249938964844,416.70001220703125,5305272
2017-06-12 05:30:00+05:30,HDFCBANK.NS,416.0,419.0,415.0,417.1875,3971412
2017-06-13 05:30:00+05:30,HDFCBANK.NS,415.4375,422.9750061035156,415.25,419.17498779296875,5051620
2017-06-14 05:30:00+05:30,HDFCBANK.NS,418.75,419.98748779296875,416.75,417.79998779296875,3858360
2017-06-15 05:30:00+05:30,HDFCBANK.NS,417.0,418.8999938964844,413.3999938964844,416.0874938964844,3526692
2017-06-16 05:30:00+05:30,HDFCBANK.NS,416.25,418.67498779296875,414.5249938964844,417.3125,3755104
2017-06-19 05:30:00+05:30,HDFCBANK.NS,417.75,424.0,417.1000061035156,423.2250061035156,3825532
2017-06-20 05:30:00+05:30,HDFCBANK.NS,422.5,423.5,419.9624938964844,421.63751220703125,3660264
2017-06-21 05:30:00+05:30,HDFCBANK.NS,420.6499938964844,425.3125,419.8999938964844,424.67498779296875,3410932
2017-06-22 05:30:00+05:30,HDFCBANK.NS,423.73748779296875,429.0,422.79998779296875,424.5,6675460
2017-06-23 05:30:00+05:30,HDFCBANK.NS,425.5,425.6875,418.79998779296875,419.6625061035156,5217468
2017-06-27 05:30:00+05:30,HDFCBANK.NS,422.25,423.75,414.0625,416.9125061035156,6000432
2017-06-28 05:30:00+05:30,HDFCBANK.NS,416.25,418.75,414.45001220703125,416.61248779296875,4449036
2017-06-29 05:30:00+05:30,HDFCBANK.NS,416.75,420.4750061035156,412.7749938964844,415.76251220703125,9187708
2017-06-30 05:30:00+05:30,HDFCBANK.NS,413.45001220703125,415.0,410.75,413.01251220703125,4330432
2017-07-03 05:30:00+05:30,HDFCBANK.NS,413.1499938964844,416.875,411.8125,414.6499938964844,3504332
2017-07-04 05:30:00+05:30,HDFCBANK.NS,415.0625,416.67498779296875,413.0,413.3374938964844,3766080
2017-07-05 05:30:00+05:30,HDFCBANK.NS,413.2749938964844,414.875,411.25,412.1875,4014200
2017-07-06 05:30:00+05:30,HDFCBANK.NS,413.13751220703125,415.75,412.8374938964844,414.5375061035156,4571676
2017-07-07 05:30:00+05:30,HDFCBANK.NS,415.2124938964844,417.3999938964844,414.5,416.79998779296875,5517396
2017-07-10 05:30:00+05:30,HDFCBANK.NS,417.0,437.0,415.26251220703125,419.0874938964844,1309252
2017-07-11 05:30:00+05:30,HDFCBANK.NS,419.38751220703125,422.70001220703125,416.7749938964844,420.1000061035156,4410280
2017-07-12 05:30:00+05:30,HDFCBANK.NS,420.0,421.25,414.63751220703125,420.3125,5738892
2017-07-13 05:30:00+05:30,HDFCBANK.NS,422.0,423.32501220703125,419.9125061035156,420.88751220703125,4481004
2017-07-14 05:30:00+05:30,HDFCBANK.NS,420.9750061035156,421.51251220703125,418.0,419.98748779296875,2443252
2017-07-17 05:30:00+05:30,HDFCBANK.NS,420.63751220703125,421.9125061035156,419.25,420.5874938964844,2399340
2017-07-18 05:30:00+05:30,HDFCBANK.NS,419.92498779296875,421.9624938964844,419.3374938964844,420.88751220703125,2322188
2017-07-19 05:30:00+05:30,HDFCBANK.NS,421.25,424.04998779296875,420.4624938964844,423.07501220703125,3987244
2017-07-20 05:30:00+05:30,HDFCBANK.NS,423.4750061035156,428.75,422.0375061035156,427.7250061035156,3698476
2017-07-21 05:30:00+05:30,HDFCBANK.NS,428.5249938964844,428.8125,425.0,425.76251220703125,3873508
2017-07-24 05:30:00+05:30,HDFCBANK.NS,427.5,435.0,423.75,433.7749938964844,19678176
2017-07-25 05:30:00+05:30,HDFCBANK.NS,439.75,439.75,433.26251220703125,434.9125061035156,11160468
2017-07-26 05:30:00+05:30,HDFCBANK.NS,435.5,438.75,433.125,436.88751220703125,3895344
2017-07-27 05:30:00+05:30,HDFCBANK.NS,439.0,449.70001220703125,437.88751220703125,447.4125061035156,17961712
2017-07-28 05:30:00+05:30,HDFCBANK.NS,443.0,446.625,440.2749938964844,444.625,9255396
2017-07-31 05:30:00+05:30,HDFCBANK.NS,444.38751220703125,447.75,441.63751220703125,446.1000061035156,7369140
2017-08-01 05:30:00+05:30,HDFCBANK.NS,445.4624938964844,452.2875061035156,443.04998779296875,449.29998779296875,8516860
2017-08-02 05:30:00+05:30,HDFCBANK.NS,451.75,451.75,445.51251220703125,447.9125061035156,7397916
2017-08-03 05:30:00+05:30,HDFCBANK.NS,447.0,448.0,443.6000061035156,444.98748779296875,4256784
2017-08-04 05:30:00+05:30,HDFCBANK.NS,444.25,449.1875,441.5375061035156,447.5625,3545068
2017-08-07 05:30:00+05:30,HDFCBANK.NS,446.5,449.11248779296875,446.25,447.13751220703125,1918660
2017-08-08 05:30:00+05:30,HDFCBANK.NS,448.0249938964844,449.3125,441.5249938964844,444.4750061035156,4035372
2017-08-09 05:30:00+05:30,HDFCBANK.NS,442.75,444.26251220703125,439.5874938964844,441.11248779296875,3270056
2017-08-10 05:30:00+05:30,HDFCBANK.NS,440.0,441.5,438.2124938964844,440.11248779296875,7788444
2017-08-11 05:30:00+05:30,HDFCBANK.NS,436.25,439.5,432.7875061035156,437.26251220703125,6359836
2017-08-14 05:30:00+05:30,HDFCBANK.NS,438.25,443.73748779296875,437.0,439.29998779296875,3577084
2017-08-16 05:30:00+05:30,HDFCBANK.NS,440.5874938964844,447.45001220703125,437.13751220703125,445.3125,4426832
2017-08-17 05:30:00+05:30,HDFCBANK.NS,444.0625,445.23748779296875,438.4375,441.3500061035156,5454868
2017-08-18 05:30:00+05:30,HDFCBANK.NS,440.0,440.25,435.75,438.0375061035156,3707464
2017-08-21 05:30:00+05:30,HDFCBANK.NS,438.5,439.75,434.54998779296875,435.79998779296875,4009724
2017-08-22 05:30:00+05:30,HDFCBANK.NS,437.82501220703125,438.5,434.20001220703125,436.75,6609556
2017-08-23 05:30:00+05:30,HDFCBANK.NS,437.5,444.48748779296875,437.5,443.11248779296875,3360524
2017-08-24 05:30:00+05:30,HDFCBANK.NS,443.7250061035156,443.73748779296875,439.7875061035156,440.625,7878276
2017-08-28 05:30:00+05:30,HDFCBANK.NS,440.6000061035156,442.7875061035156,439.5874938964844,440.5625,1507784
2017-08-29 05:30:00+05:30,HDFCBANK.NS,439.75,439.75,434.5,436.5375061035156,4918596
2017-08-30 05:30:00+05:30,HDFCBANK.NS,437.98748779296875,442.5,437.51251220703125,442.13751220703125,2694320
2017-08-31 05:30:00+05:30,HDFCBANK.NS,443.0,444.9624938964844,439.1000061035156,444.11248779296875,7303436
2017-09-01 05:30:00+05:30,HDFCBANK.NS,445.25,445.36248779296875,440.2749938964844,441.8999938964844,2295172
2017-09-04 05:30:00+05:30,HDFCBANK.NS,441.25,441.25,436.5249938964844,437.7250061035156,3642524
2017-09-05 05:30:00+05:30,HDFCBANK.NS,439.25,441.2250061035156,437.75,438.8374938964844,3682436
2017-09-06 05:30:00+05:30,HDFCBANK.NS,435.9375,440.70001220703125,434.5,439.9750061035156,5751632
2017-09-07 05:30:00+05:30,HDFCBANK.NS,440.0249938964844,444.1875,440.0249938964844,441.63751220703125,6946420
2017-09-08 05:30:00+05:30,HDFCBANK.NS,443.3500061035156,447.5,442.75,446.9125061035156,8311664
2017-09-11 05:30:00+05:30,HDFCBANK.NS,448.25,457.25,447.54998779296875,455.8374938964844,11477676
2017-09-12 05:30:00+05:30,HDFCBANK.NS,456.92498779296875,459.9750061035156,454.57501220703125,458.79998779296875,6687680
2017-09-13 05:30:00+05:30,HDFCBANK.NS,458.75,462.25,456.0,460.4624938964844,4995376
2017-09-14 05:30:00+05:30,HDFCBANK.NS,460.0375061035156,463.125,457.875,459.8500061035156,8154016
2017-09-15 05:30:00+05:30,HDFCBANK.NS,459.0,462.95001220703125,458.36248779296875,462.23748779296875,3767332
2017-09-18 05:30:00+05:30,HDFCBANK.NS,463.38751220703125,466.11248779296875,463.125,465.11248779296875,4084928
2017-09-19 05:30:00+05:30,HDFCBANK.NS,466.2250061035156,467.0,461.88751220703125,462.42498779296875,4241468
2017-09-20 05:30:00+05:30,HDFCBANK.NS,462.0,465.36248779296875,461.3125,462.2124938964844,3446128
2017-09-21 05:30:00+05:30,HDFCBANK.NS,462.0,462.125,457.67498779296875,459.7749938964844,7712496
2017-09-22 05:30:00+05:30,HDFCBANK.NS,458.70001220703125,459.73748779296875,455.0,456.0249938964844,8243524
2017-09-25 05:30:00+05:30,HDFCBANK.NS,455.61248779296875,455.61248779296875,448.1499938964844,449.9375,10149228
2017-09-26 05:30:00+05:30,HDFCBANK.NS,447.26251220703125,449.1499938964844,446.25,448.07501220703125,11438732
2017-09-27 05:30:00+05:30,HDFCBANK.NS,449.0,451.3999938964844,442.5,444.125,7337220
2017-09-28 05:30:00+05:30,HDFCBANK.NS,443.5,449.75,440.82501220703125,448.82501220703125,27646464
2017-09-29 05:30:00+05:30,HDFCBANK.NS,450.0249938964844,455.5,449.0625,451.42498779296875,6213632
2017-10-03 05:30:00+05:30,HDFCBANK.NS,452.0,455.25,449.2749938964844,452.2124938964844,4394424
2017-10-04 05:30:00+05:30,HDFCBANK.NS,451.9750061035156,452.9750061035156,448.3374938964844,449.25,6625104
2017-10-05 05:30:00+05:30,HDFCBANK.NS,448.75,451.25,448.2749938964844,449.6499938964844,3336196
2017-10-06 05:30:00+05:30,HDFCBANK.NS,449.5,451.11248779296875,448.5,450.0249938964844,3030660
2017-10-09 05:30:00+05:30,HDFCBANK.NS,449.70001220703125,450.75,447.625,448.875,3062492
2017-10-10 05:30:00+05:30,HDFCBANK.NS,449.75,453.73748779296875,448.1625061035156,450.67498779296875,3798180
2017-10-11 05:30:00+05:30,HDFCBANK.NS,450.8125,453.8125,446.8999938964844,447.5375061035156,5267440
2017-10-12 05:30:00+05:30,HDFCBANK.NS,448.7749938964844,455.36248779296875,447.0,454.70001220703125,5381560
2017-10-13 05:30:00+05:30,HDFCBANK.NS,456.67498779296875,464.13751220703125,455.5,462.70001220703125,6433464
2017-10-16 05:30:00+05:30,HDFCBANK.NS,465.0,468.3125,460.5,464.2875061035156,3274544
2017-10-17 05:30:00+05:30,HDFCBANK.NS,462.5,463.42498779296875,459.7749938964844,462.8125,2613288
2017-10-18 05:30:00+05:30,HDFCBANK.NS,460.25,468.75,459.75,467.125,3926720
2017-10-19 05:30:00+05:30,HDFCBANK.NS,465.45001220703125,466.25,460.1625061035156,462.1000061035156,570008
2017-10-23 05:30:00+05:30,HDFCBANK.NS,464.9750061035156,467.42498779296875,459.01251220703125,465.82501220703125,4162892
2017-10-24 05:30:00+05:30,HDFCBANK.NS,465.75,469.8999938964844,463.25,466.7749938964844,11328872
2017-10-25 05:30:00+05:30,HDFCBANK.NS,465.0,465.75,446.25,448.7749938964844,21367208
2017-10-26 05:30:00+05:30,HDFCBANK.NS,442.0,452.5,439.4624938964844,448.8374938964844,28571464
2017-10-27 05:30:00+05:30,HDFCBANK.NS,451.1000061035156,451.875,444.75,447.76251220703125,7472088
2017-10-30 05:30:00+05:30,HDFCBANK.NS,449.5625,454.0,448.1000061035156,453.75,5422352
2017-10-31 05:30:00+05:30,HDFCBANK.NS,452.875,452.875,449.8125,452.125,4682460
2017-11-01 05:30:00+05:30,HDFCBANK.NS,453.7749938964844,456.25,453.0,455.29998779296875,4190612
2017-11-02 05:30:00+05:30,HDFCBANK.NS,455.75,457.45001220703125,454.23748779296875,455.5249938964844,4737944
2017-11-03 05:30:00+05:30,HDFCBANK.NS,456.42498779296875,460.0,455.3999938964844,457.67498779296875,3810488
2017-11-06 05:30:00+05:30,HDFCBANK.NS,456.25,460.0,455.6499938964844,457.1499938964844,6148244
2017-11-07 05:30:00+05:30,HDFCBANK.NS,459.5,461.23748779296875,455.1875,455.92498779296875,7446376
2017-11-08 05:30:00+05:30,HDFCBANK.NS,456.29998779296875,458.3999938964844,454.75,456.48748779296875,3283144
2017-11-09 05:30:00+05:30,HDFCBANK.NS,456.75,458.75,455.2749938964844,456.9624938964844,3113308
2017-11-10 05:30:00+05:30,HDFCBANK.NS,455.42498779296875,458.70001220703125,453.0874938964844,455.5,7744360
2017-11-13 05:30:00+05:30,HDFCBANK.NS,455.5,455.7875061035156,448.75,453.38751220703125,3335872
2017-11-14 05:30:00+05:30,HDFCBANK.NS,453.9750061035156,454.75,450.0,450.5874938964844,4712468
2017-11-15 05:30:00+05:30,HDFCBANK.NS,449.5,450.9125061035156,447.0,450.0625,6148368
2017-11-16 05:30:00+05:30,HDFCBANK.NS,451.0,454.0,448.79998779296875,451.92498779296875,4012972
2017-11-17 05:30:00+05:30,HDFCBANK.NS,457.17498779296875,459.57501220703125,453.2875061035156,456.38751220703125,6358772
2017-11-20 05:30:00+05:30,HDFCBANK.NS,457.25,459.92498779296875,457.25,459.5375061035156,2392424
2017-11-21 05:30:00+05:30,HDFCBANK.NS,459.36248779296875,462.5,459.0249938964844,461.5625,2275532
2017-11-22 05:30:00+05:30,HDFCBANK.NS,462.42498779296875,465.0,461.13751220703125,463.8125,5660796
2017-11-23 05:30:00+05:30,HDFCBANK.NS,464.75,465.0,459.5,460.7124938964844,3232580
2017-11-24 05:30:00+05:30,HDFCBANK.NS,460.75,464.45001220703125,460.25,462.8500061035156,5203684
2017-11-27 05:30:00+05:30,HDFCBANK.NS,462.25,465.5,461.3999938964844,464.38751220703125,3870472
2017-11-28 05:30:00+05:30,HDFCBANK.NS,464.0,467.75,463.9624938964844,466.3374938964844,5090540
2017-11-29 05:30:00+05:30,HDFCBANK.NS,466.25,468.875,463.95001220703125,468.32501220703125,3274584
2017-11-30 05:30:00+05:30,HDFCBANK.NS,467.17498779296875,468.48748779296875,460.0,463.42498779296875,5796312
2017-12-01 05:30:00+05:30,HDFCBANK.NS,463.7250061035156,465.0,461.0249938964844,462.04998779296875,3858148
2017-12-04 05:30:00+05:30,HDFCBANK.NS,463.7250061035156,463.7250061035156,457.5249938964844,458.5249938964844,3641932
2017-12-05 05:30:00+05:30,HDFCBANK.NS,456.5,457.13751220703125,451.75,455.11248779296875,3893360
2017-12-06 05:30:00+05:30,HDFCBANK.NS,454.98748779296875,455.3374938964844,449.75,450.82501220703125,6395120
2017-12-07 05:30:00+05:30,HDFCBANK.NS,451.6625061035156,454.1499938964844,450.7749938964844,452.4125061035156,4231304
2017-12-08 05:30:00+05:30,HDFCBANK.NS,453.5,463.25,453.5,460.1000061035156,8956400
2017-12-11 05:30:00+05:30,HDFCBANK.NS,462.0,462.9375,460.0,461.6000061035156,3198232
2017-12-12 05:30:00+05:30,HDFCBANK.NS,462.2749938964844,462.4750061035156,453.98748779296875,454.9750061035156,2410588
2017-12-13 05:30:00+05:30,HDFCBANK.NS,455.01251220703125,461.25,453.7749938964844,455.3374938964844,2907460
2017-12-14 05:30:00+05:30,HDFCBANK.NS,456.0,460.0,453.0,459.51251220703125,3683092
2017-12-15 05:30:00+05:30,HDFCBANK.NS,464.0,472.0,463.875,468.36248779296875,12450124
2017-12-18 05:30:00+05:30,HDFCBANK.NS,463.75,474.75,452.32501220703125,469.73748779296875,12297988
2017-12-19 05:30:00+05:30,HDFCBANK.NS,469.95001220703125,473.4125061035156,469.0375061035156,471.125,4952112
2017-12-20 05:30:00+05:30,HDFCBANK.NS,474.7250061035156,475.7749938964844,465.9125061035156,467.0375061035156,9343504
2017-12-21 05:30:00+05:30,HDFCBANK.NS,469.9750061035156,471.25,466.29998779296875,467.07501220703125,6854544
2017-12-22 05:30:00+05:30,HDFCBANK.NS,469.75,470.0,465.4375,469.1625061035156,4470904
2017-12-26 05:30:00+05:30,HDFCBANK.NS,470.25,470.70001220703125,464.17498779296875,467.0874938964844,6785696
2017-12-27 05:30:00+05:30,HDFCBANK.NS,467.5249938964844,467.57501220703125,462.7875061035156,464.1875,3489384
2017-12-28 05:30:00+05:30,HDFCBANK.NS,464.7250061035156,470.2250061035156,464.5,469.51251220703125,8700520
2017-12-29 05:30:00+05:30,HDFCBANK.NS,469.20001220703125,469.79998779296875,467.0375061035156,468.1000061035156,6345872
2018-01-01 05:30:00+05:30,HDFCBANK.NS,468.17498779296875,470.1875,462.625,463.625,6580516
2018-01-02 05:30:00+05:30,HDFCBANK.NS,464.63751220703125,468.75,464.63751220703125,468.0874938964844,4776316
2018-01-03 05:30:00+05:30,HDFCBANK.NS,468.75,469.5625,462.79998779296875,463.1625061035156,4531288
2018-01-04 05:30:00+05:30,HDFCBANK.NS,463.25,466.375,463.25,464.9750061035156,2373776
2018-01-05 05:30:00+05:30,HDFCBANK.NS,465.75,467.01251220703125,463.88751220703125,465.8999938964844,2870868
2018-01-08 05:30:00+05:30,HDFCBANK.NS,466.25,467.67498779296875,464.4375,465.1499938964844,4570308
2018-01-09 05:30:00+05:30,HDFCBANK.NS,465.5,467.4624938964844,463.75,465.92498779296875,5305528
2018-01-10 05:30:00+05:30,HDFCBANK.NS,466.29998779296875,466.9750061035156,464.32501220703125,466.04998779296875,4615888
2018-01-11 05:30:00+05:30,HDFCBANK.NS,466.04998779296875,469.0,464.0625,468.13751220703125,4059096
2018-01-12 05:30:00+05:30,HDFCBANK.NS,468.25,469.5375061035156,465.0,466.32501220703125,4336708
2018-01-15 05:30:00+05:30,HDFCBANK.NS,467.48748779296875,476.1000061035156,464.9624938964844,474.4375,12576444
2018-01-16 05:30:00+05:30,HDFCBANK.NS,475.86248779296875,477.5,471.3125,475.0375061035156,6445384
2018-01-17 05:30:00+05:30,HDFCBANK.NS,474.25,475.63751220703125,471.75,472.625,2905496
2018-01-18 05:30:00+05:30,HDFCBANK.NS,481.0,488.5,479.51251220703125,483.57501220703125,16649540
2018-01-19 05:30:00+05:30,HDFCBANK.NS,483.7875061035156,489.9750061035156,479.8125,488.04998779296875,11455988
2018-01-22 05:30:00+05:30,HDFCBANK.NS,490.0,497.0,488.2875061035156,490.8374938964844,8849768
2018-01-23 05:30:00+05:30,HDFCBANK.NS,491.25,491.67498779296875,485.82501220703125,487.82501220703125,5047796
2018-01-24 05:30:00+05:30,HDFCBANK.NS,488.13751220703125,492.25,487.6499938964844,489.4125061035156,4790568
2018-01-25 05:30:00+05:30,HDFCBANK.NS,488.4750061035156,495.0,487.625,493.73748779296875,8723668
2018-01-29 05:30:00+05:30,HDFCBANK.NS,494.5,501.73748779296875,494.5,499.9125061035156,8235892
2018-01-30 05:30:00+05:30,HDFCBANK.NS,499.45001220703125,500.4750061035156,496.0375061035156,498.875,6397560
2018-01-31 05:30:00+05:30,HDFCBANK.NS,497.3500061035156,503.375,496.75,501.42498779296875,6943348
2018-02-01 05:30:00+05:30,HDFCBANK.NS,501.5,503.75,496.32501220703125,497.7875061035156,6521420
2018-02-02 05:30:00+05:30,HDFCBANK.NS,496.5,497.4750061035156,485.375,487.0,7346124
2018-02-05 05:30:00+05:30,HDFCBANK.NS,479.5,483.8125,476.4624938964844,478.4624938964844,7926784
2018-02-06 05:30:00+05:30,HDFCBANK.NS,465.0,478.0,459.07501220703125,474.20001220703125,10749804
2018-02-07 05:30:00+05:30,HDFCBANK.NS,476.75,476.75,465.6000061035156,468.20001220703125,8364972
2018-02-08 05:30:00+05:30,HDFCBANK.NS,471.0,474.6499938964844,466.625,470.23748779296875,5171444
2018-02-09 05:30:00+05:30,HDFCBANK.NS,461.9750061035156,466.17498779296875,461.0249938964844,462.375,6408952
2018-02-12 05:30:00+05:30,HDFCBANK.NS,465.0,471.5,463.7875061035156,469.1625061035156,4381108
2018-02-14 05:30:00+05:30,HDFCBANK.NS,472.45001220703125,474.4750061035156,468.6625061035156,470.7875061035156,3577188
2018-02-15 05:30:00+05:30,HDFCBANK.NS,472.42498779296875,473.6875,468.75,470.4750061035156,4915224
2018-02-16 05:30:00+05:30,HDFCBANK.NS,470.9750061035156,473.7124938964844,468.9125061035156,469.6499938964844,3583520
2018-02-19 05:30:00+05:30,HDFCBANK.NS,470.6499938964844,471.8999938964844,464.76251220703125,469.54998779296875,3654552
2018-02-20 05:30:00+05:30,HDFCBANK.NS,471.1875,471.4624938964844,464.70001220703125,465.79998779296875,4084068
2018-02-21 05:30:00+05:30,HDFCBANK.NS,466.98748779296875,467.13751220703125,463.04998779296875,464.3500061035156,2753072
2018-02-22 05:30:00+05:30,HDFCBANK.NS,462.5,465.0,460.38751220703125,463.29998779296875,13253596
2018-02-23 05:30:00+05:30,HDFCBANK.NS,464.2250061035156,471.2124938964844,462.6000061035156,470.13751220703125,4076748
2018-02-26 05:30:00+05:30,HDFCBANK.NS,472.0249938964844,478.70001220703125,470.88751220703125,477.88751220703125,4788884
2018-02-27 05:30:00+05:30,HDFCBANK.NS,478.6875,480.4375,475.0,475.63751220703125,4787328
2018-02-28 05:30:00+05:30,HDFCBANK.NS,472.38751220703125,473.86248779296875,469.5,471.04998779296875,4066364
2018-03-01 05:30:00+05:30,HDFCBANK.NS,469.82501220703125,473.32501220703125,467.0,468.5874938964844,3909840
2018-03-05 05:30:00+05:30,HDFCBANK.NS,468.5375061035156,469.5,464.5625,467.48748779296875,3781464
2018-03-06 05:30:00+05:30,HDFCBANK.NS,467.5,469.9750061035156,459.875,461.5625,4576828
2018-03-07 05:30:00+05:30,HDFCBANK.NS,460.0,463.3500061035156,457.125,458.1499938964844,5628164
2018-03-08 05:30:00+05:30,HDFCBANK.NS,459.95001220703125,464.625,458.0,463.2124938964844,5518724
2018-03-09 05:30:00+05:30,HDFCBANK.NS,463.73748779296875,466.3125,461.0,462.76251220703125,4108108
2018-03-12 05:30:00+05:30,HDFCBANK.NS,465.04998779296875,467.36248779296875,463.3500061035156,466.8125,6557116
2018-03-13 05:30:00+05:30,HDFCBANK.NS,466.86248779296875,471.1875,463.75,465.0625,5124200
2018-03-14 05:30:00+05:30,HDFCBANK.NS,464.0,466.9750061035156,462.0,466.125,3680392
2018-03-15 05:30:00+05:30,HDFCBANK.NS,466.29998779296875,471.875,466.29998779296875,470.20001220703125,5870924
2018-03-16 05:30:00+05:30,HDFCBANK.NS,470.0,470.2749938964844,461.63751220703125,463.25,7896336
2018-03-19 05:30:00+05:30,HDFCBANK.NS,463.25,465.0,460.7875061035156,461.8125,7838740
2018-03-20 05:30:00+05:30,HDFCBANK.NS,461.2749938964844,463.9750061035156,458.8125,459.875,3657372
2018-03-21 05:30:00+05:30,HDFCBANK.NS,462.0,465.79998779296875,460.82501220703125,464.7250061035156,5921140
2018-03-22 05:30:00+05:30,HDFCBANK.NS,464.7250061035156,470.0,463.7749938964844,466.9375,6673224
2018-03-23 05:30:00+05:30,HDFCBANK.NS,461.6625061035156,463.2749938964844,459.3125,460.38751220703125,7190152
2018-03-26 05:30:00+05:30,HDFCBANK.NS,459.9750061035156,475.0,458.375,473.36248779296875,10501768
2018-03-27 05:30:00+05:30,HDFCBANK.NS,473.45001220703125,474.75,469.0,473.1499938964844,6136836
2018-03-28 05:30:00+05:30,HDFCBANK.NS,470.73748779296875,474.92498779296875,469.01251220703125,471.5249938964844,8837508
2018-04-02 05:30:00+05:30,HDFCBANK.NS,472.625,483.9375,472.625,482.79998779296875,4596368
2018-04-03 05:30:00+05:30,HDFCBANK.NS,480.98748779296875,481.42498779296875,477.75,478.9750061035156,4079884
2018-04-04 05:30:00+05:30,HDFCBANK.NS,478.23748779296875,481.23748779296875,469.61248779296875,470.8125,3714108
2018-04-05 05:30:00+05:30,HDFCBANK.NS,475.32501220703125,478.5,472.54998779296875,477.2250061035156,4858892
2018-04-06 05:30:00+05:30,HDFCBANK.NS,478.04998779296875,481.61248779296875,476.45001220703125,480.8500061035156,3720008
2018-04-09 05:30:00+05:30,HDFCBANK.NS,479.70001220703125,485.5,479.1000061035156,484.76251220703125,4003536
2018-04-10 05:30:00+05:30,HDFCBANK.NS,485.75,485.75,478.375,480.2124938964844,6067236
2018-04-11 05:30:00+05:30,HDFCBANK.NS,478.9750061035156,480.0,476.3500061035156,479.7124938964844,2870812
2018-04-12 05:30:00+05:30,HDFCBANK.NS,479.0,483.2250061035156,476.4750061035156,482.20001220703125,4712516
2018-04-13 05:30:00+05:30,HDFCBANK.NS,482.0,485.0,479.7749938964844,481.25,3297172
2018-04-16 05:30:00+05:30,HDFCBANK.NS,480.0,487.5,479.9624938964844,485.5249938964844,2847744
2018-04-17 05:30:00+05:30,HDFCBANK.NS,485.875,487.75,483.5249938964844,487.125,2667832
2018-04-18 05:30:00+05:30,HDFCBANK.NS,487.75,488.375,482.51251220703125,483.1499938964844,2712720
2018-04-19 05:30:00+05:30,HDFCBANK.NS,485.0,486.20001220703125,483.25,484.75,3169032
2018-04-20 05:30:00+05:30,HDFCBANK.NS,485.25,490.25,483.0375061035156,488.9750061035156,9361380
2018-04-23 05:30:00+05:30,HDFCBANK.NS,494.75,494.75,465.07501220703125,483.9375,15304620
2018-04-24 05:30:00+05:30,HDFCBANK.NS,483.75,487.01251220703125,481.5,483.75,5037416
2018-04-25 05:30:00+05:30,HDFCBANK.NS,481.9750061035156,484.5,478.0,480.1875,4020592
2018-04-26 05:30:00+05:30,HDFCBANK.NS,479.20001220703125,484.79998779296875,477.8125,482.5625,7847480
2018-04-27 05:30:00+05:30,HDFCBANK.NS,483.25,483.875,478.125,480.8500061035156,5777008
2018-04-30 05:30:00+05:30,HDFCBANK.NS,482.5,488.70001220703125,482.20001220703125,486.07501220703125,4609552
2018-05-02 05:30:00+05:30,HDFCBANK.NS,487.5,494.5,486.5,492.375,7100048
2018-05-03 05:30:00+05:30,HDFCBANK.NS,492.01251220703125,493.7250061035156,486.5,491.9750061035156,4152772
2018-05-04 05:30:00+05:30,HDFCBANK.NS,492.5,497.5,491.57501220703125,497.125,6881436
2018-05-07 05:30:00+05:30,HDFCBANK.NS,495.4125061035156,496.82501220703125,493.75,494.3500061035156,5264128
2018-05-08 05:30:00+05:30,HDFCBANK.NS,494.8125,494.9750061035156,488.6499938964844,491.76251220703125,7100564
2018-05-09 05:30:00+05:30,HDFCBANK.NS,489.0375061035156,495.125,489.0375061035156,494.6000061035156,4327332
2018-05-10 05:30:00+05:30,HDFCBANK.NS,497.1499938964844,499.75,495.5,498.17498779296875,7171672
2018-05-11 05:30:00+05:30,HDFCBANK.NS,498.17498779296875,504.25,496.5,502.9375,6057068
2018-05-14 05:30:00+05:30,HDFCBANK.NS,504.29998779296875,506.8500061035156,503.1000061035156,505.4375,4742916
2018-05-15 05:30:00+05:30,HDFCBANK.NS,506.76251220703125,516.25,506.67498779296875,509.45001220703125,9826684
2018-05-16 05:30:00+05:30,HDFCBANK.NS,507.63751220703125,512.25,504.2875061035156,505.8374938964844,6841604
2018-05-17 05:30:00+05:30,HDFCBANK.NS,505.9624938964844,511.11248779296875,503.125,506.9375,6615476
2018-05-18 05:30:00+05:30,HDFCBANK.NS,506.17498779296875,506.17498779296875,500.875,503.0375061035156,5217460
2018-05-21 05:30:00+05:30,HDFCBANK.NS,504.0249938964844,505.25,496.51251220703125,498.26251220703125,4848108
2018-05-22 05:30:00+05:30,HDFCBANK.NS,499.67498779296875,503.48748779296875,496.375,497.4750061035156,3960372
2018-05-23 05:30:00+05:30,HDFCBANK.NS,496.95001220703125,498.5,490.8500061035156,491.875,5726292
2018-05-24 05:30:00+05:30,HDFCBANK.NS,491.7749938964844,497.5625,489.0874938964844,496.5,4520744
2018-05-25 05:30:00+05:30,HDFCBANK.NS,497.5,504.0,497.4750061035156,502.17498779296875,4759588
2018-05-28 05:30:00+05:30,HDFCBANK.NS,501.95001220703125,513.0,501.5,510.54998779296875,5103940
2018-05-29 05:30:00+05:30,HDFCBANK.NS,509.5,513.1749877929688,507.20001220703125,508.1499938964844,3351244
2018-05-30 05:30:00+05:30,HDFCBANK.NS,504.92498779296875,513.25,504.07501220703125,512.0875244140625,4866996
2018-05-31 05:30:00+05:30,HDFCBANK.NS,525.0,540.0,520.0,534.8624877929688,39639192
2018-06-01 05:30:00+05:30,HDFCBANK.NS,529.0,534.5,525.25,527.6500244140625,21151356
2018-06-04 05:30:00+05:30,HDFCBANK.NS,537.5,539.25,509.48748779296875,511.54998779296875,88796324
2018-06-05 05:30:00+05:30,HDFCBANK.NS,512.5,516.7374877929688,505.75,515.9000244140625,17105460
2018-06-06 05:30:00+05:30,HDFCBANK.NS,515.0499877929688,516.2000122070312,511.25,514.3375244140625,9782000
2018-06-07 05:30:00+05:30,HDFCBANK.NS,518.2999877929688,519.9500122070312,513.2999877929688,515.5499877929688,10563896
2018-06-08 05:30:00+05:30,HDFCBANK.NS,514.75,515.3125,508.75,512.3375244140625,6180888
2018-06-11 05:30:00+05:30,HDFCBANK.NS,512.9749755859375,515.7374877929688,509.70001220703125,510.57501220703125,7091188
2018-06-12 05:30:00+05:30,HDFCBANK.NS,512.9749755859375,513.1749877929688,509.6000061035156,510.9624938964844,5234256
2018-06-13 05:30:00+05:30,HDFCBANK.NS,513.0,513.7000122070312,506.0249938964844,507.86248779296875,7897960
2018-06-14 05:30:00+05:30,HDFCBANK.NS,507.5,511.25,506.25,509.3500061035156,16927576
2018-06-15 05:30:00+05:30,HDFCBANK.NS,506.5,509.7250061035156,505.57501220703125,507.3999938964844,10880816
2018-06-18 05:30:00+05:30,HDFCBANK.NS,507.5249938964844,509.70001220703125,502.2749938964844,504.7875061035156,7487404
2018-06-19 05:30:00+05:30,HDFCBANK.NS,506.23748779296875,510.17498779296875,504.82501220703125,505.875,10981152
2018-06-20 05:30:00+05:30,HDFCBANK.NS,506.5,514.5,506.25,514.0374755859375,9051712
2018-06-21 05:30:00+05:30,HDFCBANK.NS,515.0,517.7000122070312,511.76251220703125,514.4000244140625,13510704
2018-06-22 05:30:00+05:30,HDFCBANK.NS,514.2374877929688,522.2000122070312,512.4625244140625,520.8375244140625,7848980
2018-06-25 05:30:00+05:30,HDFCBANK.NS,520.7625122070312,524.4500122070312,518.2625122070312,523.7374877929688,6992336
2018-06-26 05:30:00+05:30,HDFCBANK.NS,521.5125122070312,525.75,519.9625244140625,523.4249877929688,9161932
2018-06-27 05:30:00+05:30,HDFCBANK.NS,523.25,529.875,522.5,528.1500244140625,19126804
2018-06-28 05:30:00+05:30,HDFCBANK.NS,528.75,535.0,527.7999877929688,532.7125244140625,37533540
2018-06-29 05:30:00+05:30,HDFCBANK.NS,530.4249877929688,535.0,526.2750244140625,527.1124877929688,19458120
2018-07-02 05:30:00+05:30,HDFCBANK.NS,527.0875244140625,527.0999755859375,515.8125,518.3125,9864876
2018-07-03 05:30:00+05:30,HDFCBANK.NS,518.3125,521.25,516.4000244140625,517.5499877929688,6863100
2018-07-04 05:30:00+05:30,HDFCBANK.NS,519.0625,527.0125122070312,517.25,525.8875122070312,6097992
2018-07-05 05:30:00+05:30,HDFCBANK.NS,526.25,532.25,523.1375122070312,530.9375,9735968
2018-07-06 05:30:00+05:30,HDFCBANK.NS,528.3250122070312,533.8875122070312,527.8375244140625,528.7874755859375,8121344
2018-07-09 05:30:00+05:30,HDFCBANK.NS,530.4625244140625,532.5,526.9375,531.4124755859375,6182296
2018-07-10 05:30:00+05:30,HDFCBANK.NS,532.4749755859375,537.4000244140625,531.25,536.5999755859375,10950736
2018-07-11 05:30:00+05:30,HDFCBANK.NS,536.2625122070312,538.9249877929688,533.7000122070312,537.0625,5857920
2018-07-12 05:30:00+05:30,HDFCBANK.NS,538.2249755859375,544.9625244140625,538.0,541.4874877929688,8020668
2018-07-13 05:30:00+05:30,HDFCBANK.NS,542.0999755859375,547.7000122070312,540.7750244140625,545.2249755859375,7161188
2018-07-16 05:30:00+05:30,HDFCBANK.NS,544.8499755859375,547.5125122070312,540.9375,542.2125244140625,9017336
2018-07-17 05:30:00+05:30,HDFCBANK.NS,540.8125,545.25,540.8125,544.1875,6361924
2018-07-18 05:30:00+05:30,HDFCBANK.NS,546.75,555.0,543.4124755859375,544.0499877929688,17460272
2018-07-19 05:30:00+05:30,HDFCBANK.NS,545.75,548.375,542.75,546.5250244140625,5304776
2018-07-20 05:30:00+05:30,HDFCBANK.NS,546.5250244140625,550.7125244140625,542.7750244140625,547.2625122070312,10006964
2018-07-23 05:30:00+05:30,HDFCBANK.NS,537.5,544.5,534.5125122070312,539.1124877929688,16880132
2018-07-24 05:30:00+05:30,HDFCBANK.NS,536.75,542.25,536.75,539.9375,5208792
2018-07-25 05:30:00+05:30,HDFCBANK.NS,541.1624755859375,544.2000122070312,540.0,542.5875244140625,7038616
2018-07-26 05:30:00+05:30,HDFCBANK.NS,541.25,550.8624877929688,541.25,548.1500244140625,21281092
2018-07-27 05:30:00+05:30,HDFCBANK.NS,550.4874877929688,552.9874877929688,546.1749877929688,550.5374755859375,10554596
2018-07-30 05:30:00+05:30,HDFCBANK.NS,549.75,549.75,539.8499755859375,542.4749755859375,7169120
2018-07-31 05:30:00+05:30,HDFCBANK.NS,540.0,546.4749755859375,537.5125122070312,544.875,8860944
2018-08-01 05:30:00+05:30,HDFCBANK.NS,540.7000122070312,543.75,537.9249877929688,539.6749877929688,6071560
2018-08-02 05:30:00+05:30,HDFCBANK.NS,538.375,538.4249877929688,530.3375244140625,532.5499877929688,8905704
2018-08-03 05:30:00+05:30,HDFCBANK.NS,533.3875122070312,536.7625122070312,528.5,530.4124755859375,13604008
2018-08-06 05:30:00+05:30,HDFCBANK.NS,530.25,534.3499755859375,526.5250244140625,528.5750122070312,5744632
2018-08-07 05:30:00+05:30,HDFCBANK.NS,531.25,533.625,527.0,532.7249755859375,7428456
2018-08-08 05:30:00+05:30,HDFCBANK.NS,533.9625244140625,537.9500122070312,533.2625122070312,534.0875244140625,9945380
2018-08-09 05:30:00+05:30,HDFCBANK.NS,535.5,535.5,523.6624755859375,529.625,8944408
2018-08-10 05:30:00+05:30,HDFCBANK.NS,530.875,530.9500122070312,524.5,528.6124877929688,5442940
2018-08-13 05:30:00+05:30,HDFCBANK.NS,521.0,525.9874877929688,520.0,522.9124755859375,10054252
2018-08-14 05:30:00+05:30,HDFCBANK.NS,524.5,526.25,521.7999877929688,522.2750244140625,4935964
2018-08-16 05:30:00+05:30,HDFCBANK.NS,520.75,521.6749877929688,516.5999755859375,518.9249877929688,10625160
2018-08-17 05:30:00+05:30,HDFCBANK.NS,520.7249755859375,523.2625122070312,517.9124755859375,519.3375244140625,6065328
2018-08-20 05:30:00+05:30,HDFCBANK.NS,518.75,526.9000244140625,518.75,524.0499877929688,7811136
2018-08-21 05:30:00+05:30,HDFCBANK.NS,524.5,528.0,523.1624755859375,524.0125122070312,7776320
2018-08-23 05:30:00+05:30,HDFCBANK.NS,526.25,526.75,519.2125244140625,519.9749755859375,12574552
2018-08-24 05:30:00+05:30,HDFCBANK.NS,517.75,523.4000244140625,516.5125122070312,517.4625244140625,9714628
2018-08-27 05:30:00+05:30,HDFCBANK.NS,519.25,522.125,517.5625,520.1124877929688,12574788
2018-08-28 05:30:00+05:30,HDFCBANK.NS,522.0,524.5625,519.7000122070312,523.7125244140625,9973532
2018-08-29 05:30:00+05:30,HDFCBANK.NS,523.0374755859375,523.5125122070312,518.1875,519.625,9873692
2018-08-30 05:30:00+05:30,HDFCBANK.NS,520.9000244140625,521.9749755859375,515.4625244140625,516.5250244140625,21827460
2018-08-31 05:30:00+05:30,HDFCBANK.NS,517.2999877929688,519.6875,514.5625,515.2999877929688,15771500
2018-09-03 05:30:00+05:30,HDFCBANK.NS,517.3499755859375,519.7374877929688,515.875,518.7625122070312,7661608
2018-09-04 05:30:00+05:30,HDFCBANK.NS,519.2249755859375,519.4874877929688,512.25,512.9500122070312,7130536
2018-09-05 05:30:00+05:30,HDFCBANK.NS,513.4500122070312,515.0499877929688,508.88751220703125,511.4624938964844,5641508
2018-09-06 05:30:00+05:30,HDFCBANK.NS,512.25,514.75,508.1499938964844,513.0499877929688,10402412
2018-09-07 05:30:00+05:30,HDFCBANK.NS,512.75,515.0,510.1875,514.2374877929688,5919300
2018-09-10 05:30:00+05:30,HDFCBANK.NS,513.75,513.75,506.2749938964844,510.2875061035156,8598592
2018-09-11 05:30:00+05:30,HDFCBANK.NS,511.57501220703125,512.0,498.5375061035156,500.1000061035156,18186536
2018-09-12 05:30:00+05:30,HDFCBANK.NS,500.4750061035156,505.3374938964844,497.38751220703125,502.9624938964844,12246008
2018-09-14 05:30:00+05:30,HDFCBANK.NS,504.9624938964844,509.3500061035156,504.73748779296875,507.3999938964844,10334672
2018-09-17 05:30:00+05:30,HDFCBANK.NS,505.32501220703125,505.73748779296875,497.0,498.04998779296875,9338220
2018-09-18 05:30:00+05:30,HDFCBANK.NS,498.7250061035156,502.4624938964844,495.23748779296875,497.29998779296875,9325736
2018-09-19 05:30:00+05:30,HDFCBANK.NS,498.7124938964844,499.5,489.125,490.3374938964844,16712264
2018-09-21 05:30:00+05:30,HDFCBANK.NS,493.4750061035156,499.9624938964844,477.54998779296875,492.5625,22610148
2018-09-24 05:30:00+05:30,HDFCBANK.NS,491.8125,493.04998779296875,478.75,481.42498779296875,13390792
2018-09-25 05:30:00+05:30,HDFCBANK.NS,481.42498779296875,490.5,478.75,488.1000061035156,16682552
2018-09-26 05:30:00+05:30,HDFCBANK.NS,490.73748779296875,494.5,488.82501220703125,492.04998779296875,14726724
2018-09-27 05:30:00+05:30,HDFCBANK.NS,492.3500061035156,496.5,488.7875061035156,494.0375061035156,18352208
2018-09-28 05:30:00+05:30,HDFCBANK.NS,495.1625061035156,503.86248779296875,494.2875061035156,501.51251220703125,14460716
2018-10-01 05:30:00+05:30,HDFCBANK.NS,502.45001220703125,510.5,499.45001220703125,508.86248779296875,12449588
2018-10-03 05:30:00+05:30,HDFCBANK.NS,507.61248779296875,513.0499877929688,501.75,507.7875061035156,15332148
2018-10-04 05:30:00+05:30,HDFCBANK.NS,502.0,504.45001220703125,485.75,489.4375,17970584
2018-10-05 05:30:00+05:30,HDFCBANK.NS,488.48748779296875,497.5,485.0375061035156,491.32501220703125,15729180
2018-10-08 05:30:00+05:30,HDFCBANK.NS,491.25,492.25,482.5,486.25,20128020
2018-10-09 05:30:00+05:30,HDFCBANK.NS,486.1000061035156,491.25,482.5,485.1499938964844,12459364
2018-10-10 05:30:00+05:30,HDFCBANK.NS,486.25,495.5625,483.875,491.7875061035156,15939932
2018-10-11 05:30:00+05:30,HDFCBANK.NS,481.25,487.07501220703125,479.3999938964844,484.38751220703125,14359904
2018-10-12 05:30:00+05:30,HDFCBANK.NS,486.25,499.2749938964844,485.5,495.4624938964844,9600320
2018-10-15 05:30:00+05:30,HDFCBANK.NS,497.5,502.70001220703125,492.57501220703125,502.01251220703125,12585968
2018-10-16 05:30:00+05:30,HDFCBANK.NS,500.75,504.54998779296875,496.875,498.1875,9406004
2018-10-17 05:30:00+05:30,HDFCBANK.NS,501.5249938964844,503.25,490.875,493.6499938964844,7940796
2018-10-19 05:30:00+05:30,HDFCBANK.NS,489.7250061035156,495.2124938964844,489.5,491.9375,9867348
2018-10-22 05:30:00+05:30,HDFCBANK.NS,503.5,505.0,497.1499938964844,499.7250061035156,20331160
2018-10-23 05:30:00+05:30,HDFCBANK.NS,493.25,499.7250061035156,493.25,496.2124938964844,19428564
2018-10-24 05:30:00+05:30,HDFCBANK.NS,501.0,502.20001220703125,493.1499938964844,498.0625,18072336
2018-10-25 05:30:00+05:30,HDFCBANK.NS,493.3999938964844,500.8999938964844,490.61248779296875,492.20001220703125,29847056
2018-10-26 05:30:00+05:30,HDFCBANK.NS,492.20001220703125,494.29998779296875,487.25,490.29998779296875,15155712
2018-10-29 05:30:00+05:30,HDFCBANK.NS,491.0249938964844,491.23748779296875,473.79998779296875,481.57501220703125,17044280
2018-10-30 05:30:00+05:30,HDFCBANK.NS,481.25,483.0,474.82501220703125,478.1875,13828704
2018-10-31 05:30:00+05:30,HDFCBANK.NS,475.51251220703125,479.4750061035156,471.25,477.9375,23449404
2018-11-01 05:30:00+05:30,HDFCBANK.NS,482.5,482.5,474.0,478.04998779296875,19629052
2018-11-02 05:30:00+05:30,HDFCBANK.NS,481.5,490.0,478.0,487.36248779296875,30092868
2018-11-05 05:30:00+05:30,HDFCBANK.NS,487.4750061035156,489.9125061035156,484.5,489.0,5705296
2018-11-06 05:30:00+05:30,HDFCBANK.NS,488.75,494.0,485.73748779296875,486.63751220703125,8485588
2018-11-07 05:30:00+05:30,HDFCBANK.NS,490.25,491.23748779296875,487.5,489.48748779296875,958760
2018-11-09 05:30:00+05:30,HDFCBANK.NS,489.54998779296875,489.9750061035156,484.07501220703125,486.3500061035156,10101620
2018-11-12 05:30:00+05:30,HDFCBANK.NS,487.875,490.5,479.2875061035156,480.26251220703125,7907764
2018-11-13 05:30:00+05:30,HDFCBANK.NS,479.75,484.42498779296875,477.04998779296875,481.9375,13350420
2018-11-14 05:30:00+05:30,HDFCBANK.NS,484.63751220703125,490.0,484.1499938964844,489.4375,26110636
2018-11-15 05:30:00+05:30,HDFCBANK.NS,490.4750061035156,494.32501220703125,482.79998779296875,493.7875061035156,10392524
2018-11-16 05:30:00+05:30,HDFCBANK.NS,495.25,503.25,495.0,501.07501220703125,15813216
2018-11-19 05:30:00+05:30,HDFCBANK.NS,502.75,505.25,500.4750061035156,503.4750061035156,12286428
2018-11-20 05:30:00+05:30,HDFCBANK.NS,503.25,504.8999938964844,499.76251220703125,503.11248779296875,5705168
2018-11-21 05:30:00+05:30,HDFCBANK.NS,503.1875,505.98748779296875,501.0,504.6875,6545604
2018-11-22 05:30:00+05:30,HDFCBANK.NS,503.3125,508.75,500.0375061035156,501.375,12974552
2018-11-26 05:30:00+05:30,HDFCBANK.NS,503.4750061035156,513.0,503.01251220703125,512.4500122070312,18184436
2018-11-27 05:30:00+05:30,HDFCBANK.NS,510.26251220703125,516.9749755859375,510.1875,516.0,12895440
2018-11-28 05:30:00+05:30,HDFCBANK.NS,516.25,524.6500244140625,515.0250244140625,522.3125,13021108
2018-11-29 05:30:00+05:30,HDFCBANK.NS,525.25,534.3499755859375,523.5,532.7625122070312,31908636
2018-11-30 05:30:00+05:30,HDFCBANK.NS,532.5,534.3875122070312,527.5,532.1124877929688,13040924
2018-12-03 05:30:00+05:30,HDFCBANK.NS,532.75,535.5,526.7249755859375,528.3250122070312,10799856
2018-12-04 05:30:00+05:30,HDFCBANK.NS,526.3499755859375,527.75,519.6500244140625,521.3875122070312,8157420
2018-12-05 05:30:00+05:30,HDFCBANK.NS,519.5,526.3250122070312,518.9874877929688,524.7999877929688,11798844
2018-12-06 05:30:00+05:30,HDFCBANK.NS,522.4249877929688,525.4124755859375,521.25,524.2625122070312,11730252
2018-12-07 05:30:00+05:30,HDFCBANK.NS,526.6749877929688,529.5,520.0750122070312,526.9000244140625,9903920
2018-12-10 05:30:00+05:30,HDFCBANK.NS,516.4749755859375,526.2000122070312,516.4749755859375,522.1875,10915056
2018-12-11 05:30:00+05:30,HDFCBANK.NS,514.0,517.8250122070312,508.0,514.8875122070312,18905780
2018-12-12 05:30:00+05:30,HDFCBANK.NS,516.7374877929688,522.4500122070312,515.0250244140625,521.3250122070312,11370488
2018-12-13 05:30:00+05:30,HDFCBANK.NS,523.75,531.25,522.8250122070312,525.3250122070312,7064236
2018-12-14 05:30:00+05:30,HDFCBANK.NS,526.2249755859375,529.5,522.0125122070312,523.9249877929688,6158284
2018-12-17 05:30:00+05:30,HDFCBANK.NS,526.0,533.1500244140625,524.75,532.5499877929688,8437324
2018-12-18 05:30:00+05:30,HDFCBANK.NS,531.0,534.75,525.6500244140625,533.8624877929688,7413968
2018-12-19 05:30:00+05:30,HDFCBANK.NS,533.2750244140625,539.8499755859375,528.3875122070312,530.8624877929688,9009896
2018-12-20 05:30:00+05:30,HDFCBANK.NS,528.1375122070312,535.1124877929688,525.6624755859375,534.3624877929688,7980476
2018-12-21 05:30:00+05:30,HDFCBANK.NS,533.5,537.2750244140625,527.2625122070312,527.7874755859375,10220308
2018-12-24 05:30:00+05:30,HDFCBANK.NS,526.0,526.0,519.3375244140625,520.1624755859375,5601488
2018-12-26 05:30:00+05:30,HDFCBANK.NS,519.25,531.75,517.25,530.5875244140625,7601916
2018-12-27 05:30:00+05:30,HDFCBANK.NS,533.25,534.5499877929688,524.6124877929688,526.2625122070312,11639868
2018-12-28 05:30:00+05:30,HDFCBANK.NS,529.3375244140625,534.4375,528.875,530.7249755859375,9415612
2018-12-31 05:30:00+05:30,HDFCBANK.NS,534.25,534.25,529.1749877929688,530.4249877929688,5866528
2019-01-01 05:30:00+05:30,HDFCBANK.NS,531.9124755859375,537.75,526.4000244140625,537.0250244140625,6373440
2019-01-02 05:30:00+05:30,HDFCBANK.NS,535.7000122070312,536.875,529.9249877929688,532.125,8134232
2019-01-03 05:30:00+05:30,HDFCBANK.NS,531.0499877929688,532.0625,525.75,527.9500122070312,12771664
2019-01-04 05:30:00+05:30,HDFCBANK.NS,528.8125,532.125,527.5875244140625,529.3624877929688,7287120
2019-01-07 05:30:00+05:30,HDFCBANK.NS,531.9249877929688,533.8375244140625,529.5,530.1624755859375,5387012
2019-01-08 05:30:00+05:30,HDFCBANK.NS,530.5,530.875,524.1624755859375,525.75,8343460
2019-01-09 05:30:00+05:30,HDFCBANK.NS,529.5,530.3375244140625,525.6500244140625,529.2000122070312,8568628
2019-01-10 05:30:00+05:30,HDFCBANK.NS,529.25,530.9500122070312,523.1624755859375,527.125,7691540
2019-01-11 05:30:00+05:30,HDFCBANK.NS,528.4500122070312,531.0,527.0,527.9749755859375,6408040
2019-01-14 05:30:00+05:30,HDFCBANK.NS,527.4749755859375,527.4749755859375,524.6124877929688,525.4124755859375,4855160
2019-01-15 05:30:00+05:30,HDFCBANK.NS,526.2625122070312,531.625,525.5,530.4749755859375,5087556
2019-01-16 05:30:00+05:30,HDFCBANK.NS,530.0125122070312,531.25,527.0625,530.0499877929688,5252452
2019-01-17 05:30:00+05:30,HDFCBANK.NS,531.3125,533.9749755859375,528.3375244140625,533.0750122070312,8240228
2019-01-18 05:30:00+05:30,HDFCBANK.NS,533.75,534.75,528.6375122070312,532.5625,5207976
2019-01-21 05:30:00+05:30,HDFCBANK.NS,534.9874877929688,541.625,531.625,537.0374755859375,17561512
2019-01-22 05:30:00+05:30,HDFCBANK.NS,536.5,536.7000122070312,532.2625122070312,533.9625244140625,8796976
2019-01-23 05:30:00+05:30,HDFCBANK.NS,533.5,533.9625244140625,525.3624877929688,526.3499755859375,7624288
2019-01-24 05:30:00+05:30,HDFCBANK.NS,527.5,530.4124755859375,524.4749755859375,525.5625,10111572
2019-01-25 05:30:00+05:30,HDFCBANK.NS,523.25,527.5,522.5,524.0,11262236
2019-01-28 05:30:00+05:30,HDFCBANK.NS,522.5,525.5125122070312,519.1875,521.0374755859375,15360436
2019-01-29 05:30:00+05:30,HDFCBANK.NS,519.5625,520.75,513.25,514.4000244140625,14762788
2019-01-30 05:30:00+05:30,HDFCBANK.NS,514.3125,514.3125,507.0,508.67498779296875,18514160
2019-01-31 05:30:00+05:30,HDFCBANK.NS,507.75,522.4375,505.5,519.9874877929688,16579404
2019-02-01 05:30:00+05:30,HDFCBANK.NS,519.9874877929688,529.25,519.1500244140625,522.6124877929688,15654188
2019-02-04 05:30:00+05:30,HDFCBANK.NS,523.75,528.25,520.6624755859375,526.2249755859375,7938288
2019-02-05 05:30:00+05:30,HDFCBANK.NS,527.0,529.75,524.25,528.5125122070312,8690288
2019-02-06 05:30:00+05:30,HDFCBANK.NS,529.0625,531.75,528.4000244140625,530.6624755859375,10875684
2019-02-07 05:30:00+05:30,HDFCBANK.NS,531.2625122070312,532.5,526.4625244140625,529.3125,7217308
2019-02-08 05:30:00+05:30,HDFCBANK.NS,528.0,536.2374877929688,526.6624755859375,530.6624755859375,12235644
2019-02-11 05:30:00+05:30,HDFCBANK.NS,528.3250122070312,535.7249755859375,528.3250122070312,534.9124755859375,7036364
2019-02-12 05:30:00+05:30,HDFCBANK.NS,534.5,537.0,531.2000122070312,532.4249877929688,9772388
2019-02-14 05:30:00+05:30,HDFCBANK.NS,535.0,535.0,526.4000244140625,527.5499877929688,7441388
2019-02-15 05:30:00+05:30,HDFCBANK.NS,526.8375244140625,527.0250244140625,519.5499877929688,525.1624755859375,8416524
2019-02-18 05:30:00+05:30,HDFCBANK.NS,526.7000122070312,529.5,521.5,522.4749755859375,7138744
2019-02-19 05:30:00+05:30,HDFCBANK.NS,522.4249877929688,527.0374755859375,519.5499877929688,521.0125122070312,5268636
2019-02-20 05:30:00+05:30,HDFCBANK.NS,522.125,527.75,520.4749755859375,527.0875244140625,4892500
2019-02-21 05:30:00+05:30,HDFCBANK.NS,525.4249877929688,529.9874877929688,523.4000244140625,528.9749755859375,5261544
2019-02-22 05:30:00+05:30,HDFCBANK.NS,529.8499755859375,532.0250244140625,522.2750244140625,522.8624877929688,8890708
2019-02-25 05:30:00+05:30,HDFCBANK.NS,523.7874755859375,532.4874877929688,523.7874755859375,531.3499755859375,8140596
2019-02-26 05:30:00+05:30,HDFCBANK.NS,527.8125,531.25,525.2750244140625,527.6624755859375,9607428
2019-02-27 05:30:00+05:30,HDFCBANK.NS,529.0250244140625,531.1124877929688,522.0374755859375,523.0625,7030092
2019-02-28 05:30:00+05:30,HDFCBANK.NS,523.2750244140625,526.4625244140625,518.2999877929688,519.3875122070312,11645376
2019-03-01 05:30:00+05:30,HDFCBANK.NS,521.5625,525.2249755859375,519.25,520.8375244140625,9352928
2019-03-05 05:30:00+05:30,HDFCBANK.NS,522.2249755859375,527.7750244140625,517.5,526.7750244140625,11837276
2019-03-06 05:30:00+05:30,HDFCBANK.NS,527.5,527.5750122070312,522.6375122070312,526.0625,8458044
2019-03-07 05:30:00+05:30,HDFCBANK.NS,527.4000244140625,532.5,523.75,531.625,10204852
2019-03-08 05:30:00+05:30,HDFCBANK.NS,528.7625122070312,532.5,527.3624877929688,532.0499877929688,7053460
2019-03-11 05:30:00+05:30,HDFCBANK.NS,533.0,535.9249877929688,530.5499877929688,532.1124877929688,9224108
2019-03-12 05:30:00+05:30,HDFCBANK.NS,536.75,543.75,534.25,542.75,15097292
2019-03-13 05:30:00+05:30,HDFCBANK.NS,543.75,558.5,543.0250244140625,556.6375122070312,57166348
2019-03-14 05:30:00+05:30,HDFCBANK.NS,561.2125244140625,561.875,552.6500244140625,556.1875,15379864
2019-03-15 05:30:00+05:30,HDFCBANK.NS,557.75,564.9749755859375,557.0125122070312,563.25,12763088
2019-03-18 05:30:00+05:30,HDFCBANK.NS,565.4749755859375,572.9124755859375,561.75,565.3624877929688,14358720
2019-03-19 05:30:00+05:30,HDFCBANK.NS,567.375,568.9749755859375,562.75,566.9375,11957992
2019-03-20 05:30:00+05:30,HDFCBANK.NS,567.25,575.0,565.2625122070312,574.75,11711992
2019-03-22 05:30:00+05:30,HDFCBANK.NS,575.0,576.75,567.7000122070312,569.0374755859375,30403880
2019-03-25 05:30:00+05:30,HDFCBANK.NS,565.0,571.9625244140625,563.25,570.3250122070312,9199260
2019-03-26 05:30:00+05:30,HDFCBANK.NS,568.9749755859375,578.75,568.1500244140625,577.8375244140625,11786848
2019-03-27 05:30:00+05:30,HDFCBANK.NS,579.6375122070312,582.0125122070312,569.7625122070312,574.8624877929688,13885300
2019-03-28 05:30:00+05:30,HDFCBANK.NS,574.7000122070312,581.25,571.9625244140625,575.7000122070312,19554328
2019-04-01 05:30:00+05:30,HDFCBANK.NS,581.3125,583.0,576.1500244140625,577.9500122070312,9647076
2019-04-02 05:30:00+05:30,HDFCBANK.NS,580.0,580.0,571.3624877929688,573.7125244140625,10910496
2019-04-03 05:30:00+05:30,HDFCBANK.NS,573.0250244140625,579.0,572.0625,573.1875,7659452
2019-04-04 05:30:00+05:30,HDFCBANK.NS,573.1875,578.25,570.0,570.9874877929688,9211552
2019-04-05 05:30:00+05:30,HDFCBANK.NS,571.9500122070312,578.4375,570.5,576.4000244140625,8351180
2019-04-08 05:30:00+05:30,HDFCBANK.NS,579.75,580.7374877929688,570.0250244140625,572.3499755859375,6398132
2019-04-09 05:30:00+05:30,HDFCBANK.NS,574.1500244140625,575.75,566.75,571.8125,10777600
2019-04-10 05:30:00+05:30,HDFCBANK.NS,562.5,571.0,557.75,559.3375244140625,108128700
2019-04-11 05:30:00+05:30,HDFCBANK.NS,561.2249755859375,565.75,559.2374877929688,564.375,8793300
2019-04-12 05:30:00+05:30,HDFCBANK.NS,563.0250244140625,568.0499877929688,563.0250244140625,566.3125,9170444
2019-04-15 05:30:00+05:30,HDFCBANK.NS,567.5,573.2249755859375,566.0875244140625,572.2000122070312,10219780
2019-04-16 05:30:00+05:30,HDFCBANK.NS,572.7374877929688,577.4749755859375,570.0750122070312,576.2625122070312,8273776
2019-04-18 05:30:00+05:30,HDFCBANK.NS,578.25,578.7625122070312,572.0,573.4124755859375,10614856
2019-04-22 05:30:00+05:30,HDFCBANK.NS,581.25,581.25,565.25,567.1749877929688,20980420
2019-04-23 05:30:00+05:30,HDFCBANK.NS,569.3875122070312,572.5,560.4000244140625,561.3250122070312,15282400
2019-04-24 05:30:00+05:30,HDFCBANK.NS,562.5,570.9749755859375,561.7625122070312,569.9375,12354128
2019-04-25 05:30:00+05:30,HDFCBANK.NS,571.7249755859375,574.7000122070312,564.4874877929688,565.8624877929688,18086636
2019-04-26 05:30:00+05:30,HDFCBANK.NS,566.4749755859375,571.25,564.2249755859375,570.2374877929688,11707568
2019-04-30 05:30:00+05:30,HDFCBANK.NS,571.25,580.0,569.5999755859375,579.3624877929688,12536836
2019-05-02 05:30:00+05:30,HDFCBANK.NS,580.875,589.9124755859375,579.375,588.9500122070312,17169300
2019-05-03 05:30:00+05:30,HDFCBANK.NS,591.0499877929688,594.5,589.125,591.9874877929688,12351520
2019-05-06 05:30:00+05:30,HDFCBANK.NS,587.0,587.9749755859375,579.2625122070312,582.1124877929688,13748092
2019-05-07 05:30:00+05:30,HDFCBANK.NS,587.9749755859375,589.5,579.5,580.5875244140625,9924204
2019-05-08 05:30:00+05:30,HDFCBANK.NS,580.6375122070312,580.9500122070312,572.0,576.8125,12064208
2019-05-09 05:30:00+05:30,HDFCBANK.NS,575.0,575.0,567.9000244140625,572.7249755859375,9027724
2019-05-10 05:30:00+05:30,HDFCBANK.NS,572.8375244140625,581.2249755859375,572.8375244140625,574.125,10594200
2019-05-13 05:30:00+05:30,HDFCBANK.NS,574.0125122070312,578.3375244140625,570.0,571.7999877929688,11071632
2019-05-14 05:30:00+05:30,HDFCBANK.NS,574.1749877929688,577.75,568.8875122070312,571.9749755859375,10494744
2019-05-15 05:30:00+05:30,HDFCBANK.NS,574.0,576.7999877929688,570.5499877929688,571.6749877929688,8956348
2019-05-16 05:30:00+05:30,HDFCBANK.NS,570.1375122070312,579.75,570.0,577.6624755859375,8050136
2019-05-17 05:30:00+05:30,HDFCBANK.NS,578.25,592.3250122070312,577.9000244140625,590.5250244140625,14758780
2019-05-20 05:30:00+05:30,HDFCBANK.NS,602.0,609.6749877929688,595.0,608.0875244140625,17699632
2019-05-21 05:30:00+05:30,HDFCBANK.NS,609.5,612.3499755859375,599.8624877929688,600.9249877929688,10325176
2019-05-22 05:30:00+05:30,HDFCBANK.NS,602.9625244140625,606.5,598.5625,601.4375,11386660
2019-05-23 05:30:00+05:30,HDFCBANK.NS,602.25,609.9749755859375,579.7750244140625,583.0250244140625,33081996
2019-05-24 05:30:00+05:30,HDFCBANK.NS,589.9249877929688,596.5374755859375,585.0374755859375,593.3375244140625,13692800
2019-05-27 05:30:00+05:30,HDFCBANK.NS,594.7249755859375,605.4749755859375,593.0625,602.0875244140625,12049024
2019-05-28 05:30:00+05:30,HDFCBANK.NS,604.125,605.0,596.7625122070312,604.0499877929688,7364840
2019-05-29 05:30:00+05:30,HDFCBANK.NS,602.5499877929688,607.7000122070312,602.5499877929688,604.2249755859375,7475216
2019-05-30 05:30:00+05:30,HDFCBANK.NS,604.0,611.9749755859375,603.2625122070312,609.8875122070312,9359200
2019-05-31 05:30:00+05:30,HDFCBANK.NS,614.2000122070312,616.25,589.2000122070312,606.3375244140625,19785080
2019-06-03 05:30:00+05:30,HDFCBANK.NS,606.75,614.9500122070312,606.2374877929688,614.2750244140625,8480860
2019-06-04 05:30:00+05:30,HDFCBANK.NS,613.75,616.4375,610.2625122070312,613.0750122070312,6442988
2019-06-06 05:30:00+05:30,HDFCBANK.NS,613.2999877929688,617.5,603.3375244140625,605.8375244140625,15634924
2019-06-07 05:30:00+05:30,HDFCBANK.NS,606.4124755859375,613.5625,602.25,611.9124755859375,7970932
2019-06-10 05:30:00+05:30,HDFCBANK.NS,617.4874877929688,617.4874877929688,608.0250244140625,610.0499877929688,7077140
2019-06-11 05:30:00+05:30,HDFCBANK.NS,612.875,614.9749755859375,610.0875244140625,612.0999755859375,7103292
2019-06-12 05:30:00+05:30,HDFCBANK.NS,611.25,612.0999755859375,605.9124755859375,606.7625122070312,7308620
2019-06-13 05:30:00+05:30,HDFCBANK.NS,608.9874877929688,613.0,603.9874877929688,611.1749877929688,11107948
2019-06-14 05:30:00+05:30,HDFCBANK.NS,610.7374877929688,614.7374877929688,606.25,608.7750244140625,11956920
2019-06-17 05:30:00+05:30,HDFCBANK.NS,608.75,609.9749755859375,604.3250122070312,605.5,12810020
2019-06-18 05:30:00+05:30,HDFCBANK.NS,604.5,608.0,601.0,604.3125,12419652
2019-06-19 05:30:00+05:30,HDFCBANK.NS,606.75,611.2249755859375,604.1749877929688,607.0875244140625,10744276
2019-06-20 05:30:00+05:30,HDFCBANK.NS,607.0875244140625,609.25,603.6500244140625,606.5875244140625,11171492
2019-06-21 05:30:00+05:30,HDFCBANK.NS,606.5,607.4249877929688,601.4124755859375,603.5499877929688,13250260
2019-06-24 05:30:00+05:30,HDFCBANK.NS,602.9874877929688,607.6500244140625,602.5,604.4874877929688,6915000
2019-06-25 05:30:00+05:30,HDFCBANK.NS,604.9625244140625,610.375,600.75,607.1749877929688,8899800
2019-06-26 05:30:00+05:30,HDFCBANK.NS,606.1749877929688,617.5,605.5,616.9749755859375,10533636
2019-06-27 05:30:00+05:30,HDFCBANK.NS,617.1875,623.625,614.0374755859375,615.5750122070312,19879236
2019-06-28 05:30:00+05:30,HDFCBANK.NS,616.0,618.75,609.2625122070312,610.9375,12756844
2019-07-01 05:30:00+05:30,HDFCBANK.NS,614.0,622.25,612.5125122070312,621.3875122070312,8524160
2019-07-02 05:30:00+05:30,HDFCBANK.NS,622.0,624.375,616.7999877929688,623.75,7246828
2019-07-03 05:30:00+05:30,HDFCBANK.NS,624.75,625.8250122070312,620.75,622.4124755859375,7463256
2019-07-04 05:30:00+05:30,HDFCBANK.NS,623.7000122070312,624.4749755859375,618.0,620.9500122070312,7993964
2019-07-05 05:30:00+05:30,HDFCBANK.NS,621.2750244140625,623.7374877929688,615.0,618.0999755859375,7583060
2019-07-08 05:30:00+05:30,HDFCBANK.NS,618.6375122070312,618.6500244140625,599.2625122070312,602.4000244140625,14607140
2019-07-09 05:30:00+05:30,HDFCBANK.NS,600.9625244140625,602.7000122070312,593.25,594.7874755859375,16482688
2019-07-10 05:30:00+05:30,HDFCBANK.NS,594.6875,599.5,591.5625,597.1875,11569148
2019-07-11 05:30:00+05:30,HDFCBANK.NS,600.75,603.5,598.9124755859375,601.7874755859375,9097596
2019-07-12 05:30:00+05:30,HDFCBANK.NS,604.5,604.5,596.2625122070312,598.4749755859375,8976272
2019-07-15 05:30:00+05:30,HDFCBANK.NS,599.0,600.75,594.3375244140625,598.6875,8233184
2019-07-16 05:30:00+05:30,HDFCBANK.NS,604.5,604.5,595.5,597.7999877929688,12770568
2019-07-17 05:30:00+05:30,HDFCBANK.NS,598.2374877929688,602.9000244140625,597.8250122070312,599.3624877929688,7759736
2019-07-18 05:30:00+05:30,HDFCBANK.NS,600.75,607.25,600.4749755859375,602.9749755859375,10802584
2019-07-19 05:30:00+05:30,HDFCBANK.NS,603.75,605.1749877929688,591.75,593.9124755859375,8939228
2019-07-22 05:30:00+05:30,HDFCBANK.NS,586.25,587.4625244140625,570.3125,574.3125,22171296
2019-07-23 05:30:00+05:30,HDFCBANK.NS,573.625,573.625,560.5125122070312,565.875,27802864
2019-07-24 05:30:00+05:30,HDFCBANK.NS,564.1875,573.25,562.75,570.2249755859375,17363740
2019-07-25 05:30:00+05:30,HDFCBANK.NS,571.25,578.8624877929688,570.0625,571.5125122070312,19462008
2019-07-26 05:30:00+05:30,HDFCBANK.NS,569.5499877929688,573.4124755859375,568.2125244140625,569.3250122070312,12829828
2019-07-29 05:30:00+05:30,HDFCBANK.NS,568.3875122070312,568.3875122070312,555.7625122070312,561.0750122070312,9976492
2019-07-30 05:30:00+05:30,HDFCBANK.NS,563.75,567.7999877929688,559.9749755859375,563.0625,10394136
2019-07-31 05:30:00+05:30,HDFCBANK.NS,560.0,566.75,558.5625,562.9124755859375,13891840
2019-08-01 05:30:00+05:30,HDFCBANK.NS,557.2750244140625,560.0,549.25,555.4500122070312,18241676
2019-08-02 05:30:00+05:30,HDFCBANK.NS,552.75,556.0,545.5,553.5875244140625,27825536
2019-08-05 05:30:00+05:30,HDFCBANK.NS,549.2625122070312,550.0,540.625,544.8125,19822440
2019-08-06 05:30:00+05:30,HDFCBANK.NS,541.75,552.5625,541.75,547.2750244140625,24890940
2019-08-07 05:30:00+05:30,HDFCBANK.NS,547.5,550.5,541.25,546.0,18750136
2019-08-08 05:30:00+05:30,HDFCBANK.NS,549.5,560.75,545.75,558.2874755859375,19711600
2019-08-09 05:30:00+05:30,HDFCBANK.NS,561.75,572.25,559.9500122070312,570.5,30436112
2019-08-13 05:30:00+05:30,HDFCBANK.NS,568.3250122070312,568.3250122070312,550.6500244140625,555.0875244140625,15440068
2019-08-14 05:30:00+05:30,HDFCBANK.NS,558.8499755859375,558.8499755859375,550.7625122070312,557.3624877929688,14254052
2019-08-16 05:30:00+05:30,HDFCBANK.NS,553.5,558.25,551.0250244140625,556.9249877929688,15247560
2019-08-19 05:30:00+05:30,HDFCBANK.NS,559.625,560.5,550.4249877929688,551.7125244140625,8498200
2019-08-20 05:30:00+05:30,HDFCBANK.NS,552.3125,556.9500122070312,551.7125244140625,555.1500244140625,10270592
2019-08-21 05:30:00+05:30,HDFCBANK.NS,556.2249755859375,560.2999877929688,553.5499877929688,556.4625244140625,10472712
2019-08-22 05:30:00+05:30,HDFCBANK.NS,555.2125244140625,555.2125244140625,541.7625122070312,543.5250244140625,13992044
2019-08-23 05:30:00+05:30,HDFCBANK.NS,540.25,544.25,534.9000244140625,540.6749877929688,20099616
2019-08-26 05:30:00+05:30,HDFCBANK.NS,548.7249755859375,566.5374755859375,541.75,564.0374755859375,25280244
2019-08-27 05:30:00+05:30,HDFCBANK.NS,564.0,568.2249755859375,560.0250244140625,564.9874877929688,20660832
2019-08-28 05:30:00+05:30,HDFCBANK.NS,562.5,564.3375244140625,556.5875244140625,561.875,13662588
2019-08-29 05:30:00+05:30,HDFCBANK.NS,561.5,563.4249877929688,555.0750122070312,556.7374877929688,14783716
2019-08-30 05:30:00+05:30,HDFCBANK.NS,558.375,565.0,555.5,556.9874877929688,19233320
2019-09-03 05:30:00+05:30,HDFCBANK.NS,555.0,555.25,549.0374755859375,552.7374877929688,11428676
2019-09-04 05:30:00+05:30,HDFCBANK.NS,551.75,568.5,549.75,561.9375,15060704
2019-09-05 05:30:00+05:30,HDFCBANK.NS,562.25,568.0999755859375,556.25,558.7874755859375,17296252
2019-09-06 05:30:00+05:30,HDFCBANK.NS,557.0,564.1500244140625,555.3250122070312,561.4749755859375,12870004
2019-09-09 05:30:00+05:30,HDFCBANK.NS,561.5,565.2249755859375,554.0250244140625,562.4000244140625,10643404
2019-09-11 05:30:00+05:30,HDFCBANK.NS,568.5,568.5,560.2874755859375,562.8250122070312,15209116
2019-09-12 05:30:00+05:30,HDFCBANK.NS,562.6749877929688,572.2000122070312,562.0374755859375,567.7125244140625,18132300
2019-09-13 05:30:00+05:30,HDFCBANK.NS,562.75,566.8624877929688,559.5,564.3624877929688,15371340
2019-09-16 05:30:00+05:30,HDFCBANK.NS,562.9749755859375,565.6624755859375,560.25,561.0374755859375,11030184
2019-09-17 05:30:00+05:30,HDFCBANK.NS,561.9749755859375,562.125,549.5250244140625,552.8375244140625,10656556
2019-09-18 05:30:00+05:30,HDFCBANK.NS,554.3250122070312,556.0374755859375,545.0,546.9375,12959884
2019-09-19 05:30:00+05:30,HDFCBANK.NS,549.9500122070312,553.5250244140625,542.0,550.5250244140625,10623310
2019-09-20 05:30:00+05:30,HDFCBANK.NS,554.0,604.9500122070312,552.7000122070312,599.7999877929688,46150034
2019-09-23 05:30:00+05:30,HDFCBANK.NS,629.7750244140625,641.3499755859375,614.5,628.625,41920410
2019-09-24 05:30:00+05:30,HDFCBANK.NS,625.0,630.9749755859375,613.7750244140625,626.9000244140625,23379048
2019-09-25 05:30:00+05:30,HDFCBANK.NS,624.9500122070312,624.9500122070312,615.0499877929688,619.8499755859375,15608976
2019-09-26 05:30:00+05:30,HDFCBANK.NS,619.9000244140625,637.5,618.1749877929688,621.25,30671560
2019-09-27 05:30:00+05:30,HDFCBANK.NS,624.125,626.75,618.7999877929688,622.0999755859375,14873170
2019-09-30 05:30:00+05:30,HDFCBANK.NS,614.4000244140625,620.0,608.25,613.7249755859375,18218458
2019-10-01 05:30:00+05:30,HDFCBANK.NS,615.75,627.5,610.5499877929688,624.4000244140625,18768352
2019-10-03 05:30:00+05:30,HDFCBANK.NS,619.9749755859375,621.9000244140625,608.1749877929688,611.7750244140625,16298876
2019-10-04 05:30:00+05:30,HDFCBANK.NS,618.3250122070312,619.7999877929688,592.6500244140625,594.8499755859375,18403632
2019-10-07 05:30:00+05:30,HDFCBANK.NS,600.5999755859375,609.9249877929688,590.5750122070312,593.4500122070312,22513220
2019-10-09 05:30:00+05:30,HDFCBANK.NS,598.5499877929688,614.9500122070312,595.0,614.0750122070312,17427270
2019-10-10 05:30:00+05:30,HDFCBANK.NS,610.9000244140625,612.9749755859375,598.5999755859375,600.2750244140625,11556858
2019-10-11 05:30:00+05:30,HDFCBANK.NS,606.7000122070312,612.0,594.4749755859375,599.4000244140625,17186318
2019-10-14 05:30:00+05:30,HDFCBANK.NS,604.5,609.9500122070312,598.7000122070312,602.2000122070312,12267802
2019-10-15 05:30:00+05:30,HDFCBANK.NS,603.5,612.5,603.4249877929688,611.5250244140625,8400374
2019-10-16 05:30:00+05:30,HDFCBANK.NS,615.8250122070312,617.5,605.0499877929688,610.5499877929688,10586816
2019-10-17 05:30:00+05:30,HDFCBANK.NS,613.75,614.9249877929688,606.5499877929688,610.0,12243614
2019-10-18 05:30:00+05:30,HDFCBANK.NS,612.7249755859375,616.9249877929688,610.1749877929688,614.5,11233806
2019-10-22 05:30:00+05:30,HDFCBANK.NS,628.5,628.5,616.2999877929688,619.6500244140625,20006228
2019-10-23 05:30:00+05:30,HDFCBANK.NS,623.4249877929688,624.875,616.5,620.7999877929688,10190214
2019-10-24 05:30:00+05:30,HDFCBANK.NS,624.0,627.0750122070312,613.1749877929688,618.0499877929688,13107494
2019-10-25 05:30:00+05:30,HDFCBANK.NS,620.0,623.4249877929688,610.0,614.5,12993542
2019-10-27 05:30:00+05:30,HDFCBANK.NS,619.9749755859375,620.9500122070312,617.5,618.8499755859375,1750082
2019-10-29 05:30:00+05:30,HDFCBANK.NS,619.0,628.6749877929688,618.8499755859375,621.25,14232568
2019-10-30 05:30:00+05:30,HDFCBANK.NS,623.4500122070312,631.3499755859375,621.5,624.1749877929688,12011366
2019-10-31 05:30:00+05:30,HDFCBANK.NS,628.8499755859375,631.9500122070312,613.5499877929688,615.1749877929688,13217706
2019-11-01 05:30:00+05:30,HDFCBANK.NS,619.5,621.875,613.7999877929688,620.0250244140625,11512260
2019-11-04 05:30:00+05:30,HDFCBANK.NS,623.2249755859375,625.0,614.5250244140625,618.4249877929688,9935176
2019-11-05 05:30:00+05:30,HDFCBANK.NS,620.5,622.4000244140625,614.5250244140625,619.75,12367810
2019-11-06 05:30:00+05:30,HDFCBANK.NS,621.2249755859375,629.5,614.0250244140625,628.3250122070312,12130336
2019-11-07 05:30:00+05:30,HDFCBANK.NS,630.5,634.8499755859375,625.0,631.8499755859375,16963034
2019-11-08 05:30:00+05:30,HDFCBANK.NS,629.5,633.5,625.7249755859375,627.7999877929688,13251496
2019-11-11 05:30:00+05:30,HDFCBANK.NS,626.2750244140625,634.25,625.25,632.375,14286610
2019-11-13 05:30:00+05:30,HDFCBANK.NS,630.9749755859375,635.0,626.7999877929688,628.7750244140625,9293496
2019-11-14 05:30:00+05:30,HDFCBANK.NS,631.9000244140625,638.5,628.5999755859375,636.9500122070312,11055218
2019-11-15 05:30:00+05:30,HDFCBANK.NS,641.9249877929688,642.5,635.5499877929688,638.9500122070312,9279012
2019-11-18 05:30:00+05:30,HDFCBANK.NS,638.5,639.7249755859375,629.3499755859375,631.0250244140625,9130292
2019-11-19 05:30:00+05:30,HDFCBANK.NS,632.6500244140625,637.5,630.5499877929688,635.9500122070312,10570578
2019-11-20 05:30:00+05:30,HDFCBANK.NS,636.5,641.4749755859375,633.5,636.6749877929688,11054258
2019-11-21 05:30:00+05:30,HDFCBANK.NS,635.125,643.5,634.1749877929688,641.6749877929688,12019526
2019-11-22 05:30:00+05:30,HDFCBANK.NS,641.8250122070312,641.8250122070312,631.0,632.375,7688010
2019-11-25 05:30:00+05:30,HDFCBANK.NS,632.0750122070312,639.75,632.0750122070312,635.5499877929688,7893556
2019-11-26 05:30:00+05:30,HDFCBANK.NS,639.2249755859375,639.875,633.4749755859375,637.5250244140625,8716002
2019-11-27 05:30:00+05:30,HDFCBANK.NS,638.0,642.875,635.5999755859375,639.2000122070312,9580666
2019-11-28 05:30:00+05:30,HDFCBANK.NS,640.0999755859375,641.5250244140625,631.0,632.6500244140625,12366040
2019-11-29 05:30:00+05:30,HDFCBANK.NS,633.8499755859375,639.9500122070312,626.0,637.4749755859375,15567626
2019-12-02 05:30:00+05:30,HDFCBANK.NS,636.9749755859375,636.9749755859375,629.2999877929688,632.875,8946204
2019-12-03 05:30:00+05:30,HDFCBANK.NS,634.0999755859375,634.5,626.9000244140625,627.7000122070312,6991906
2019-12-04 05:30:00+05:30,HDFCBANK.NS,626.25,628.4500122070312,617.0999755859375,625.8250122070312,11395614
2019-12-05 05:30:00+05:30,HDFCBANK.NS,627.7999877929688,629.375,620.375,622.7999877929688,12772494
2019-12-06 05:30:00+05:30,HDFCBANK.NS,624.4749755859375,630.0,619.0999755859375,623.0250244140625,13774650
2019-12-09 05:30:00+05:30,HDFCBANK.NS,624.75,624.9249877929688,618.7750244140625,621.4749755859375,8265350
2019-12-10 05:30:00+05:30,HDFCBANK.NS,625.5,626.8250122070312,622.5499877929688,624.75,9788900
2019-12-11 05:30:00+05:30,HDFCBANK.NS,625.0499877929688,627.0,621.25,624.375,11054642
2019-12-12 05:30:00+05:30,HDFCBANK.NS,626.5,634.7249755859375,626.5,631.7999877929688,12913148
2019-12-13 05:30:00+05:30,HDFCBANK.NS,632.5,636.1749877929688,629.625,631.9249877929688,11775186
2019-12-16 05:30:00+05:30,HDFCBANK.NS,634.625,635.0,624.0999755859375,628.6749877929688,11327576
2019-12-17 05:30:00+05:30,HDFCBANK.NS,630.0,637.4000244140625,627.6749877929688,635.5499877929688,12427354
2019-12-18 05:30:00+05:30,HDFCBANK.NS,641.5,649.5,636.8250122070312,646.1749877929688,17447172
2019-12-19 05:30:00+05:30,HDFCBANK.NS,652.5,652.75,643.0499877929688,644.4000244140625,13018376
2019-12-20 05:30:00+05:30,HDFCBANK.NS,644.375,649.7999877929688,640.0250244140625,648.3499755859375,15026044
2019-12-23 05:30:00+05:30,HDFCBANK.NS,649.5,652.0,644.4000244140625,651.2000122070312,10195782
2019-12-24 05:30:00+05:30,HDFCBANK.NS,649.2999877929688,650.5499877929688,643.4749755859375,644.5750122070312,7179208
2019-12-26 05:30:00+05:30,HDFCBANK.NS,644.8499755859375,645.9249877929688,632.3250122070312,635.2249755859375,14949758
2019-12-27 05:30:00+05:30,HDFCBANK.NS,636.0,639.5,635.0,637.5,7092992
2019-12-30 05:30:00+05:30,HDFCBANK.NS,641.0,644.375,637.0250244140625,641.0750122070312,9334190
2019-12-31 05:30:00+05:30,HDFCBANK.NS,640.9749755859375,640.9749755859375,634.3250122070312,636.0499877929688,8357056
2020-01-01 05:30:00+05:30,HDFCBANK.NS,638.0499877929688,640.0,635.2999877929688,639.2999877929688,3673698
2020-01-02 05:30:00+05:30,HDFCBANK.NS,639.5,644.0,639.5,643.375,6137166
2020-01-03 05:30:00+05:30,HDFCBANK.NS,641.0999755859375,642.5,631.7999877929688,634.2000122070312,10855550
2020-01-06 05:30:00+05:30,HDFCBANK.NS,630.0,630.9000244140625,618.0,620.4749755859375,10890186
2020-01-07 05:30:00+05:30,HDFCBANK.NS,629.4500122070312,635.7249755859375,626.125,630.2999877929688,14724494
2020-01-08 05:30:00+05:30,HDFCBANK.NS,623.4749755859375,631.0750122070312,620.0250244140625,628.6500244140625,11332110
2020-01-09 05:30:00+05:30,HDFCBANK.NS,632.5,637.9000244140625,631.5499877929688,635.7000122070312,9546316
2020-01-10 05:30:00+05:30,HDFCBANK.NS,642.0499877929688,643.4500122070312,637.5499877929688,641.3499755859375,9214580
2020-01-13 05:30:00+05:30,HDFCBANK.NS,641.3499755859375,648.25,638.0,643.0,7451568
2020-01-14 05:30:00+05:30,HDFCBANK.NS,644.5,646.2750244140625,638.75,644.75,7886290
2020-01-15 05:30:00+05:30,HDFCBANK.NS,643.2000122070312,643.9749755859375,637.0499877929688,642.125,11787448
2020-01-16 05:30:00+05:30,HDFCBANK.NS,641.0250244140625,645.5,639.6749877929688,643.8250122070312,7150400
2020-01-17 05:30:00+05:30,HDFCBANK.NS,640.875,642.4500122070312,635.9500122070312,639.0750122070312,16918814
2020-01-20 05:30:00+05:30,HDFCBANK.NS,652.4249877929688,652.4249877929688,626.25,627.4500122070312,22178450
2020-01-21 05:30:00+05:30,HDFCBANK.NS,625.0,625.0,619.2000122070312,622.1749877929688,14984804
2020-01-22 05:30:00+05:30,HDFCBANK.NS,624.0250244140625,627.5,617.2000122070312,620.4249877929688,18368310
2020-01-23 05:30:00+05:30,HDFCBANK.NS,620.0,623.4249877929688,615.5,622.4249877929688,11508920
2020-01-24 05:30:00+05:30,HDFCBANK.NS,623.0,627.0,619.5499877929688,622.2750244140625,11831756
2020-01-27 05:30:00+05:30,HDFCBANK.NS,617.5,617.5,605.875,606.5999755859375,18888552
2020-01-28 05:30:00+05:30,HDFCBANK.NS,609.4000244140625,613.9000244140625,606.625,611.5999755859375,13412158
2020-01-29 05:30:00+05:30,HDFCBANK.NS,612.6500244140625,621.0,611.125,617.9249877929688,13788350
2020-01-30 05:30:00+05:30,HDFCBANK.NS,619.4749755859375,619.4749755859375,608.5999755859375,613.0250244140625,12111984
2020-01-31 05:30:00+05:30,HDFCBANK.NS,615.7249755859375,618.9000244140625,610.125,613.1500244140625,11178268
2020-02-03 05:30:00+05:30,HDFCBANK.NS,598.5,598.9749755859375,588.8499755859375,596.4000244140625,13077010
2020-02-04 05:30:00+05:30,HDFCBANK.NS,599.0,617.0,599.0,614.9000244140625,20897704
2020-02-05 05:30:00+05:30,HDFCBANK.NS,617.4500122070312,624.0,613.6500244140625,622.3250122070312,18020682
2020-02-06 05:30:00+05:30,HDFCBANK.NS,622.3250122070312,624.3499755859375,618.5999755859375,619.9000244140625,11827550
2020-02-07 05:30:00+05:30,HDFCBANK.NS,623.0,623.5,615.7999877929688,621.0999755859375,6815448
2020-02-10 05:30:00+05:30,HDFCBANK.NS,621.4749755859375,621.4749755859375,613.0250244140625,620.1500244140625,9219834
2020-02-11 05:30:00+05:30,HDFCBANK.NS,621.6500244140625,627.5,619.0250244140625,620.2999877929688,11613520
2020-02-12 05:30:00+05:30,HDFCBANK.NS,622.5999755859375,626.4500122070312,622.0250244140625,624.5,6297930
2020-02-13 05:30:00+05:30,HDFCBANK.NS,629.9500122070312,629.9500122070312,616.7999877929688,620.7000122070312,9112140
2020-02-14 05:30:00+05:30,HDFCBANK.NS,621.5999755859375,624.2000122070312,607.5,609.6749877929688,14688858
2020-02-17 05:30:00+05:30,HDFCBANK.NS,612.5,616.5,607.2249755859375,608.5750122070312,10152690
2020-02-18 05:30:00+05:30,HDFCBANK.NS,608.4500122070312,609.25,601.75,606.625,10529116
2020-02-19 05:30:00+05:30,HDFCBANK.NS,611.25,615.0,606.9500122070312,613.5999755859375,10012268
2020-02-20 05:30:00+05:30,HDFCBANK.NS,615.0,615.0,607.0499877929688,608.5499877929688,11123414
2020-02-24 05:30:00+05:30,HDFCBANK.NS,604.4749755859375,607.375,600.0,604.9749755859375,16568084
2020-02-25 05:30:00+05:30,HDFCBANK.NS,602.0,604.5,599.0,600.1500244140625,13886680
2020-02-26 05:30:00+05:30,HDFCBANK.NS,598.75,602.3499755859375,592.8250122070312,599.625,13814786
2020-02-27 05:30:00+05:30,HDFCBANK.NS,597.5,601.25,590.5,599.7249755859375,20655098
2020-02-28 05:30:00+05:30,HDFCBANK.NS,587.75,592.5,585.0499877929688,588.8250122070312,24313056
2020-03-02 05:30:00+05:30,HDFCBANK.NS,600.0999755859375,600.5750122070312,583.0750122070312,589.7999877929688,14664898
2020-03-03 05:30:00+05:30,HDFCBANK.NS,587.5,592.6749877929688,584.0,590.9000244140625,22369550
2020-03-04 05:30:00+05:30,HDFCBANK.NS,589.1749877929688,590.0,566.5499877929688,574.4249877929688,34288870
2020-03-05 05:30:00+05:30,HDFCBANK.NS,576.5,582.5,571.375,575.6749877929688,19549708
2020-03-06 05:30:00+05:30,HDFCBANK.NS,562.5,570.4500122070312,550.5,567.4500122070312,23053566
2020-03-09 05:30:00+05:30,HDFCBANK.NS,555.0,559.2000122070312,532.5,553.6500244140625,34420590
2020-03-11 05:30:00+05:30,HDFCBANK.NS,552.5,560.0,546.0,556.9000244140625,35538240
2020-03-12 05:30:00+05:30,HDFCBANK.NS,537.5,540.0,501.7250061035156,510.6499938964844,59000770
2020-03-13 05:30:00+05:30,HDFCBANK.NS,490.0249938964844,540.7249755859375,459.6000061035156,534.9000244140625,66342364
2020-03-16 05:30:00+05:30,HDFCBANK.NS,517.5,518.5,497.5,499.75,31986322
2020-03-17 05:30:00+05:30,HDFCBANK.NS,504.0,505.0,477.3500061035156,487.54998779296875,42676838
2020-03-18 05:30:00+05:30,HDFCBANK.NS,492.5,496.5,432.5,438.45001220703125,61181406
2020-03-19 05:30:00+05:30,HDFCBANK.NS,423.5,459.9750061035156,397.5,447.7749938964844,67220048
2020-03-20 05:30:00+05:30,HDFCBANK.NS,437.5,457.29998779296875,412.2749938964844,441.42498779296875,88637464
2020-03-23 05:30:00+05:30,HDFCBANK.NS,397.29998779296875,419.375,382.5,385.7749938964844,50276954
2020-03-24 05:30:00+05:30,HDFCBANK.NS,397.625,405.0,369.375,383.8500061035156,61057272
2020-03-25 05:30:00+05:30,HDFCBANK.NS,385.2250061035156,433.7250061035156,377.625,428.375,47228042
2020-03-26 05:30:00+05:30,HDFCBANK.NS,435.04998779296875,468.8500061035156,420.5,450.54998779296875,57043156
2020-03-27 05:30:00+05:30,HDFCBANK.NS,472.4750061035156,494.32501220703125,436.04998779296875,452.2250061035156,55235936
2020-03-30 05:30:00+05:30,HDFCBANK.NS,440.0,443.5,414.0,415.82501220703125,39268444
2020-03-31 05:30:00+05:30,HDFCBANK.NS,426.8999938964844,436.79998779296875,419.0,430.95001220703125,35211092
2020-04-01 05:30:00+05:30,HDFCBANK.NS,431.92498779296875,431.92498779296875,410.0,414.82501220703125,29103504
2020-04-03 05:30:00+05:30,HDFCBANK.NS,421.5,422.0,405.0,406.92498779296875,34996280
2020-04-07 05:30:00+05:30,HDFCBANK.NS,437.0,453.6499938964844,422.67498779296875,448.04998779296875,60412638
2020-04-08 05:30:00+05:30,HDFCBANK.NS,439.9750061035156,472.5,433.04998779296875,444.45001220703125,56219352
2020-04-09 05:30:00+05:30,HDFCBANK.NS,456.5,465.45001220703125,445.0,462.5249938964844,44457146
2020-04-13 05:30:00+05:30,HDFCBANK.NS,467.0,473.3500061035156,443.1000061035156,447.67498779296875,34158056
2020-04-15 05:30:00+05:30,HDFCBANK.NS,465.25,465.25,421.5,431.6499938964844,57978752
2020-04-16 05:30:00+05:30,HDFCBANK.NS,432.5,445.3500061035156,428.125,439.875,53854396
2020-04-17 05:30:00+05:30,HDFCBANK.NS,457.5,460.0,443.625,455.1499938964844,55883462
2020-04-20 05:30:00+05:30,HDFCBANK.NS,475.5,480.4750061035156,467.5,472.42498779296875,66232986
2020-04-21 05:30:00+05:30,HDFCBANK.NS,462.5,467.0,454.0,460.82501220703125,33178006
2020-04-22 05:30:00+05:30,HDFCBANK.NS,459.57501220703125,466.5,453.6499938964844,464.29998779296875,38289354
2020-04-23 05:30:00+05:30,HDFCBANK.NS,467.5,479.25,456.2749938964844,477.4750061035156,40901222
2020-04-24 05:30:00+05:30,HDFCBANK.NS,466.5,479.20001220703125,463.0,469.0249938964844,33284568
2020-04-27 05:30:00+05:30,HDFCBANK.NS,472.57501220703125,478.70001220703125,463.1499938964844,464.8500061035156,27421072
2020-04-28 05:30:00+05:30,HDFCBANK.NS,471.8999938964844,471.8999938964844,461.0,465.70001220703125,29441436
2020-04-29 05:30:00+05:30,HDFCBANK.NS,467.5,496.3500061035156,467.04998779296875,488.54998779296875,55877778
2020-04-30 05:30:00+05:30,HDFCBANK.NS,500.70001220703125,509.5,496.04998779296875,500.8999938964844,43793134
2020-05-04 05:30:00+05:30,HDFCBANK.NS,478.75,480.0,458.75,461.5,26722324
2020-05-05 05:30:00+05:30,HDFCBANK.NS,469.0,472.0,454.0249938964844,455.7250061035156,29672858
2020-05-06 05:30:00+05:30,HDFCBANK.NS,459.5,475.0,452.82501220703125,473.20001220703125,33785846
2020-05-07 05:30:00+05:30,HDFCBANK.NS,470.25,471.6499938964844,460.67498779296875,462.5,21831730
2020-05-08 05:30:00+05:30,HDFCBANK.NS,471.0,471.9750061035156,462.6000061035156,464.5249938964844,20807484
2020-05-11 05:30:00+05:30,HDFCBANK.NS,468.5,477.0,457.0,457.8999938964844,28550784
2020-05-12 05:30:00+05:30,HDFCBANK.NS,450.5,454.70001220703125,435.54998779296875,450.7749938964844,49568418
2020-05-13 05:30:00+05:30,HDFCBANK.NS,475.5,480.0,461.04998779296875,463.82501220703125,44346966
2020-05-14 05:30:00+05:30,HDFCBANK.NS,449.0,455.5,445.0,446.8500061035156,39554890
2020-05-15 05:30:00+05:30,HDFCBANK.NS,445.25,446.20001220703125,437.5,444.07501220703125,24349628
2020-05-18 05:30:00+05:30,HDFCBANK.NS,444.0,444.0,415.6499938964844,418.32501220703125,46649964
2020-05-19 05:30:00+05:30,HDFCBANK.NS,430.42498779296875,433.6499938964844,413.04998779296875,415.32501220703125,47460692
2020-05-20 05:30:00+05:30,HDFCBANK.NS,418.2250061035156,432.0,416.1000061035156,428.54998779296875,40014306
2020-05-21 05:30:00+05:30,HDFCBANK.NS,430.7250061035156,442.0,426.1499938964844,429.7749938964844,48478908
2020-05-22 05:30:00+05:30,HDFCBANK.NS,425.0,435.1499938964844,416.5249938964844,419.42498779296875,42047432
2020-05-26 05:30:00+05:30,HDFCBANK.NS,428.5,435.875,424.375,426.20001220703125,38005152
2020-05-27 05:30:00+05:30,HDFCBANK.NS,429.95001220703125,454.8999938964844,428.57501220703125,451.82501220703125,56025754
2020-05-28 05:30:00+05:30,HDFCBANK.NS,460.0,475.0,456.9750061035156,472.625,75488806
2020-05-29 05:30:00+05:30,HDFCBANK.NS,472.0,477.5,461.7250061035156,475.82501220703125,53025166
2020-06-01 05:30:00+05:30,HDFCBANK.NS,487.5,497.5,483.04998779296875,493.82501220703125,39190230
2020-06-02 05:30:00+05:30,HDFCBANK.NS,493.3500061035156,502.5,487.6000061035156,500.5,41623594
2020-06-03 05:30:00+05:30,HDFCBANK.NS,510.0,523.125,507.7250061035156,511.125,50546088
2020-06-04 05:30:00+05:30,HDFCBANK.NS,514.0250244140625,519.4749755859375,495.54998779296875,500.8500061035156,54275882
2020-06-05 05:30:00+05:30,HDFCBANK.NS,501.54998779296875,521.2000122070312,501.3999938964844,516.6749877929688,35195984
2020-06-08 05:30:00+05:30,HDFCBANK.NS,530.0,533.3250122070312,503.20001220703125,507.95001220703125,49812664
2020-06-09 05:30:00+05:30,HDFCBANK.NS,510.0,513.375,489.7749938964844,493.6499938964844,61844146
2020-06-10 05:30:00+05:30,HDFCBANK.NS,495.0,499.92498779296875,489.1000061035156,495.92498779296875,36497730
2020-06-11 05:30:00+05:30,HDFCBANK.NS,492.5,494.20001220703125,482.5,484.29998779296875,30897714
2020-06-12 05:30:00+05:30,HDFCBANK.NS,464.0,493.32501220703125,464.0,491.375,42644876
2020-06-15 05:30:00+05:30,HDFCBANK.NS,484.0,487.0,471.5,474.92498779296875,32009936
2020-06-16 05:30:00+05:30,HDFCBANK.NS,487.5,496.9750061035156,476.0,495.20001220703125,45399970
2020-06-17 05:30:00+05:30,HDFCBANK.NS,494.5,499.45001220703125,486.625,489.625,36957838
2020-06-18 05:30:00+05:30,HDFCBANK.NS,490.0,512.4500122070312,486.0,509.9750061035156,40870126
2020-06-19 05:30:00+05:30,HDFCBANK.NS,508.9750061035156,521.5,506.07501220703125,516.6749877929688,47877752
2020-06-22 05:30:00+05:30,HDFCBANK.NS,519.7249755859375,522.9749755859375,511.8999938964844,514.375,29694474
2020-06-23 05:30:00+05:30,HDFCBANK.NS,519.5,522.5,508.2749938964844,521.1500244140625,28830512
2020-06-24 05:30:00+05:30,HDFCBANK.NS,524.25,528.75,515.0250244140625,516.25,39429246
2020-06-25 05:30:00+05:30,HDFCBANK.NS,510.95001220703125,524.5,503.5,514.375,70646790
2020-06-26 05:30:00+05:30,HDFCBANK.NS,520.5,531.5,514.0,528.2249755859375,39969138
2020-06-29 05:30:00+05:30,HDFCBANK.NS,518.5,541.2999877929688,518.5,538.0250244140625,46005956
2020-06-30 05:30:00+05:30,HDFCBANK.NS,537.0,539.2750244140625,528.1500244140625,532.9249877929688,35746130
2020-07-01 05:30:00+05:30,HDFCBANK.NS,532.9249877929688,548.0,530.6500244140625,542.2999877929688,34846718
2020-07-02 05:30:00+05:30,HDFCBANK.NS,545.1500244140625,555.625,542.5999755859375,544.7000122070312,36954496
2020-07-03 05:30:00+05:30,HDFCBANK.NS,546.5,547.9000244140625,535.0,536.9749755859375,27597254
2020-07-06 05:30:00+05:30,HDFCBANK.NS,553.9749755859375,559.9500122070312,550.0,551.5,35558216
2020-07-07 05:30:00+05:30,HDFCBANK.NS,554.7000122070312,555.8499755859375,546.5250244140625,552.5750122070312,24349850
2020-07-08 05:30:00+05:30,HDFCBANK.NS,553.5,562.4500122070312,552.5,555.1749877929688,30056350
2020-07-09 05:30:00+05:30,HDFCBANK.NS,559.0,564.8499755859375,553.625,562.4749755859375,20114484
2020-07-10 05:30:00+05:30,HDFCBANK.NS,558.9500122070312,560.0,549.7750244140625,552.5499877929688,17562978
2020-07-13 05:30:00+05:30,HDFCBANK.NS,554.9500122070312,556.5,535.6500244140625,540.125,29922114
2020-07-14 05:30:00+05:30,HDFCBANK.NS,531.2999877929688,534.4500122070312,525.0,529.4249877929688,26612674
2020-07-15 05:30:00+05:30,HDFCBANK.NS,535.0999755859375,539.5,525.0499877929688,526.5750122070312,20974394
2020-07-16 05:30:00+05:30,HDFCBANK.NS,526.8250122070312,532.75,517.0499877929688,531.2750244140625,23662456
2020-07-17 05:30:00+05:30,HDFCBANK.NS,529.5250244140625,552.0,529.1500244140625,549.2249755859375,28405738
2020-07-20 05:30:00+05:30,HDFCBANK.NS,567.5,576.4500122070312,562.0750122070312,566.5250244140625,65124096
2020-07-21 05:30:00+05:30,HDFCBANK.NS,576.0250244140625,578.9749755859375,567.0,569.2750244140625,47512422
2020-07-22 05:30:00+05:30,HDFCBANK.NS,569.25,572.25,558.7750244140625,563.1749877929688,24718012
2020-07-23 05:30:00+05:30,HDFCBANK.NS,562.5,571.9500122070312,558.125,565.2000122070312,20149122
2020-07-24 05:30:00+05:30,HDFCBANK.NS,561.4500122070312,561.4500122070312,550.625,559.5499877929688,19598440
2020-07-27 05:30:00+05:30,HDFCBANK.NS,549.9249877929688,551.5,537.6749877929688,539.75,37970094
2020-07-28 05:30:00+05:30,HDFCBANK.NS,539.5,547.2000122070312,529.75,543.3250122070312,35596450
2020-07-29 05:30:00+05:30,HDFCBANK.NS,540.5,544.25,527.7750244140625,532.2999877929688,33592086
2020-07-30 05:30:00+05:30,HDFCBANK.NS,537.0,541.8250122070312,523.3499755859375,525.3250122070312,26956266
2020-07-31 05:30:00+05:30,HDFCBANK.NS,528.8499755859375,528.8499755859375,510.0249938964844,516.4000244140625,37726696
2020-08-03 05:30:00+05:30,HDFCBANK.NS,512.9749755859375,513.4749755859375,496.5,501.0,31783542
2020-08-04 05:30:00+05:30,HDFCBANK.NS,504.0,530.5250244140625,501.5,520.8250122070312,60306168
2020-08-05 05:30:00+05:30,HDFCBANK.NS,523.9749755859375,527.9000244140625,510.0,513.7750244140625,33221360
2020-08-06 05:30:00+05:30,HDFCBANK.NS,518.5,527.5,513.125,520.3499755859375,33646888
2020-08-07 05:30:00+05:30,HDFCBANK.NS,517.4249877929688,523.5999755859375,510.29998779296875,521.9249877929688,24836784
2020-08-10 05:30:00+05:30,HDFCBANK.NS,522.0,532.0,521.9000244140625,525.3250122070312,22172854
2020-08-11 05:30:00+05:30,HDFCBANK.NS,524.25,535.5,524.25,533.3250122070312,20136148
2020-08-12 05:30:00+05:30,HDFCBANK.NS,532.5,533.0,524.0,531.8499755859375,20666432
2020-08-13 05:30:00+05:30,HDFCBANK.NS,533.9749755859375,535.6749877929688,528.25,529.5250244140625,19892740
2020-08-14 05:30:00+05:30,HDFCBANK.NS,532.9500122070312,532.9500122070312,513.6500244140625,517.2249755859375,20924512
2020-08-17 05:30:00+05:30,HDFCBANK.NS,523.5,523.5,510.1000061035156,516.375,19561012
2020-08-18 05:30:00+05:30,HDFCBANK.NS,514.0,530.8250122070312,511.0,528.25,24040824
2020-08-19 05:30:00+05:30,HDFCBANK.NS,532.5,534.9000244140625,528.125,533.2999877929688,17715624
2020-08-20 05:30:00+05:30,HDFCBANK.NS,527.4749755859375,534.4749755859375,526.0,529.5,19216734
2020-08-21 05:30:00+05:30,HDFCBANK.NS,532.7000122070312,544.4000244140625,532.2999877929688,542.8250122070312,28924302
2020-08-24 05:30:00+05:30,HDFCBANK.NS,543.0,561.4749755859375,542.8250122070312,558.5250244140625,36779740
2020-08-25 05:30:00+05:30,HDFCBANK.NS,559.5,563.5,553.0999755859375,559.8499755859375,27601738
2020-08-26 05:30:00+05:30,HDFCBANK.NS,560.5,565.875,554.75,559.2249755859375,25190062
2020-08-27 05:30:00+05:30,HDFCBANK.NS,562.9000244140625,564.9500122070312,553.125,556.0499877929688,20645996
2020-08-28 05:30:00+05:30,HDFCBANK.NS,555.9749755859375,562.5,547.5,557.25,38696610
2020-08-31 05:30:00+05:30,HDFCBANK.NS,564.75,574.4000244140625,550.3499755859375,557.9249877929688,38501166
2020-09-01 05:30:00+05:30,HDFCBANK.NS,564.0,571.7999877929688,554.0,563.6500244140625,28877884
2020-09-02 05:30:00+05:30,HDFCBANK.NS,562.0499877929688,569.5,560.3499755859375,567.0750122070312,19761682
2020-09-03 05:30:00+05:30,HDFCBANK.NS,568.625,572.9749755859375,564.0,565.4500122070312,19833362
2020-09-04 05:30:00+05:30,HDFCBANK.NS,555.0,562.7000122070312,552.2000122070312,559.6500244140625,23661370
2020-09-07 05:30:00+05:30,HDFCBANK.NS,558.1500244140625,559.75,549.5,555.25,17615466
2020-09-08 05:30:00+05:30,HDFCBANK.NS,557.0,559.4000244140625,551.5,556.2249755859375,14624918
2020-09-09 05:30:00+05:30,HDFCBANK.NS,550.5,555.0,545.625,548.25,15728872
2020-09-10 05:30:00+05:30,HDFCBANK.NS,551.5,552.4249877929688,542.0,545.2750244140625,15188088
2020-09-11 05:30:00+05:30,HDFCBANK.NS,548.2249755859375,552.4249877929688,535.5,539.3250122070312,20794730
2020-09-14 05:30:00+05:30,HDFCBANK.NS,544.0,547.0,526.1749877929688,528.9749755859375,21650590
2020-09-15 05:30:00+05:30,HDFCBANK.NS,534.0,538.0750122070312,529.0499877929688,535.25,16505110
2020-09-16 05:30:00+05:30,HDFCBANK.NS,535.0999755859375,548.0,534.1749877929688,546.8250122070312,18710112
2020-09-17 05:30:00+05:30,HDFCBANK.NS,542.0,547.0,539.0,541.7999877929688,18318686
2020-09-18 05:30:00+05:30,HDFCBANK.NS,546.0,546.0999755859375,523.5999755859375,528.6500244140625,23481778
2020-09-21 05:30:00+05:30,HDFCBANK.NS,527.5,535.6749877929688,520.75,524.6500244140625,19842878
2020-09-22 05:30:00+05:30,HDFCBANK.NS,527.0250244140625,529.0750122070312,514.75,517.7000122070312,18620678
2020-09-23 05:30:00+05:30,HDFCBANK.NS,523.0,527.5,517.1749877929688,523.625,16079828
2020-09-24 05:30:00+05:30,HDFCBANK.NS,519.0,523.5,512.5,515.2000122070312,19809510
2020-09-25 05:30:00+05:30,HDFCBANK.NS,525.0,525.9749755859375,512.8250122070312,522.0,20321544
2020-09-28 05:30:00+05:30,HDFCBANK.NS,524.4749755859375,529.5,521.3250122070312,527.0999755859375,16152422
2020-09-29 05:30:00+05:30,HDFCBANK.NS,529.0,534.9500122070312,525.5,531.2750244140625,12644446
2020-09-30 05:30:00+05:30,HDFCBANK.NS,530.0,543.4500122070312,526.0,539.2999877929688,18813842
2020-10-01 05:30:00+05:30,HDFCBANK.NS,545.0499877929688,555.0,545.0499877929688,553.4749755859375,21203080
2020-10-05 05:30:00+05:30,HDFCBANK.NS,556.0,566.0,555.5,557.1749877929688,16940126
2020-10-06 05:30:00+05:30,HDFCBANK.NS,567.5250244140625,574.0,563.0999755859375,572.0499877929688,19371990
2020-10-07 05:30:00+05:30,HDFCBANK.NS,572.4500122070312,582.4249877929688,568.7999877929688,581.125,21248778
2020-10-08 05:30:00+05:30,HDFCBANK.NS,590.0,601.5,581.6749877929688,595.9000244140625,35060674
2020-10-09 05:30:00+05:30,HDFCBANK.NS,600.5,618.5,595.8250122070312,616.7750244140625,44972388
2020-10-12 05:30:00+05:30,HDFCBANK.NS,615.7750244140625,621.375,602.7999877929688,606.8250122070312,19220546
2020-10-13 05:30:00+05:30,HDFCBANK.NS,606.7000122070312,611.2249755859375,597.5,599.2249755859375,18353952
2020-10-14 05:30:00+05:30,HDFCBANK.NS,597.7750244140625,607.1500244140625,587.75,605.75,22582918
2020-10-15 05:30:00+05:30,HDFCBANK.NS,607.0999755859375,608.5,582.0,584.625,28246896
2020-10-16 05:30:00+05:30,HDFCBANK.NS,590.0,601.75,586.5,599.6749877929688,25822848
2020-10-19 05:30:00+05:30,HDFCBANK.NS,617.5,617.5,596.2999877929688,601.7750244140625,42359556
2020-10-20 05:30:00+05:30,HDFCBANK.NS,603.75,613.7000122070312,602.9500122070312,611.9749755859375,27411978
2020-10-21 05:30:00+05:30,HDFCBANK.NS,615.2999877929688,625.5,610.8499755859375,623.3499755859375,35640752
2020-10-22 05:30:00+05:30,HDFCBANK.NS,619.9749755859375,625.0,611.5,616.6500244140625,21913060
2020-10-23 05:30:00+05:30,HDFCBANK.NS,621.75,624.2249755859375,615.5999755859375,617.9000244140625,15866230
2020-10-26 05:30:00+05:30,HDFCBANK.NS,614.9000244140625,621.0,602.2999877929688,605.4500122070312,19571976
2020-10-27 05:30:00+05:30,HDFCBANK.NS,613.0,618.0,598.9249877929688,616.5499877929688,24317780
2020-10-28 05:30:00+05:30,HDFCBANK.NS,614.0,616.0,600.75,604.7999877929688,16571186
2020-10-29 05:30:00+05:30,HDFCBANK.NS,600.2999877929688,602.2249755859375,589.25,593.5999755859375,23060024
2020-10-30 05:30:00+05:30,HDFCBANK.NS,591.2750244140625,599.6500244140625,588.1749877929688,591.7750244140625,11522716
2020-11-02 05:30:00+05:30,HDFCBANK.NS,597.1749877929688,612.5,588.75,607.625,21926080
2020-11-03 05:30:00+05:30,HDFCBANK.NS,613.2249755859375,625.375,612.75,623.9749755859375,28164230
2020-11-04 05:30:00+05:30,HDFCBANK.NS,626.0,632.4000244140625,615.0,628.7000122070312,23404822
2020-11-05 05:30:00+05:30,HDFCBANK.NS,633.0,638.0,626.1749877929688,634.5999755859375,21433928
2020-11-06 05:30:00+05:30,HDFCBANK.NS,633.125,655.0,632.75,653.8250122070312,35705724
2020-11-09 05:30:00+05:30,HDFCBANK.NS,657.5999755859375,672.9749755859375,657.5999755859375,670.2750244140625,26288440
2020-11-10 05:30:00+05:30,HDFCBANK.NS,678.5,697.5,675.7750244140625,696.8250122070312,41517356
2020-11-11 05:30:00+05:30,HDFCBANK.NS,699.9500122070312,707.4000244140625,685.25,694.9749755859375,36116194
2020-11-12 05:30:00+05:30,HDFCBANK.NS,688.7000122070312,694.2750244140625,680.0,685.8499755859375,27053948
2020-11-13 05:30:00+05:30,HDFCBANK.NS,684.4000244140625,684.4000244140625,673.5,679.4000244140625,22472480
2020-11-14 05:30:00+05:30,HDFCBANK.NS,683.9000244140625,687.4749755859375,682.5999755859375,684.8499755859375,1835066
2020-11-17 05:30:00+05:30,HDFCBANK.NS,692.9000244140625,706.2999877929688,690.2999877929688,704.2249755859375,31059900
2020-11-18 05:30:00+05:30,HDFCBANK.NS,701.5,709.5,699.5250244140625,704.3499755859375,18862776
2020-11-19 05:30:00+05:30,HDFCBANK.NS,694.8499755859375,699.7249755859375,684.0,687.1749877929688,20266882
2020-11-20 05:30:00+05:30,HDFCBANK.NS,686.3250122070312,704.2000122070312,682.5250244140625,701.8250122070312,20405362
2020-11-23 05:30:00+05:30,HDFCBANK.NS,707.5,711.8250122070312,687.6749877929688,697.2999877929688,25246636
2020-11-24 05:30:00+05:30,HDFCBANK.NS,704.0,722.5,701.0250244140625,719.0999755859375,40154400
2020-11-25 05:30:00+05:30,HDFCBANK.NS,725.6500244140625,732.2000122070312,698.5,701.4000244140625,24152602
2020-11-26 05:30:00+05:30,HDFCBANK.NS,707.5,716.0,693.5,713.3250122070312,27943126
2020-11-27 05:30:00+05:30,HDFCBANK.NS,715.9000244140625,723.0,707.7750244140625,720.4249877929688,17994580
2020-12-01 05:30:00+05:30,HDFCBANK.NS,720.4249877929688,724.5,712.75,716.6500244140625,17147574
2020-12-02 05:30:00+05:30,HDFCBANK.NS,715.5,715.9000244140625,697.4000244140625,703.4749755859375,17892150
2020-12-03 05:30:00+05:30,HDFCBANK.NS,714.5,716.0,687.0250244140625,688.5999755859375,37933222
2020-12-04 05:30:00+05:30,HDFCBANK.NS,690.5,700.7249755859375,686.6500244140625,692.7999877929688,26912322
2020-12-07 05:30:00+05:30,HDFCBANK.NS,687.5,689.9749755859375,679.0499877929688,686.125,24316318
2020-12-08 05:30:00+05:30,HDFCBANK.NS,687.5,694.4000244140625,682.5750122070312,688.1500244140625,19457896
2020-12-09 05:30:00+05:30,HDFCBANK.NS,688.5,705.0250244140625,687.5250244140625,703.5999755859375,22069074
2020-12-10 05:30:00+05:30,HDFCBANK.NS,699.0,701.0,687.875,692.9249877929688,19727966
2020-12-11 05:30:00+05:30,HDFCBANK.NS,695.0250244140625,697.5,686.5,691.4000244140625,21356384
2020-12-14 05:30:00+05:30,HDFCBANK.NS,691.5,694.0,684.0,686.0750122070312,17222050
2020-12-15 05:30:00+05:30,HDFCBANK.NS,690.4000244140625,697.4749755859375,683.0,695.6500244140625,21561436
2020-12-16 05:30:00+05:30,HDFCBANK.NS,702.0,708.4000244140625,697.25,705.3499755859375,16832092
2020-12-17 05:30:00+05:30,HDFCBANK.NS,709.2999877929688,722.5,702.25,720.9000244140625,21924478
2020-12-18 05:30:00+05:30,HDFCBANK.NS,717.5,719.8499755859375,703.1500244140625,705.6749877929688,22995918
2020-12-21 05:30:00+05:30,HDFCBANK.NS,708.75,711.9249877929688,683.3499755859375,686.3250122070312,23761824
2020-12-22 05:30:00+05:30,HDFCBANK.NS,692.4000244140625,692.4000244140625,672.5,686.5499877929688,22851558
2020-12-23 05:30:00+05:30,HDFCBANK.NS,683.75,690.4749755859375,680.5250244140625,687.8250122070312,15467394
2020-12-24 05:30:00+05:30,HDFCBANK.NS,694.7000122070312,702.0,688.5,698.5499877929688,14952188
2020-12-28 05:30:00+05:30,HDFCBANK.NS,702.5,710.5,702.0,706.4249877929688,11699194
2020-12-29 05:30:00+05:30,HDFCBANK.NS,710.5250244140625,717.375,710.0,713.5999755859375,14495346
2020-12-30 05:30:00+05:30,HDFCBANK.NS,719.9500122070312,719.9500122070312,706.5,716.25,16216726
2020-12-31 05:30:00+05:30,HDFCBANK.NS,717.5,722.0,712.5250244140625,718.1500244140625,22145750
2021-01-01 05:30:00+05:30,HDFCBANK.NS,720.0,721.5,710.2999877929688,712.5250244140625,8810938
2021-01-04 05:30:00+05:30,HDFCBANK.NS,719.0,719.0,699.5,708.0,15740192
2021-01-05 05:30:00+05:30,HDFCBANK.NS,709.5999755859375,715.375,704.5,713.3499755859375,14386824
2021-01-06 05:30:00+05:30,HDFCBANK.NS,717.5,720.0,706.5499877929688,710.2750244140625,22134050
2021-01-07 05:30:00+05:30,HDFCBANK.NS,716.25,716.2999877929688,706.2750244140625,708.125,19894842
2021-01-08 05:30:00+05:30,HDFCBANK.NS,716.0,721.0,711.5499877929688,715.8250122070312,13768764
2021-01-11 05:30:00+05:30,HDFCBANK.NS,725.0,732.4500122070312,718.1500244140625,725.7249755859375,17331392
2021-01-12 05:30:00+05:30,HDFCBANK.NS,726.2249755859375,743.8499755859375,724.5499877929688,740.5,20388156
2021-01-13 05:30:00+05:30,HDFCBANK.NS,746.4500122070312,748.4500122070312,731.0499877929688,735.3250122070312,16934650
2021-01-14 05:30:00+05:30,HDFCBANK.NS,735.5750122070312,744.0,728.0,734.375,12297166
2021-01-15 05:30:00+05:30,HDFCBANK.NS,734.5499877929688,735.8250122070312,722.5,733.3250122070312,14165236
2021-01-18 05:30:00+05:30,HDFCBANK.NS,734.9500122070312,751.4249877929688,733.5,741.5499877929688,42825632
2021-01-19 05:30:00+05:30,HDFCBANK.NS,745.9000244140625,755.8250122070312,733.5,751.9249877929688,17360254
2021-01-20 05:30:00+05:30,HDFCBANK.NS,750.5,750.5,743.0,746.0,13346052
2021-01-21 05:30:00+05:30,HDFCBANK.NS,746.0,747.1749877929688,734.0750122070312,737.4000244140625,26333054
2021-01-22 05:30:00+05:30,HDFCBANK.NS,733.9500122070312,733.9500122070312,720.0750122070312,721.7750244140625,15392364
2021-01-25 05:30:00+05:30,HDFCBANK.NS,732.5499877929688,740.5,727.5750122070312,731.4249877929688,20344718
2021-01-27 05:30:00+05:30,HDFCBANK.NS,734.0,735.9500122070312,703.0750122070312,704.7999877929688,23556276
2021-01-28 05:30:00+05:30,HDFCBANK.NS,694.9500122070312,700.6500244140625,671.0,685.7249755859375,42704446
2021-01-29 05:30:00+05:30,HDFCBANK.NS,695.6749877929688,704.375,682.25,695.25,28704502
2021-02-01 05:30:00+05:30,HDFCBANK.NS,705.125,741.25,700.5,738.375,26370544
2021-02-02 05:30:00+05:30,HDFCBANK.NS,750.5,789.25,748.7000122070312,780.2750244140625,42420206
2021-02-03 05:30:00+05:30,HDFCBANK.NS,789.5,790.8499755859375,771.0,787.4000244140625,20237254
2021-02-04 05:30:00+05:30,HDFCBANK.NS,783.0,794.0,771.7249755859375,789.5499877929688,24484684
2021-02-05 05:30:00+05:30,HDFCBANK.NS,774.0,809.125,774.0,798.7999877929688,27054716
2021-02-08 05:30:00+05:30,HDFCBANK.NS,810.0,815.8250122070312,797.8499755859375,802.625,17447580
2021-02-09 05:30:00+05:30,HDFCBANK.NS,805.0,814.0,793.3499755859375,805.9249877929688,18421366
2021-02-10 05:30:00+05:30,HDFCBANK.NS,804.1749877929688,807.4249877929688,783.5,790.875,19788006
2021-02-11 05:30:00+05:30,HDFCBANK.NS,791.0,798.9000244140625,782.0999755859375,786.1749877929688,13648618
2021-02-12 05:30:00+05:30,HDFCBANK.NS,786.9500122070312,796.25,786.5,790.9749755859375,9910106
2021-02-15 05:30:00+05:30,HDFCBANK.NS,800.0499877929688,812.5,798.3499755859375,808.2999877929688,10355244
2021-02-16 05:30:00+05:30,HDFCBANK.NS,810.5999755859375,820.5,804.2249755859375,813.3250122070312,13897358
2021-02-17 05:30:00+05:30,HDFCBANK.NS,810.0,810.9000244140625,791.5,793.25,12794426
2021-02-18 05:30:00+05:30,HDFCBANK.NS,802.9749755859375,802.9749755859375,774.0,777.1500244140625,14720560
2021-02-19 05:30:00+05:30,HDFCBANK.NS,772.5,782.0999755859375,766.5,769.5499877929688,17139508
2021-02-22 05:30:00+05:30,HDFCBANK.NS,772.5250244140625,786.9500122070312,769.7249755859375,774.0,29451838
2021-02-23 05:30:00+05:30,HDFCBANK.NS,776.875,778.8499755859375,761.3250122070312,764.5750122070312,18239906
2021-02-24 05:30:00+05:30,HDFCBANK.NS,763.25,806.9749755859375,758.125,803.2249755859375,14314332
2021-02-25 05:30:00+05:30,HDFCBANK.NS,804.875,818.125,801.0,803.2000122070312,20109570
2021-02-26 05:30:00+05:30,HDFCBANK.NS,793.5250244140625,794.4500122070312,760.5,767.2000122070312,27912846
2021-03-01 05:30:00+05:30,HDFCBANK.NS,782.0,786.2750244140625,770.3499755859375,779.4500122070312,13536018
2021-03-02 05:30:00+05:30,HDFCBANK.NS,787.8499755859375,793.75,775.5,784.0999755859375,16110038
2021-03-03 05:30:00+05:30,HDFCBANK.NS,792.0,798.0,782.5,793.4249877929688,11222410
2021-03-04 05:30:00+05:30,HDFCBANK.NS,774.2750244140625,785.5,769.5499877929688,776.0250244140625,16291438
2021-03-05 05:30:00+05:30,HDFCBANK.NS,765.5,772.7999877929688,760.5499877929688,765.0,17445822
2021-03-08 05:30:00+05:30,HDFCBANK.NS,771.0,777.5,756.25,759.75,15117050
2021-03-09 05:30:00+05:30,HDFCBANK.NS,772.5,782.8499755859375,769.125,781.25,15066696
2021-03-10 05:30:00+05:30,HDFCBANK.NS,786.0,787.5,776.0750122070312,777.875,11055016
2021-03-12 05:30:00+05:30,HDFCBANK.NS,800.0,800.0,767.5250244140625,775.9749755859375,15631204
2021-03-15 05:30:00+05:30,HDFCBANK.NS,774.2000122070312,774.2000122070312,757.6500244140625,764.3250122070312,12230386
2021-03-16 05:30:00+05:30,HDFCBANK.NS,765.4500122070312,770.2000122070312,755.0,756.0750122070312,13722366
2021-03-17 05:30:00+05:30,HDFCBANK.NS,762.125,769.5,745.0999755859375,747.6749877929688,21064428
2021-03-18 05:30:00+05:30,HDFCBANK.NS,755.875,761.0250244140625,740.5750122070312,745.5,18065540
2021-03-19 05:30:00+05:30,HDFCBANK.NS,742.5,755.5999755859375,737.0250244140625,748.75,21235020
2021-03-22 05:30:00+05:30,HDFCBANK.NS,747.4500122070312,747.4500122070312,730.2000122070312,734.5750122070312,14015632
2021-03-23 05:30:00+05:30,HDFCBANK.NS,735.0,753.7249755859375,734.5499877929688,750.0750122070312,19761428
2021-03-24 05:30:00+05:30,HDFCBANK.NS,745.4500122070312,753.2249755859375,735.5,739.4000244140625,16368900
2021-03-25 05:30:00+05:30,HDFCBANK.NS,745.0999755859375,747.7750244140625,725.125,731.6749877929688,23964356
2021-03-26 05:30:00+05:30,HDFCBANK.NS,747.0,749.5,737.0,745.6500244140625,12021258
2021-03-30 05:30:00+05:30,HDFCBANK.NS,753.3250122070312,781.2750244140625,750.7750244140625,776.8499755859375,25607644
2021-03-31 05:30:00+05:30,HDFCBANK.NS,774.0,774.0,744.0,746.8250122070312,30774506
2021-04-01 05:30:00+05:30,HDFCBANK.NS,749.7000122070312,749.7000122070312,732.5,743.375,35763762
2021-04-05 05:30:00+05:30,HDFCBANK.NS,740.0,742.5,715.5,724.7999877929688,16006586
2021-04-06 05:30:00+05:30,HDFCBANK.NS,730.0,731.3250122070312,716.3250122070312,720.125,15075734
2021-04-07 05:30:00+05:30,HDFCBANK.NS,719.6500244140625,728.3499755859375,710.7750244140625,723.5999755859375,25088180
2021-04-08 05:30:00+05:30,HDFCBANK.NS,726.5,730.4500122070312,715.25,716.4000244140625,17613592
2021-04-09 05:30:00+05:30,HDFCBANK.NS,713.0,716.4000244140625,707.5499877929688,710.875,28157816
2021-04-12 05:30:00+05:30,HDFCBANK.NS,696.5,699.5,676.5,683.5250244140625,22549128
2021-04-13 05:30:00+05:30,HDFCBANK.NS,684.0,703.2249755859375,680.5,700.1749877929688,18600682
2021-04-15 05:30:00+05:30,HDFCBANK.NS,702.5,718.3499755859375,695.5,715.0499877929688,34444984
2021-04-16 05:30:00+05:30,HDFCBANK.NS,717.4749755859375,722.5,711.75,714.3250122070312,15606526
2021-04-19 05:30:00+05:30,HDFCBANK.NS,695.0,708.8499755859375,686.1500244140625,706.2000122070312,24069242
2021-04-20 05:30:00+05:30,HDFCBANK.NS,712.5,713.2000122070312,691.9749755859375,695.7000122070312,23186270
2021-04-22 05:30:00+05:30,HDFCBANK.NS,690.0,713.4000244140625,685.5250244140625,711.25,38485312
2021-04-23 05:30:00+05:30,HDFCBANK.NS,704.5,717.2999877929688,700.0999755859375,707.0750122070312,22713528
2021-04-26 05:30:00+05:30,HDFCBANK.NS,706.5,714.5,701.375,702.4000244140625,30170952
2021-04-27 05:30:00+05:30,HDFCBANK.NS,703.625,721.0,702.4000244140625,719.3499755859375,20592906
2021-04-28 05:30:00+05:30,HDFCBANK.NS,718.125,739.5,715.5,738.4000244140625,24103940
2021-04-29 05:30:00+05:30,HDFCBANK.NS,743.0999755859375,751.8250122070312,730.5,736.25,24078552
2021-04-30 05:30:00+05:30,HDFCBANK.NS,722.5,726.9000244140625,703.75,706.1500244140625,35232902
2021-05-03 05:30:00+05:30,HDFCBANK.NS,696.5,710.9500122070312,688.6500244140625,707.2249755859375,22473700
2021-05-04 05:30:00+05:30,HDFCBANK.NS,704.9749755859375,711.5,691.6500244140625,694.1749877929688,21486328
2021-05-05 05:30:00+05:30,HDFCBANK.NS,700.5,704.7999877929688,690.8499755859375,701.2999877929688,14421612
2021-05-06 05:30:00+05:30,HDFCBANK.NS,703.7999877929688,705.4000244140625,697.5,700.4500122070312,11477044
2021-05-07 05:30:00+05:30,HDFCBANK.NS,706.4749755859375,712.4749755859375,705.125,707.375,12048334
2021-05-10 05:30:00+05:30,HDFCBANK.NS,713.5,715.0,706.4000244140625,709.9249877929688,11060050
2021-05-11 05:30:00+05:30,HDFCBANK.NS,698.0,712.0999755859375,697.5250244140625,701.7750244140625,14519034
2021-05-12 05:30:00+05:30,HDFCBANK.NS,699.875,704.2999877929688,694.4249877929688,699.75,13774926
2021-05-14 05:30:00+05:30,HDFCBANK.NS,697.1749877929688,699.4500122070312,691.1749877929688,693.4249877929688,10604142
2021-05-17 05:30:00+05:30,HDFCBANK.NS,697.5750122070312,721.2999877929688,690.6500244140625,720.125,15120692
2021-05-18 05:30:00+05:30,HDFCBANK.NS,729.4749755859375,741.375,727.5,738.3499755859375,22165280
2021-05-19 05:30:00+05:30,HDFCBANK.NS,735.0999755859375,739.4249877929688,726.2750244140625,729.0999755859375,10130916
2021-05-20 05:30:00+05:30,HDFCBANK.NS,729.1749877929688,732.9500122070312,714.25,716.4000244140625,10684184
2021-05-21 05:30:00+05:30,HDFCBANK.NS,721.5,750.9500122070312,721.5,748.6500244140625,19341646
2021-05-24 05:30:00+05:30,HDFCBANK.NS,751.625,760.2249755859375,749.25,754.9749755859375,22146102
2021-05-25 05:30:00+05:30,HDFCBANK.NS,755.25,756.875,735.25,739.4749755859375,19236974
2021-05-26 05:30:00+05:30,HDFCBANK.NS,740.0,743.5,735.0,738.5250244140625,12283990
2021-05-27 05:30:00+05:30,HDFCBANK.NS,736.5499877929688,744.5,731.2249755859375,741.3250122070312,20439496
2021-05-28 05:30:00+05:30,HDFCBANK.NS,745.4500122070312,756.5,739.375,751.7249755859375,17750020
2021-05-31 05:30:00+05:30,HDFCBANK.NS,750.0,759.75,743.75,757.9249877929688,15661054
2021-06-01 05:30:00+05:30,HDFCBANK.NS,760.1500244140625,763.5,753.625,755.8499755859375,11030162
2021-06-02 05:30:00+05:30,HDFCBANK.NS,755.0,755.0999755859375,746.5,752.0,10624016
2021-06-03 05:30:00+05:30,HDFCBANK.NS,754.0,762.4749755859375,743.875,760.2750244140625,10287260
2021-06-04 05:30:00+05:30,HDFCBANK.NS,758.0,760.3250122070312,749.5999755859375,750.4749755859375,9424476
2021-06-07 05:30:00+05:30,HDFCBANK.NS,755.0,757.0,748.0,749.9249877929688,8091668
2021-06-08 05:30:00+05:30,HDFCBANK.NS,748.2750244140625,750.6500244140625,740.75,741.5250244140625,9872540
2021-06-09 05:30:00+05:30,HDFCBANK.NS,741.9500122070312,751.0,736.0250244140625,740.1500244140625,10223442
2021-06-10 05:30:00+05:30,HDFCBANK.NS,741.0499877929688,744.5,736.8250122070312,740.5250244140625,11483540
2021-06-11 05:30:00+05:30,HDFCBANK.NS,745.5,748.2750244140625,740.5250244140625,743.1749877929688,7205974
2021-06-14 05:30:00+05:30,HDFCBANK.NS,739.125,743.0,731.2750244140625,739.7249755859375,8881964
2021-06-15 05:30:00+05:30,HDFCBANK.NS,743.0,748.0,737.4000244140625,745.125,7569602
2021-06-16 05:30:00+05:30,HDFCBANK.NS,744.0,747.0,739.0499877929688,742.2999877929688,7702098
2021-06-17 05:30:00+05:30,HDFCBANK.NS,733.0,739.375,730.0,733.0499877929688,9283802
2021-06-18 05:30:00+05:30,HDFCBANK.NS,734.75,745.0,727.5,739.9000244140625,11938060
2021-06-21 05:30:00+05:30,HDFCBANK.NS,730.6749877929688,745.9000244140625,729.5,744.3499755859375,7260472
2021-06-22 05:30:00+05:30,HDFCBANK.NS,748.5,754.0,740.0,741.9000244140625,14366824
2021-06-23 05:30:00+05:30,HDFCBANK.NS,745.0,748.9000244140625,739.2999877929688,742.75,7844868
2021-06-24 05:30:00+05:30,HDFCBANK.NS,745.0,756.7249755859375,744.0,753.125,14785024
2021-06-25 05:30:00+05:30,HDFCBANK.NS,755.5499877929688,761.0,753.5,757.5499877929688,10383176
2021-06-28 05:30:00+05:30,HDFCBANK.NS,760.0,761.5,752.5,754.1749877929688,9356786
2021-06-29 05:30:00+05:30,HDFCBANK.NS,753.5,754.0999755859375,746.0750122070312,751.0250244140625,10971692
2021-06-30 05:30:00+05:30,HDFCBANK.NS,749.0,754.5,747.0499877929688,748.9500122070312,9679022
2021-07-01 05:30:00+05:30,HDFCBANK.NS,751.0,751.0,741.5,743.375,16911442
2021-07-02 05:30:00+05:30,HDFCBANK.NS,742.5,744.625,738.5,740.2000122070312,14827036
2021-07-05 05:30:00+05:30,HDFCBANK.NS,744.9749755859375,752.25,742.2750244140625,747.7249755859375,7373882
2021-07-06 05:30:00+05:30,HDFCBANK.NS,748.5,770.0,748.0,767.3499755859375,17669032
2021-07-07 05:30:00+05:30,HDFCBANK.NS,767.0,772.6749877929688,763.8499755859375,769.75,9629190
2021-07-08 05:30:00+05:30,HDFCBANK.NS,762.5,768.8499755859375,756.7249755859375,760.2249755859375,8420922
2021-07-09 05:30:00+05:30,HDFCBANK.NS,756.2750244140625,758.0,748.75,751.0,10695842
2021-07-12 05:30:00+05:30,HDFCBANK.NS,751.0,751.0,742.0,743.5,14458978
2021-07-13 05:30:00+05:30,HDFCBANK.NS,748.0499877929688,753.0499877929688,742.0499877929688,750.9249877929688,18178142
2021-07-14 05:30:00+05:30,HDFCBANK.NS,748.75,753.6749877929688,745.5499877929688,749.5750122070312,9788494
2021-07-15 05:30:00+05:30,HDFCBANK.NS,752.5,763.375,749.8250122070312,760.3499755859375,10438802
2021-07-16 05:30:00+05:30,HDFCBANK.NS,763.9749755859375,764.9749755859375,759.4000244140625,761.1749877929688,5170628
2021-07-19 05:30:00+05:30,HDFCBANK.NS,743.5,744.4249877929688,733.0,735.5,25111600
2021-07-20 05:30:00+05:30,HDFCBANK.NS,721.0,727.0,718.0750122070312,721.5750122070312,24174250
2021-07-22 05:30:00+05:30,HDFCBANK.NS,728.0499877929688,734.25,722.5,724.3499755859375,13207114
2021-07-23 05:30:00+05:30,HDFCBANK.NS,725.75,728.7249755859375,717.6500244140625,721.375,13126684
2021-07-26 05:30:00+05:30,HDFCBANK.NS,715.0,722.0,714.0499877929688,717.2750244140625,13167166
2021-07-27 05:30:00+05:30,HDFCBANK.NS,718.0499877929688,724.9500122070312,718.0499877929688,719.875,22401430
2021-07-28 05:30:00+05:30,HDFCBANK.NS,717.5250244140625,719.3499755859375,702.0,708.6500244140625,20670342
2021-07-29 05:30:00+05:30,HDFCBANK.NS,714.125,714.9749755859375,706.6500244140625,709.125,13702230
2021-07-30 05:30:00+05:30,HDFCBANK.NS,709.5,715.875,703.9749755859375,713.2249755859375,11655488
2021-08-02 05:30:00+05:30,HDFCBANK.NS,717.5,717.5,708.125,711.3250122070312,13258786
2021-08-03 05:30:00+05:30,HDFCBANK.NS,705.0,719.9500122070312,705.0,717.3499755859375,12033120
2021-08-04 05:30:00+05:30,HDFCBANK.NS,720.5,737.25,720.0,732.6500244140625,22053948
2021-08-05 05:30:00+05:30,HDFCBANK.NS,733.5499877929688,753.5250244140625,728.7000122070312,742.4249877929688,18822408
2021-08-06 05:30:00+05:30,HDFCBANK.NS,741.7750244140625,750.0,737.0,746.3250122070312,13339270
2021-08-09 05:30:00+05:30,HDFCBANK.NS,746.0,753.6749877929688,738.0,751.9500122070312,10998048
2021-08-10 05:30:00+05:30,HDFCBANK.NS,744.5,759.875,744.5,753.8250122070312,14838346
2021-08-11 05:30:00+05:30,HDFCBANK.NS,757.4500122070312,759.4249877929688,745.5250244140625,747.4749755859375,12585786
2021-08-12 05:30:00+05:30,HDFCBANK.NS,748.5,753.7999877929688,744.6500244140625,750.7000122070312,8597674
2021-08-13 05:30:00+05:30,HDFCBANK.NS,750.5999755859375,765.5,750.5,763.0999755859375,16658428
2021-08-16 05:30:00+05:30,HDFCBANK.NS,763.0750122070312,767.5,760.7249755859375,765.2999877929688,6252778
2021-08-17 05:30:00+05:30,HDFCBANK.NS,758.5999755859375,762.0,752.6500244140625,757.3250122070312,8282666
2021-08-18 05:30:00+05:30,HDFCBANK.NS,778.3499755859375,782.6749877929688,754.1749877929688,756.5,22985932
2021-08-20 05:30:00+05:30,HDFCBANK.NS,743.0250244140625,759.9000244140625,743.0250244140625,757.375,13150406
2021-08-23 05:30:00+05:30,HDFCBANK.NS,764.9249877929688,766.5750122070312,754.3250122070312,762.2999877929688,10843054
2021-08-24 05:30:00+05:30,HDFCBANK.NS,765.0,782.25,763.7249755859375,779.4249877929688,18381314
2021-08-25 05:30:00+05:30,HDFCBANK.NS,776.0499877929688,782.4000244140625,774.0,778.7000122070312,7727974
2021-08-26 05:30:00+05:30,HDFCBANK.NS,775.0,785.5,771.7249755859375,777.4000244140625,11119002
2021-08-27 05:30:00+05:30,HDFCBANK.NS,776.0,779.3250122070312,772.625,774.2249755859375,6382138
2021-08-30 05:30:00+05:30,HDFCBANK.NS,777.7999877929688,785.0,775.7999877929688,784.125,9049166
2021-08-31 05:30:00+05:30,HDFCBANK.NS,781.75,791.6749877929688,781.0999755859375,790.7000122070312,12062576
2021-09-01 05:30:00+05:30,HDFCBANK.NS,787.5,799.0,787.25,789.5499877929688,12422558
2021-09-02 05:30:00+05:30,HDFCBANK.NS,787.0499877929688,796.0,785.625,794.5,9618524
2021-09-03 05:30:00+05:30,HDFCBANK.NS,793.0499877929688,799.0,784.1500244140625,788.0250244140625,10735334
2021-09-06 05:30:00+05:30,HDFCBANK.NS,789.9749755859375,790.4749755859375,780.9749755859375,782.8499755859375,7876896
2021-09-07 05:30:00+05:30,HDFCBANK.NS,781.25,791.0,777.5999755859375,784.625,7245496
2021-09-08 05:30:00+05:30,HDFCBANK.NS,785.9749755859375,790.25,782.7999877929688,788.2000122070312,6724080
2021-09-09 05:30:00+05:30,HDFCBANK.NS,787.0,789.7249755859375,780.5,784.2999877929688,8250948
2021-09-13 05:30:00+05:30,HDFCBANK.NS,781.0,792.0,776.8250122070312,777.7750244140625,8959164
2021-09-14 05:30:00+05:30,HDFCBANK.NS,780.0,782.25,773.2999877929688,774.2750244140625,9758506
2021-09-15 05:30:00+05:30,HDFCBANK.NS,767.5,777.4000244140625,767.5,773.4000244140625,14822998
2021-09-16 05:30:00+05:30,HDFCBANK.NS,768.875,782.1500244140625,768.1500244140625,779.9749755859375,10260550
2021-09-17 05:30:00+05:30,HDFCBANK.NS,784.5,794.5,779.5999755859375,791.0750122070312,20498102
2021-09-20 05:30:00+05:30,HDFCBANK.NS,782.0,790.8499755859375,779.0,779.9249877929688,8781610
2021-09-21 05:30:00+05:30,HDFCBANK.NS,781.0,784.3250122070312,764.4749755859375,775.9749755859375,14774996
2021-09-22 05:30:00+05:30,HDFCBANK.NS,774.5,775.0750122070312,765.0,766.8499755859375,10582202
2021-09-23 05:30:00+05:30,HDFCBANK.NS,771.0,786.0,771.0,785.0,13664304
2021-09-24 05:30:00+05:30,HDFCBANK.NS,789.5,803.9749755859375,787.5,800.7750244140625,20806702
2021-09-27 05:30:00+05:30,HDFCBANK.NS,807.8499755859375,817.75,804.0,812.5499877929688,16415462
2021-09-28 05:30:00+05:30,HDFCBANK.NS,816.0,816.0,791.0,807.5250244140625,12773790
2021-09-29 05:30:00+05:30,HDFCBANK.NS,798.5,803.2999877929688,792.5750122070312,796.9249877929688,16263036
2021-09-30 05:30:00+05:30,HDFCBANK.NS,793.0,803.1749877929688,791.5499877929688,797.4749755859375,15975348
2021-10-01 05:30:00+05:30,HDFCBANK.NS,791.5,794.5,782.625,791.3499755859375,11128596
2021-10-04 05:30:00+05:30,HDFCBANK.NS,794.5,800.6749877929688,791.7999877929688,792.875,7051028
2021-10-05 05:30:00+05:30,HDFCBANK.NS,796.0,798.75,788.125,797.7249755859375,10257178
2021-10-06 05:30:00+05:30,HDFCBANK.NS,798.0,813.4249877929688,793.5,807.4500122070312,18600830
2021-10-07 05:30:00+05:30,HDFCBANK.NS,813.2999877929688,813.8499755859375,803.5,805.25,11265724
2021-10-08 05:30:00+05:30,HDFCBANK.NS,806.0,811.0,800.0750122070312,801.3250122070312,7245562
2021-10-11 05:30:00+05:30,HDFCBANK.NS,799.9500122070312,822.5,799.5,816.9000244140625,13080848
2021-10-12 05:30:00+05:30,HDFCBANK.NS,812.5,820.7750244140625,812.5,814.7999877929688,8176946
2021-10-13 05:30:00+05:30,HDFCBANK.NS,818.5,824.0,815.0,819.7000122070312,6225644
2021-10-14 05:30:00+05:30,HDFCBANK.NS,819.0,845.0,819.0,843.7000122070312,14757288
2021-10-18 05:30:00+05:30,HDFCBANK.NS,852.5,862.5,833.5250244140625,835.1500244140625,28856456
2021-10-19 05:30:00+05:30,HDFCBANK.NS,837.7249755859375,846.2249755859375,835.5,844.3499755859375,8987540
2021-10-20 05:30:00+05:30,HDFCBANK.NS,844.5499877929688,849.375,832.2249755859375,836.9249877929688,10908568
2021-10-21 05:30:00+05:30,HDFCBANK.NS,835.9000244140625,840.9749755859375,830.4249877929688,838.1500244140625,9738190
2021-10-22 05:30:00+05:30,HDFCBANK.NS,840.0499877929688,854.0,835.375,840.375,12175554
2021-10-25 05:30:00+05:30,HDFCBANK.NS,845.0,845.0,806.9000244140625,828.5,16426766
2021-10-26 05:30:00+05:30,HDFCBANK.NS,825.0,836.9249877929688,823.1749877929688,826.375,12090656
2021-10-27 05:30:00+05:30,HDFCBANK.NS,826.375,832.5250244140625,818.6500244140625,821.4000244140625,13249642
2021-10-28 05:30:00+05:30,HDFCBANK.NS,825.0,825.0,793.5750122070312,796.7999877929688,17797750
2021-10-29 05:30:00+05:30,HDFCBANK.NS,795.0,801.0,780.0,791.4249877929688,12406874
2021-11-01 05:30:00+05:30,HDFCBANK.NS,792.5,805.5,791.7750244140625,802.6500244140625,8122320
2021-11-02 05:30:00+05:30,HDFCBANK.NS,803.0,811.0,800.0250244140625,803.375,13237722
2021-11-03 05:30:00+05:30,HDFCBANK.NS,802.5499877929688,804.9500122070312,787.7750244140625,790.7249755859375,10207338
2021-11-04 05:30:00+05:30,HDFCBANK.NS,797.5,798.9249877929688,795.0499877929688,796.9749755859375,1096808
2021-11-08 05:30:00+05:30,HDFCBANK.NS,796.0499877929688,802.3499755859375,785.2249755859375,800.125,18943580
2021-11-09 05:30:00+05:30,HDFCBANK.NS,797.2999877929688,797.2999877929688,784.5250244140625,786.125,12695476
2021-11-10 05:30:00+05:30,HDFCBANK.NS,784.0,784.5,775.0,777.625,13714126
2021-11-11 05:30:00+05:30,HDFCBANK.NS,775.0250244140625,777.4500122070312,767.7999877929688,774.1500244140625,7999404
2021-11-12 05:30:00+05:30,HDFCBANK.NS,775.0,779.5250244140625,772.5250244140625,776.5,14914092
2021-11-15 05:30:00+05:30,HDFCBANK.NS,781.0499877929688,785.9249877929688,777.2000122070312,778.625,9533594
2021-11-16 05:30:00+05:30,HDFCBANK.NS,777.5,778.5999755859375,770.7999877929688,774.0,8245406
2021-11-17 05:30:00+05:30,HDFCBANK.NS,768.4500122070312,772.0,764.25,765.4000244140625,7598878
2021-11-18 05:30:00+05:30,HDFCBANK.NS,763.0250244140625,771.75,762.625,769.7000122070312,9152874
2021-11-22 05:30:00+05:30,HDFCBANK.NS,773.0,776.3499755859375,749.5250244140625,757.6749877929688,15261272
2021-11-23 05:30:00+05:30,HDFCBANK.NS,751.0,763.9000244140625,748.1749877929688,757.7750244140625,11235214
2021-11-24 05:30:00+05:30,HDFCBANK.NS,762.0,768.1749877929688,757.0250244140625,759.0250244140625,30802286
2021-11-25 05:30:00+05:30,HDFCBANK.NS,757.4000244140625,766.6500244140625,753.5,762.9749755859375,10251652
2021-11-26 05:30:00+05:30,HDFCBANK.NS,750.0,753.3499755859375,742.5,744.9500122070312,18624936
2021-11-29 05:30:00+05:30,HDFCBANK.NS,747.4000244140625,753.8250122070312,731.0,750.625,12990996
2021-11-30 05:30:00+05:30,HDFCBANK.NS,747.5,764.5,743.2750244140625,746.7750244140625,25221542
2021-12-01 05:30:00+05:30,HDFCBANK.NS,747.5,753.5250244140625,744.5499877929688,752.3250122070312,8677634
2021-12-02 05:30:00+05:30,HDFCBANK.NS,752.25,764.4000244140625,750.0,762.875,11203110
2021-12-03 05:30:00+05:30,HDFCBANK.NS,762.9000244140625,767.9749755859375,753.5250244140625,756.7750244140625,8124694
2021-12-06 05:30:00+05:30,HDFCBANK.NS,756.5,759.4000244140625,748.6749877929688,751.9000244140625,7029532
2021-12-07 05:30:00+05:30,HDFCBANK.NS,756.9749755859375,766.0,754.9500122070312,762.8499755859375,12427534
2021-12-08 05:30:00+05:30,HDFCBANK.NS,768.0,777.5250244140625,767.0,776.9000244140625,15295534
2021-12-09 05:30:00+05:30,HDFCBANK.NS,772.5999755859375,777.3499755859375,761.0,763.4249877929688,11747744
2021-12-10 05:30:00+05:30,HDFCBANK.NS,762.4500122070312,764.0,754.2249755859375,761.2750244140625,7779384
2021-12-13 05:30:00+05:30,HDFCBANK.NS,763.0,768.8250122070312,753.5999755859375,755.5750122070312,10322142
2021-12-14 05:30:00+05:30,HDFCBANK.NS,751.25,758.0,748.5250244140625,751.2249755859375,9191100
2021-12-15 05:30:00+05:30,HDFCBANK.NS,751.5,761.6749877929688,747.8250122070312,750.0,10115148
2021-12-16 05:30:00+05:30,HDFCBANK.NS,756.4000244140625,758.5,747.0,750.0499877929688,13210432
2021-12-17 05:30:00+05:30,HDFCBANK.NS,748.5,753.0,733.8499755859375,736.5250244140625,14994768
2021-12-20 05:30:00+05:30,HDFCBANK.NS,726.0,729.0,707.0499877929688,712.8250122070312,21156668
2021-12-21 05:30:00+05:30,HDFCBANK.NS,719.75,725.375,715.0,720.9000244140625,9118750
2021-12-22 05:30:00+05:30,HDFCBANK.NS,726.1500244140625,728.0,717.8499755859375,722.5999755859375,8577484
2021-12-23 05:30:00+05:30,HDFCBANK.NS,726.625,728.9000244140625,718.4249877929688,722.0499877929688,9779166
2021-12-24 05:30:00+05:30,HDFCBANK.NS,722.75,726.0,714.0,719.4500122070312,5561024
2021-12-27 05:30:00+05:30,HDFCBANK.NS,714.4500122070312,727.0,711.0750122070312,725.4000244140625,4705098
2021-12-28 05:30:00+05:30,HDFCBANK.NS,730.3499755859375,733.4500122070312,726.7000122070312,730.4000244140625,5450678
2021-12-29 05:30:00+05:30,HDFCBANK.NS,728.0250244140625,730.5,723.7000122070312,726.9249877929688,7668702
2021-12-30 05:30:00+05:30,HDFCBANK.NS,729.25,733.4249877929688,722.5,730.75,7215918
2021-12-31 05:30:00+05:30,HDFCBANK.NS,730.75,742.4000244140625,730.75,739.7000122070312,6325736
2022-01-03 05:30:00+05:30,HDFCBANK.NS,742.5,761.5,740.25,759.8250122070312,9069184
2022-01-04 05:30:00+05:30,HDFCBANK.NS,760.0,766.4500122070312,753.9000244140625,764.2750244140625,8857352
2022-01-05 05:30:00+05:30,HDFCBANK.NS,768.4000244140625,786.0,764.0499877929688,782.4249877929688,14332638
2022-01-06 05:30:00+05:30,HDFCBANK.NS,771.5,777.375,765.0250244140625,769.875,9628930
2022-01-07 05:30:00+05:30,HDFCBANK.NS,772.0,783.375,767.9500122070312,775.2750244140625,11179384
2022-01-10 05:30:00+05:30,HDFCBANK.NS,779.0,786.0,772.75,779.5750122070312,8856496
2022-01-11 05:30:00+05:30,HDFCBANK.NS,780.7750244140625,784.3499755859375,773.9000244140625,782.9500122070312,8389198
2022-01-12 05:30:00+05:30,HDFCBANK.NS,784.0,788.3250122070312,776.0,778.3250122070312,21085530
2022-01-13 05:30:00+05:30,HDFCBANK.NS,777.5,777.5,760.2000122070312,764.0,41963896
2022-01-14 05:30:00+05:30,HDFCBANK.NS,765.0,774.3499755859375,759.5,772.5750122070312,11208968
2022-01-17 05:30:00+05:30,HDFCBANK.NS,765.0,778.0,759.5750122070312,760.75,22989372
2022-01-18 05:30:00+05:30,HDFCBANK.NS,766.5,775.4500122070312,761.5,764.625,12341152
2022-01-19 05:30:00+05:30,HDFCBANK.NS,767.0,769.875,756.6749877929688,759.2249755859375,14317626
2022-01-20 05:30:00+05:30,HDFCBANK.NS,764.2249755859375,764.25,750.0499877929688,754.5,15197846
2022-01-21 05:30:00+05:30,HDFCBANK.NS,750.0,764.9000244140625,742.7999877929688,760.7999877929688,11537694
2022-01-24 05:30:00+05:30,HDFCBANK.NS,754.9749755859375,760.625,733.7750244140625,743.3250122070312,11868508
2022-01-25 05:30:00+05:30,HDFCBANK.NS,729.3250122070312,747.5,722.0,744.0250244140625,13594248
2022-01-27 05:30:00+05:30,HDFCBANK.NS,725.0,742.5,717.5,737.4749755859375,28617838
2022-01-28 05:30:00+05:30,HDFCBANK.NS,738.75,743.3499755859375,730.0,731.625,24925208
2022-01-31 05:30:00+05:30,HDFCBANK.NS,736.375,745.7750244140625,733.4000244140625,742.8499755859375,12842546
2022-02-01 05:30:00+05:30,HDFCBANK.NS,754.25,758.5,736.7249755859375,748.5,14739484
2022-02-02 05:30:00+05:30,HDFCBANK.NS,755.9749755859375,767.5,752.7999877929688,765.5999755859375,13969290
2022-02-03 05:30:00+05:30,HDFCBANK.NS,764.375,769.9749755859375,754.5,757.6749877929688,10564762
2022-02-04 05:30:00+05:30,HDFCBANK.NS,764.2000122070312,766.4249877929688,757.0499877929688,762.0,11579958
2022-02-07 05:30:00+05:30,HDFCBANK.NS,756.0499877929688,759.5,730.0,734.0750122070312,12268042
2022-02-08 05:30:00+05:30,HDFCBANK.NS,738.2000122070312,739.2249755859375,722.2750244140625,730.9249877929688,13981130
2022-02-09 05:30:00+05:30,HDFCBANK.NS,737.0,749.8499755859375,733.5,748.7999877929688,11308342
2022-02-10 05:30:00+05:30,HDFCBANK.NS,757.0,767.75,750.8250122070312,762.5499877929688,14314530
2022-02-11 05:30:00+05:30,HDFCBANK.NS,750.125,762.5,749.75,759.4249877929688,10711104
2022-02-14 05:30:00+05:30,HDFCBANK.NS,745.0,749.7249755859375,734.6500244140625,736.8499755859375,14656620
2022-02-15 05:30:00+05:30,HDFCBANK.NS,738.0,762.4500122070312,736.5250244140625,758.9000244140625,13135066
2022-02-16 05:30:00+05:30,HDFCBANK.NS,767.1749877929688,767.375,753.5,757.875,10032264
2022-02-17 05:30:00+05:30,HDFCBANK.NS,756.5499877929688,761.0,751.0,753.25,7351208
2022-02-18 05:30:00+05:30,HDFCBANK.NS,749.1500244140625,758.5,745.2249755859375,756.1749877929688,7796128
2022-02-21 05:30:00+05:30,HDFCBANK.NS,752.0,765.3499755859375,747.7750244140625,761.0499877929688,7468066
2022-02-22 05:30:00+05:30,HDFCBANK.NS,744.9000244140625,761.0499877929688,743.9749755859375,755.3499755859375,9536196
2022-02-23 05:30:00+05:30,HDFCBANK.NS,762.5499877929688,762.8499755859375,747.8250122070312,750.4500122070312,9029562
2022-02-24 05:30:00+05:30,HDFCBANK.NS,724.9500122070312,737.4749755859375,703.5750122070312,709.7000122070312,23630766
2022-02-25 05:30:00+05:30,HDFCBANK.NS,719.9749755859375,732.9500122070312,716.4249877929688,728.0499877929688,18318654
2022-02-28 05:30:00+05:30,HDFCBANK.NS,713.0,719.2750244140625,707.0250244140625,713.125,24880832
2022-03-02 05:30:00+05:30,HDFCBANK.NS,693.25,699.2000122070312,677.2000122070312,687.125,38505560
2022-03-03 05:30:00+05:30,HDFCBANK.NS,690.5,696.0,681.4500122070312,685.5,17527922
2022-03-04 05:30:00+05:30,HDFCBANK.NS,680.0,693.0,668.4500122070312,683.25,21219364
2022-03-07 05:30:00+05:30,HDFCBANK.NS,659.25,666.1749877929688,648.5250244140625,662.4000244140625,27054458
2022-03-08 05:30:00+05:30,HDFCBANK.NS,651.0999755859375,667.0,646.0,663.9000244140625,39212492
2022-03-09 05:30:00+05:30,HDFCBANK.NS,665.0,687.3499755859375,659.4249877929688,685.5750122070312,23134694
2022-03-10 05:30:00+05:30,HDFCBANK.NS,713.5,713.5,690.125,696.3499755859375,22273206
2022-03-11 05:30:00+05:30,HDFCBANK.NS,694.0,704.4749755859375,686.3499755859375,698.4000244140625,15150780
2022-03-14 05:30:00+05:30,HDFCBANK.NS,707.5,725.0,707.5,721.2750244140625,25018126
2022-03-15 05:30:00+05:30,HDFCBANK.NS,721.75,724.75,705.875,712.0,18867928
2022-03-16 05:30:00+05:30,HDFCBANK.NS,723.5,727.5,718.0999755859375,724.0750122070312,13364108
2022-03-17 05:30:00+05:30,HDFCBANK.NS,736.0,744.9000244140625,735.2750244140625,740.0250244140625,14823954
2022-03-21 05:30:00+05:30,HDFCBANK.NS,743.5,746.8250122070312,736.4000244140625,743.25,12257876
2022-03-22 05:30:00+05:30,HDFCBANK.NS,740.6500244140625,749.0,728.5999755859375,747.0750122070312,10461814
2022-03-23 05:30:00+05:30,HDFCBANK.NS,753.5,759.4000244140625,736.7999877929688,739.625,31188256
2022-03-24 05:30:00+05:30,HDFCBANK.NS,733.0,734.8250122070312,717.2750244140625,721.3250122070312,20160044
2022-03-25 05:30:00+05:30,HDFCBANK.NS,725.5,726.0,709.5,715.4500122070312,16366462
2022-03-28 05:30:00+05:30,HDFCBANK.NS,715.4500122070312,719.0,700.7999877929688,716.4000244140625,15754886
2022-03-29 05:30:00+05:30,HDFCBANK.NS,720.5,730.125,715.0,725.9000244140625,12377448
2022-03-30 05:30:00+05:30,HDFCBANK.NS,736.0,741.375,727.0250244140625,738.4749755859375,20109742
2022-03-31 05:30:00+05:30,HDFCBANK.NS,735.5,742.3499755859375,732.9500122070312,735.1749877929688,14295714
2022-04-01 05:30:00+05:30,HDFCBANK.NS,738.2000122070312,755.0,735.1500244140625,753.0,14568556
2022-04-04 05:30:00+05:30,HDFCBANK.NS,790.0,861.0499877929688,781.2750244140625,828.4000244140625,97450970
2022-04-05 05:30:00+05:30,HDFCBANK.NS,833.3499755859375,833.3499755859375,801.0,804.125,30922582
2022-04-06 05:30:00+05:30,HDFCBANK.NS,793.8499755859375,794.9000244140625,773.6749877929688,775.4249877929688,27027860
2022-04-07 05:30:00+05:30,HDFCBANK.NS,770.6500244140625,770.6749877929688,756.8499755859375,758.375,40781732
2022-04-08 05:30:00+05:30,HDFCBANK.NS,756.0499877929688,762.875,748.6500244140625,757.3250122070312,41256322
2022-04-11 05:30:00+05:30,HDFCBANK.NS,753.0,755.0,746.625,748.0750122070312,20799066
2022-04-12 05:30:00+05:30,HDFCBANK.NS,742.0,753.4249877929688,740.0750122070312,746.75,27435402
2022-04-13 05:30:00+05:30,HDFCBANK.NS,745.0,751.1500244140625,731.3250122070312,732.4749755859375,28892520
2022-04-18 05:30:00+05:30,HDFCBANK.NS,709.4249877929688,715.8250122070312,695.0250244140625,697.7249755859375,45620376
2022-04-19 05:30:00+05:30,HDFCBANK.NS,690.4500122070312,694.7750244140625,663.5,671.0999755859375,74096022
2022-04-20 05:30:00+05:30,HDFCBANK.NS,677.2249755859375,679.9500122070312,667.6749877929688,677.1500244140625,49325736
2022-04-21 05:30:00+05:30,HDFCBANK.NS,682.5,689.9000244140625,676.6500244140625,687.1749877929688,52446270
2022-04-22 05:30:00+05:30,HDFCBANK.NS,680.0,687.6749877929688,674.5750122070312,677.7999877929688,20659148
2022-04-25 05:30:00+05:30,HDFCBANK.NS,675.0,685.3250122070312,661.125,682.875,20935488
2022-04-26 05:30:00+05:30,HDFCBANK.NS,686.0,690.9749755859375,678.5750122070312,686.0250244140625,17016842
2022-04-27 05:30:00+05:30,HDFCBANK.NS,680.0,689.5,678.0499877929688,686.2750244140625,18054334
2022-04-28 05:30:00+05:30,HDFCBANK.NS,686.0,689.5,681.0499877929688,685.6749877929688,20773722
2022-04-29 05:30:00+05:30,HDFCBANK.NS,690.1749877929688,702.375,685.7750244140625,692.2999877929688,28401476
2022-05-02 05:30:00+05:30,HDFCBANK.NS,681.0250244140625,703.2249755859375,681.0250244140625,701.8499755859375,19494316
2022-05-04 05:30:00+05:30,HDFCBANK.NS,700.0,701.7999877929688,675.0,678.0,29055916
2022-05-05 05:30:00+05:30,HDFCBANK.NS,687.5,687.5,673.25,676.4749755859375,17862912
2022-05-06 05:30:00+05:30,HDFCBANK.NS,665.0,667.5,656.5,658.7999877929688,26731268
2022-05-09 05:30:00+05:30,HDFCBANK.NS,650.0,663.25,647.75,659.9249877929688,32762434
2022-05-10 05:30:00+05:30,HDFCBANK.NS,657.5250244140625,676.5,657.5250244140625,670.5250244140625,20113812
2022-05-11 05:30:00+05:30,HDFCBANK.NS,676.5,677.5,664.3250122070312,674.2999877929688,17102924
2022-05-12 05:30:00+05:30,HDFCBANK.NS,660.5499877929688,663.4000244140625,646.5,651.5250244140625,22382290
2022-05-13 05:30:00+05:30,HDFCBANK.NS,655.0250244140625,659.0,643.5,645.6749877929688,16768238
2022-05-16 05:30:00+05:30,HDFCBANK.NS,649.5,656.0,642.6500244140625,652.5499877929688,9804356
2022-05-17 05:30:00+05:30,HDFCBANK.NS,656.2999877929688,658.5,649.0999755859375,657.0,16641444
2022-05-18 05:30:00+05:30,HDFCBANK.NS,662.0250244140625,666.6500244140625,655.0,656.9500122070312,15732384
2022-05-19 05:30:00+05:30,HDFCBANK.NS,643.0999755859375,648.2000122070312,639.1500244140625,643.5250244140625,20537506
2022-05-20 05:30:00+05:30,HDFCBANK.NS,651.5,662.0999755859375,646.1749877929688,660.4749755859375,13919350
2022-05-23 05:30:00+05:30,HDFCBANK.NS,657.0,664.9749755859375,649.5499877929688,652.0,19486320
2022-05-24 05:30:00+05:30,HDFCBANK.NS,650.0,662.5,648.4500122070312,659.4749755859375,12870796
2022-05-25 05:30:00+05:30,HDFCBANK.NS,665.0,667.9749755859375,661.5999755859375,664.4000244140625,12887112
2022-05-26 05:30:00+05:30,HDFCBANK.NS,671.0750122070312,685.5,670.0,683.3499755859375,26992428
2022-05-27 05:30:00+05:30,HDFCBANK.NS,685.9000244140625,697.3499755859375,685.375,696.0250244140625,24031718
2022-05-30 05:30:00+05:30,HDFCBANK.NS,705.125,710.25,699.2249755859375,700.7750244140625,12624674
2022-05-31 05:30:00+05:30,HDFCBANK.NS,697.9500122070312,702.4000244140625,690.0,694.4749755859375,13485388
2022-06-01 05:30:00+05:30,HDFCBANK.NS,690.0,700.2249755859375,689.5750122070312,697.4249877929688,12091896
2022-06-02 05:30:00+05:30,HDFCBANK.NS,693.625,694.0,689.2999877929688,692.5499877929688,11475020
2022-06-03 05:30:00+05:30,HDFCBANK.NS,699.1500244140625,700.375,688.1500244140625,690.1500244140625,6957244
2022-06-06 05:30:00+05:30,HDFCBANK.NS,688.1500244140625,693.5,680.3250122070312,689.2249755859375,6173266
2022-06-07 05:30:00+05:30,HDFCBANK.NS,681.0,687.1500244140625,677.0499877929688,681.2999877929688,10253966
2022-06-08 05:30:00+05:30,HDFCBANK.NS,686.6500244140625,690.5,678.5,683.7000122070312,5986588
2022-06-09 05:30:00+05:30,HDFCBANK.NS,681.125,691.0250244140625,678.5750122070312,688.8499755859375,7311816
2022-06-10 05:30:00+05:30,HDFCBANK.NS,680.0499877929688,683.9749755859375,671.7999877929688,675.5499877929688,9155430
2022-06-13 05:30:00+05:30,HDFCBANK.NS,661.7999877929688,665.0,654.1500244140625,663.2999877929688,10892572
2022-06-14 05:30:00+05:30,HDFCBANK.NS,655.625,663.0,652.5,656.0,11870356
2022-06-15 05:30:00+05:30,HDFCBANK.NS,650.8250122070312,657.9000244140625,649.2000122070312,653.7249755859375,11810470
2022-06-16 05:30:00+05:30,HDFCBANK.NS,655.0,660.2750244140625,639.0,640.6500244140625,12169192
2022-06-17 05:30:00+05:30,HDFCBANK.NS,637.5,649.5,635.7999877929688,644.875,14723922
2022-06-20 05:30:00+05:30,HDFCBANK.NS,652.3499755859375,662.5,647.0750122070312,661.0750122070312,15936840
2022-06-21 05:30:00+05:30,HDFCBANK.NS,668.4500122070312,677.0,662.0250244140625,668.2750244140625,13220684
2022-06-22 05:30:00+05:30,HDFCBANK.NS,666.125,668.4749755859375,661.5999755859375,665.125,8159698
2022-06-23 05:30:00+05:30,HDFCBANK.NS,665.25,674.0,659.25,667.5750122070312,15372244
2022-06-24 05:30:00+05:30,HDFCBANK.NS,669.2750244140625,680.8250122070312,669.2750244140625,676.9000244140625,8013432
2022-06-27 05:30:00+05:30,HDFCBANK.NS,685.0,688.0,676.0,678.125,9804164
2022-06-28 05:30:00+05:30,HDFCBANK.NS,672.0,675.5,669.2000122070312,672.9500122070312,9770574
2022-06-29 05:30:00+05:30,HDFCBANK.NS,665.625,675.375,665.625,671.9749755859375,9994046
2022-06-30 05:30:00+05:30,HDFCBANK.NS,668.0,677.0,668.0,674.0,12475822
2022-07-01 05:30:00+05:30,HDFCBANK.NS,671.9749755859375,680.0,665.0250244140625,676.875,11472452
2022-07-04 05:30:00+05:30,HDFCBANK.NS,676.8499755859375,680.0999755859375,671.125,677.8250122070312,8487480
2022-07-05 05:30:00+05:30,HDFCBANK.NS,682.0,689.6749877929688,674.1500244140625,676.2999877929688,14325718
2022-07-06 05:30:00+05:30,HDFCBANK.NS,674.0,686.7000122070312,673.5499877929688,685.625,15049078
2022-07-07 05:30:00+05:30,HDFCBANK.NS,690.0,699.0,687.2249755859375,697.9000244140625,17743142
2022-07-08 05:30:00+05:30,HDFCBANK.NS,705.0,705.0,697.375,698.5499877929688,12474030
2022-07-11 05:30:00+05:30,HDFCBANK.NS,697.0,704.9500122070312,696.625,703.0750122070312,7462880
2022-07-12 05:30:00+05:30,HDFCBANK.NS,702.625,702.625,694.7000122070312,695.9000244140625,9876974
2022-07-13 05:30:00+05:30,HDFCBANK.NS,695.0,697.0999755859375,677.125,678.9249877929688,15945610
2022-07-14 05:30:00+05:30,HDFCBANK.NS,681.0,686.3250122070312,674.625,675.5250244140625,10372410
2022-07-15 05:30:00+05:30,HDFCBANK.NS,676.5,682.4500122070312,673.4000244140625,681.0250244140625,13595646
2022-07-18 05:30:00+05:30,HDFCBANK.NS,674.0,683.0499877929688,671.0250244140625,673.7750244140625,20332220
2022-07-19 05:30:00+05:30,HDFCBANK.NS,668.5,679.2750244140625,668.5,674.0250244140625,15792538
2022-07-20 05:30:00+05:30,HDFCBANK.NS,679.9500122070312,685.5499877929688,677.625,682.5250244140625,20347862
2022-07-21 05:30:00+05:30,HDFCBANK.NS,680.2750244140625,684.75,679.0499877929688,680.375,12640278
2022-07-22 05:30:00+05:30,HDFCBANK.NS,683.0,698.5,681.2000122070312,696.25,12729592
2022-07-25 05:30:00+05:30,HDFCBANK.NS,697.5,702.2999877929688,691.6500244140625,698.2999877929688,10143126
2022-07-26 05:30:00+05:30,HDFCBANK.NS,698.0,701.0,693.1500244140625,696.875,8527964
2022-07-27 05:30:00+05:30,HDFCBANK.NS,694.4500122070312,703.0,692.125,702.2000122070312,9212778
2022-07-28 05:30:00+05:30,HDFCBANK.NS,707.5250244140625,712.0,705.5,708.4249877929688,17420406
2022-07-29 05:30:00+05:30,HDFCBANK.NS,719.0,719.2999877929688,707.6500244140625,717.0999755859375,20019736
2022-08-01 05:30:00+05:30,HDFCBANK.NS,719.5,724.2249755859375,715.0250244140625,723.0750122070312,13193036
2022-08-02 05:30:00+05:30,HDFCBANK.NS,721.0,722.2999877929688,711.5250244140625,715.125,15036510
2022-08-03 05:30:00+05:30,HDFCBANK.NS,712.4749755859375,717.875,708.5,716.7999877929688,10975498
2022-08-04 05:30:00+05:30,HDFCBANK.NS,720.0,723.3499755859375,706.4749755859375,715.9500122070312,12012206
2022-08-05 05:30:00+05:30,HDFCBANK.NS,716.5,718.4749755859375,710.5750122070312,713.5250244140625,9268982
2022-08-08 05:30:00+05:30,HDFCBANK.NS,714.0,732.25,713.5499877929688,731.0250244140625,15357736
2022-08-10 05:30:00+05:30,HDFCBANK.NS,730.6749877929688,735.75,724.5250244140625,733.1500244140625,17353102
2022-08-11 05:30:00+05:30,HDFCBANK.NS,743.25,745.5,737.2750244140625,742.8499755859375,18301766
2022-08-12 05:30:00+05:30,HDFCBANK.NS,742.5,744.6500244140625,737.9749755859375,742.5750122070312,8850370
2022-08-16 05:30:00+05:30,HDFCBANK.NS,747.4000244140625,754.25,744.0250244140625,751.0750122070312,12563756
2022-08-17 05:30:00+05:30,HDFCBANK.NS,750.0,756.375,742.875,754.9500122070312,12384350
2022-08-18 05:30:00+05:30,HDFCBANK.NS,750.0,756.9500122070312,749.8250122070312,755.8499755859375,8342138
2022-08-19 05:30:00+05:30,HDFCBANK.NS,755.0,756.0,745.0,746.5250244140625,8063702
2022-08-22 05:30:00+05:30,HDFCBANK.NS,742.4000244140625,744.1749877929688,733.8499755859375,735.1749877929688,8234066
2022-08-23 05:30:00+05:30,HDFCBANK.NS,726.6500244140625,737.9749755859375,725.2000122070312,732.9000244140625,14966884
2022-08-24 05:30:00+05:30,HDFCBANK.NS,730.9500122070312,737.75,729.5999755859375,736.4249877929688,13455520
2022-08-25 05:30:00+05:30,HDFCBANK.NS,739.9500122070312,743.4000244140625,728.5,732.4249877929688,11823040
2022-08-26 05:30:00+05:30,HDFCBANK.NS,736.0250244140625,740.9000244140625,730.5999755859375,732.5499877929688,7706176
2022-08-29 05:30:00+05:30,HDFCBANK.NS,718.5,723.0,714.2999877929688,719.7000122070312,8653178
2022-08-30 05:30:00+05:30,HDFCBANK.NS,723.2249755859375,744.9749755859375,721.5499877929688,743.0499877929688,10135400
2022-09-01 05:30:00+05:30,HDFCBANK.NS,732.375,744.7249755859375,729.5,736.0750122070312,22403136
2022-09-02 05:30:00+05:30,HDFCBANK.NS,736.0750122070312,745.25,732.5999755859375,742.75,12038086
2022-09-05 05:30:00+05:30,HDFCBANK.NS,743.0499877929688,749.5,742.0499877929688,747.5250244140625,12131932
2022-09-06 05:30:00+05:30,HDFCBANK.NS,749.4500122070312,753.3250122070312,743.2249755859375,744.6749877929688,12238696
2022-09-07 05:30:00+05:30,HDFCBANK.NS,735.6500244140625,745.0,735.6500244140625,741.1500244140625,9776206
2022-09-08 05:30:00+05:30,HDFCBANK.NS,745.0499877929688,750.0,741.0750122070312,748.7999877929688,11164690
2022-09-09 05:30:00+05:30,HDFCBANK.NS,748.0999755859375,754.5,747.0250244140625,749.2999877929688,15128888
2022-09-12 05:30:00+05:30,HDFCBANK.NS,750.0,752.0,745.0,746.7750244140625,11080492
2022-09-13 05:30:00+05:30,HDFCBANK.NS,749.4500122070312,757.9500122070312,749.2750244140625,756.5499877929688,13001966
2022-09-14 05:30:00+05:30,HDFCBANK.NS,747.0250244140625,769.4500122070312,746.1749877929688,764.3250122070312,20219760
2022-09-15 05:30:00+05:30,HDFCBANK.NS,765.0,770.4749755859375,756.0,760.3499755859375,13539372
2022-09-16 05:30:00+05:30,HDFCBANK.NS,751.5499877929688,757.3499755859375,741.5,746.375,20560046
2022-09-19 05:30:00+05:30,HDFCBANK.NS,744.5,757.0,740.0,751.2999877929688,12076038
2022-09-20 05:30:00+05:30,HDFCBANK.NS,757.0,762.0,754.9500122070312,760.3499755859375,10781668
2022-09-21 05:30:00+05:30,HDFCBANK.NS,754.0,760.75,752.5,759.1749877929688,9072304
2022-09-22 05:30:00+05:30,HDFCBANK.NS,751.0,755.0750122070312,741.375,743.0,12048144
2022-09-23 05:30:00+05:30,HDFCBANK.NS,736.1749877929688,737.5,718.5,723.0750122070312,15806252
2022-09-26 05:30:00+05:30,HDFCBANK.NS,712.6749877929688,718.2249755859375,709.0,713.3250122070312,8923486
2022-09-27 05:30:00+05:30,HDFCBANK.NS,716.2000122070312,720.0,703.5,706.9249877929688,12639700
2022-09-28 05:30:00+05:30,HDFCBANK.NS,703.0,705.2999877929688,692.9500122070312,694.7750244140625,11816132
2022-09-29 05:30:00+05:30,HDFCBANK.NS,698.1500244140625,701.0999755859375,689.4000244140625,691.1749877929688,14410388
2022-09-30 05:30:00+05:30,HDFCBANK.NS,689.4000244140625,715.7249755859375,682.5,710.6749877929688,15781756
2022-10-03 05:30:00+05:30,HDFCBANK.NS,704.9749755859375,708.9249877929688,700.5499877929688,706.5999755859375,11541112
2022-10-04 05:30:00+05:30,HDFCBANK.NS,714.75,729.0,713.0750122070312,726.5,11538526
2022-10-06 05:30:00+05:30,HDFCBANK.NS,729.9749755859375,731.2999877929688,717.0999755859375,718.5,12549198
2022-10-07 05:30:00+05:30,HDFCBANK.NS,715.125,717.4749755859375,710.1749877929688,715.4000244140625,13297994
2022-10-10 05:30:00+05:30,HDFCBANK.NS,704.0,713.0,699.0999755859375,707.5,13109302
2022-10-11 05:30:00+05:30,HDFCBANK.NS,700.5499877929688,708.5,699.7249755859375,700.3250122070312,14521620
2022-10-12 05:30:00+05:30,HDFCBANK.NS,701.5999755859375,707.4249877929688,698.6500244140625,704.9000244140625,9225050
2022-10-13 05:30:00+05:30,HDFCBANK.NS,701.0250244140625,703.125,692.0,696.7999877929688,14714234
2022-10-14 05:30:00+05:30,HDFCBANK.NS,708.5,723.5,707.625,719.5,12849920
2022-10-17 05:30:00+05:30,HDFCBANK.NS,717.5,728.7999877929688,713.5,723.2750244140625,18410500
2022-10-18 05:30:00+05:30,HDFCBANK.NS,729.0250244140625,731.4500122070312,720.0,721.9249877929688,10561108
2022-10-19 05:30:00+05:30,HDFCBANK.NS,732.0,738.7000122070312,726.7000122070312,729.3250122070312,12967040
2022-10-20 05:30:00+05:30,HDFCBANK.NS,722.0,726.4500122070312,721.25,724.4000244140625,7898078
2022-10-21 05:30:00+05:30,HDFCBANK.NS,726.0,728.8250122070312,717.0,719.2999877929688,10492606
2022-10-24 05:30:00+05:30,HDFCBANK.NS,727.1500244140625,731.5,727.1500244140625,730.5250244140625,2167794
2022-10-25 05:30:00+05:30,HDFCBANK.NS,730.5499877929688,733.9000244140625,722.5,725.4500122070312,13773394
2022-10-27 05:30:00+05:30,HDFCBANK.NS,732.25,733.6749877929688,725.625,727.2000122070312,15937276
2022-10-28 05:30:00+05:30,HDFCBANK.NS,725.0,733.5,723.7000122070312,729.3499755859375,10474278
2022-10-31 05:30:00+05:30,HDFCBANK.NS,736.0,749.0,733.625,748.3499755859375,12830528
2022-11-01 05:30:00+05:30,HDFCBANK.NS,751.75,764.5,749.4500122070312,756.625,19073756
2022-11-02 05:30:00+05:30,HDFCBANK.NS,758.5,764.125,755.7999877929688,757.0999755859375,12720406
2022-11-03 05:30:00+05:30,HDFCBANK.NS,748.8499755859375,760.125,748.5,753.7750244140625,10332352
2022-11-04 05:30:00+05:30,HDFCBANK.NS,751.5999755859375,758.0499877929688,744.7999877929688,748.5750122070312,10818060
2022-11-07 05:30:00+05:30,HDFCBANK.NS,755.0,756.0,746.0499877929688,754.4000244140625,9835834
2022-11-09 05:30:00+05:30,HDFCBANK.NS,757.5250244140625,758.9749755859375,752.0,754.1749877929688,9269790
2022-11-10 05:30:00+05:30,HDFCBANK.NS,748.5499877929688,763.5,747.5250244140625,762.375,12774182
2022-11-11 05:30:00+05:30,HDFCBANK.NS,772.5,818.5,769.0,805.5750122070312,56722338
2022-11-14 05:30:00+05:30,HDFCBANK.NS,806.0,814.0,799.0,807.5250244140625,19195390
2022-11-15 05:30:00+05:30,HDFCBANK.NS,811.5750122070312,811.5750122070312,802.625,809.5,11030202
2022-11-16 05:30:00+05:30,HDFCBANK.NS,809.3250122070312,821.0,806.0,816.4500122070312,13578150
2022-11-17 05:30:00+05:30,HDFCBANK.NS,809.0499877929688,815.7750244140625,806.9500122070312,809.0750122070312,12100930
2022-11-18 05:30:00+05:30,HDFCBANK.NS,810.5,811.5,802.625,806.9500122070312,10459232
2022-11-21 05:30:00+05:30,HDFCBANK.NS,803.8250122070312,806.0,795.0999755859375,798.6749877929688,8344816
2022-11-22 05:30:00+05:30,HDFCBANK.NS,800.0,802.1749877929688,795.5,797.5,8546314
2022-11-23 05:30:00+05:30,HDFCBANK.NS,802.5,802.5,797.0,799.5750122070312,10185738
2022-11-24 05:30:00+05:30,HDFCBANK.NS,802.9749755859375,816.0,799.5750122070312,812.5750122070312,17197960
2022-11-25 05:30:00+05:30,HDFCBANK.NS,814.8499755859375,815.8499755859375,807.0499877929688,808.8250122070312,8410496
2022-11-28 05:30:00+05:30,HDFCBANK.NS,801.4500122070312,803.7249755859375,797.0250244140625,800.125,16105980
2022-11-29 05:30:00+05:30,HDFCBANK.NS,798.625,806.1749877929688,796.4249877929688,798.9249877929688,12638236
2022-11-30 05:30:00+05:30,HDFCBANK.NS,798.5499877929688,806.4500122070312,798.5499877929688,804.2249755859375,15184806
2022-12-01 05:30:00+05:30,HDFCBANK.NS,811.0,818.5,807.5,809.75,20446366
2022-12-02 05:30:00+05:30,HDFCBANK.NS,805.0,809.2999877929688,802.5750122070312,803.5499877929688,7811078
2022-12-05 05:30:00+05:30,HDFCBANK.NS,804.9749755859375,807.2999877929688,798.0999755859375,806.4749755859375,11592622
2022-12-06 05:30:00+05:30,HDFCBANK.NS,800.5,806.8499755859375,800.0,805.5750122070312,12353092
2022-12-07 05:30:00+05:30,HDFCBANK.NS,807.0750122070312,809.2999877929688,802.2249755859375,805.2249755859375,11674720
2022-12-08 05:30:00+05:30,HDFCBANK.NS,805.0,813.0,802.5,809.75,14803634
2022-12-09 05:30:00+05:30,HDFCBANK.NS,813.0,817.4249877929688,810.0,815.5250244140625,11963384
2022-12-12 05:30:00+05:30,HDFCBANK.NS,812.5,826.7999877929688,810.7000122070312,821.875,14434808
2022-12-13 05:30:00+05:30,HDFCBANK.NS,825.0,828.5,822.5,824.1500244140625,17031702
2022-12-14 05:30:00+05:30,HDFCBANK.NS,826.5,832.75,825.0,831.125,14227640
2022-12-15 05:30:00+05:30,HDFCBANK.NS,828.5250244140625,834.7000122070312,813.5250244140625,815.9000244140625,18182648
2022-12-16 05:30:00+05:30,HDFCBANK.NS,810.0250244140625,822.5499877929688,804.5,819.8250122070312,14647958
2022-12-19 05:30:00+05:30,HDFCBANK.NS,822.0,823.3250122070312,813.0999755859375,822.375,9604542
2022-12-20 05:30:00+05:30,HDFCBANK.NS,810.0999755859375,818.2000122070312,810.0999755859375,816.7000122070312,7174698
2022-12-21 05:30:00+05:30,HDFCBANK.NS,820.5,822.4000244140625,803.2750244140625,808.7999877929688,9269198
2022-12-22 05:30:00+05:30,HDFCBANK.NS,811.0999755859375,813.75,804.5,806.0250244140625,9747096
2022-12-23 05:30:00+05:30,HDFCBANK.NS,793.5,802.0750122070312,792.7249755859375,798.8250122070312,10693152
2022-12-26 05:30:00+05:30,HDFCBANK.NS,799.75,819.5,795.0,814.7249755859375,9907322
2022-12-27 05:30:00+05:30,HDFCBANK.NS,816.5,817.9749755859375,806.75,815.5499877929688,7926772
2022-12-28 05:30:00+05:30,HDFCBANK.NS,811.5499877929688,816.5,811.5499877929688,814.9000244140625,8691870
2022-12-29 05:30:00+05:30,HDFCBANK.NS,810.0499877929688,821.75,805.5,820.6500244140625,11012896
2022-12-30 05:30:00+05:30,HDFCBANK.NS,822.5,822.5,810.0,814.0750122070312,7122640
2023-01-02 05:30:00+05:30,HDFCBANK.NS,813.5,819.875,809.2750244140625,814.3499755859375,4381378
2023-01-03 05:30:00+05:30,HDFCBANK.NS,811.0999755859375,821.5,811.0999755859375,819.6749877929688,8378030
2023-01-04 05:30:00+05:30,HDFCBANK.NS,817.5,822.875,803.5,805.0250244140625,10351600
2023-01-05 05:30:00+05:30,HDFCBANK.NS,807.5,809.0250244140625,794.7000122070312,799.8499755859375,10941436
2023-01-06 05:30:00+05:30,HDFCBANK.NS,801.0,804.5499877929688,789.0999755859375,797.2000122070312,9092462
2023-01-09 05:30:00+05:30,HDFCBANK.NS,798.0,805.7750244140625,795.0,798.75,10729340
2023-01-10 05:30:00+05:30,HDFCBANK.NS,800.0,800.0,782.5,784.1500244140625,16371766
2023-01-11 05:30:00+05:30,HDFCBANK.NS,783.9749755859375,799.0,780.0,795.4500122070312,15195798
2023-01-12 05:30:00+05:30,HDFCBANK.NS,793.9000244140625,801.9500122070312,792.0750122070312,799.7000122070312,9250070
2023-01-13 05:30:00+05:30,HDFCBANK.NS,799.375,804.9500122070312,793.0,800.3250122070312,9244546
2023-01-16 05:30:00+05:30,HDFCBANK.NS,807.5,810.6500244140625,790.1500244140625,792.6500244140625,14748094
2023-01-17 05:30:00+05:30,HDFCBANK.NS,794.9000244140625,805.5,788.75,804.4500122070312,10786354
2023-01-18 05:30:00+05:30,HDFCBANK.NS,802.5,820.7999877929688,799.8499755859375,818.6500244140625,19090642
2023-01-19 05:30:00+05:30,HDFCBANK.NS,818.5,825.0,816.5,822.0499877929688,11172162
2023-01-20 05:30:00+05:30,HDFCBANK.NS,822.0499877929688,834.5,821.7000122070312,830.4749755859375,18843404
2023-01-23 05:30:00+05:30,HDFCBANK.NS,833.125,841.2999877929688,830.7000122070312,836.5499877929688,15444400
2023-01-24 05:30:00+05:30,HDFCBANK.NS,837.5250244140625,851.2000122070312,837.5,847.75,24983940
2023-01-25 05:30:00+05:30,HDFCBANK.NS,845.7000122070312,846.4749755859375,822.6500244140625,824.3250122070312,14704142
2023-01-27 05:30:00+05:30,HDFCBANK.NS,816.0,818.5,794.9749755859375,807.9000244140625,35179948
2023-01-30 05:30:00+05:30,HDFCBANK.NS,797.5,812.6500244140625,791.0,807.0750122070312,18512822
2023-01-31 05:30:00+05:30,HDFCBANK.NS,809.8499755859375,811.3499755859375,797.5,801.75,18596244
2023-02-01 05:30:00+05:30,HDFCBANK.NS,812.0,832.5,803.0,813.7750244140625,17302790
2023-02-02 05:30:00+05:30,HDFCBANK.NS,804.0499877929688,812.25,794.375,801.6749877929688,17497106
2023-02-03 05:30:00+05:30,HDFCBANK.NS,805.5,830.25,803.5,829.4000244140625,14411100
2023-02-06 05:30:00+05:30,HDFCBANK.NS,830.0,834.7000122070312,823.0999755859375,825.875,11167672
2023-02-07 05:30:00+05:30,HDFCBANK.NS,829.7000122070312,832.4500122070312,816.2999877929688,827.0999755859375,10264588
2023-02-08 05:30:00+05:30,HDFCBANK.NS,827.125,834.0999755859375,825.0,827.0,8444826
2023-02-09 05:30:00+05:30,HDFCBANK.NS,830.0,830.8250122070312,817.7750244140625,825.2750244140625,11777336
2023-02-10 05:30:00+05:30,HDFCBANK.NS,824.4000244140625,829.25,821.0999755859375,828.5499877929688,8172116
2023-02-13 05:30:00+05:30,HDFCBANK.NS,827.5,830.875,822.2750244140625,829.1749877929688,5736944
2023-02-14 05:30:00+05:30,HDFCBANK.NS,832.5,838.75,828.9749755859375,836.8499755859375,10908592
2023-02-15 05:30:00+05:30,HDFCBANK.NS,839.0,839.0,828.375,835.1500244140625,11438712
2023-02-16 05:30:00+05:30,HDFCBANK.NS,836.5999755859375,840.9500122070312,830.5,832.125,8062500
2023-02-17 05:30:00+05:30,HDFCBANK.NS,830.5,834.0750122070312,821.4749755859375,827.9500122070312,8956270
2023-02-20 05:30:00+05:30,HDFCBANK.NS,830.0,834.7249755859375,817.4000244140625,820.1749877929688,8086706
2023-02-21 05:30:00+05:30,HDFCBANK.NS,820.0,831.1749877929688,817.0,823.25,12389296
2023-02-22 05:30:00+05:30,HDFCBANK.NS,819.5,820.9749755859375,804.5250244140625,807.0999755859375,10359102
2023-02-23 05:30:00+05:30,HDFCBANK.NS,806.5,809.4249877929688,796.0499877929688,801.625,27882010
2023-02-24 05:30:00+05:30,HDFCBANK.NS,808.9500122070312,808.9500122070312,792.5999755859375,794.4749755859375,17061740
2023-02-27 05:30:00+05:30,HDFCBANK.NS,792.9500122070312,799.5,788.6500244140625,796.4500122070312,14312972
2023-02-28 05:30:00+05:30,HDFCBANK.NS,796.0,802.6500244140625,794.3499755859375,799.7999877929688,18993992
2023-03-01 05:30:00+05:30,HDFCBANK.NS,806.0,806.5,797.875,799.0250244140625,14137256
2023-03-02 05:30:00+05:30,HDFCBANK.NS,797.0,802.9749755859375,791.0,792.2249755859375,17391814
2023-03-03 05:30:00+05:30,HDFCBANK.NS,798.0,810.0,794.0,807.9500122070312,14986234
2023-03-06 05:30:00+05:30,HDFCBANK.NS,810.0,819.7249755859375,809.0250244140625,813.6500244140625,27004710
2023-03-08 05:30:00+05:30,HDFCBANK.NS,810.0,819.75,810.0,815.2750244140625,20099774
2023-03-09 05:30:00+05:30,HDFCBANK.NS,814.9749755859375,822.9749755859375,813.5,815.3499755859375,20700166
2023-03-10 05:30:00+05:30,HDFCBANK.NS,805.2249755859375,806.875,792.5,794.3250122070312,27387000
2023-03-13 05:30:00+05:30,HDFCBANK.NS,793.9500122070312,801.9000244140625,782.4749755859375,784.2750244140625,26443550
2023-03-14 05:30:00+05:30,HDFCBANK.NS,785.125,791.7999877929688,779.6500244140625,782.1749877929688,33185612
2023-03-15 05:30:00+05:30,HDFCBANK.NS,789.0,791.4500122070312,768.2999877929688,770.9500122070312,37264754
2023-03-16 05:30:00+05:30,HDFCBANK.NS,769.5,779.5499877929688,766.0250244140625,775.9500122070312,21753342
2023-03-17 05:30:00+05:30,HDFCBANK.NS,778.75,789.5999755859375,770.0,786.3250122070312,22950876
2023-03-20 05:30:00+05:30,HDFCBANK.NS,783.9749755859375,784.0499877929688,772.7000122070312,780.875,26503114
2023-03-21 05:30:00+05:30,HDFCBANK.NS,785.9749755859375,791.25,778.0999755859375,789.7249755859375,33050494
2023-03-22 05:30:00+05:30,HDFCBANK.NS,792.0,793.0250244140625,782.6500244140625,787.9000244140625,14177324
2023-03-23 05:30:00+05:30,HDFCBANK.NS,783.875,795.1749877929688,779.2750244140625,781.5750122070312,28364178
2023-03-24 05:30:00+05:30,HDFCBANK.NS,780.0,786.9500122070312,777.4749755859375,780.3250122070312,31477748
2023-03-27 05:30:00+05:30,HDFCBANK.NS,781.0999755859375,789.7249755859375,779.4500122070312,783.7249755859375,31872006
2023-03-28 05:30:00+05:30,HDFCBANK.NS,782.8499755859375,791.4500122070312,782.0499877929688,790.0999755859375,39276302
2023-03-29 05:30:00+05:30,HDFCBANK.NS,792.0,801.0,790.9500122070312,793.9000244140625,39763612
2023-03-31 05:30:00+05:30,HDFCBANK.NS,797.7999877929688,806.4749755859375,796.2000122070312,804.7750244140625,34711228
2023-04-03 05:30:00+05:30,HDFCBANK.NS,803.7750244140625,807.8499755859375,801.375,805.2750244140625,40025398
2023-04-05 05:30:00+05:30,HDFCBANK.NS,809.2999877929688,828.0,808.0,826.875,43365392
2023-04-06 05:30:00+05:30,HDFCBANK.NS,824.2750244140625,834.5999755859375,823.5499877929688,833.1749877929688,44637344
2023-04-10 05:30:00+05:30,HDFCBANK.NS,831.625,835.5,827.0,829.2249755859375,31813286
2023-04-11 05:30:00+05:30,HDFCBANK.NS,829.5,834.7000122070312,825.5499877929688,831.6500244140625,42361542
2023-04-12 05:30:00+05:30,HDFCBANK.NS,834.0,844.0999755859375,833.9000244140625,842.4500122070312,26955504
2023-04-13 05:30:00+05:30,HDFCBANK.NS,844.1500244140625,848.5250244140625,839.0750122070312,846.2249755859375,35330086
2023-04-17 05:30:00+05:30,HDFCBANK.NS,860.0,860.0,826.6500244140625,833.3250122070312,32405148
2023-04-18 05:30:00+05:30,HDFCBANK.NS,835.0,838.625,828.2000122070312,829.7999877929688,29637226
2023-04-19 05:30:00+05:30,HDFCBANK.NS,832.5,835.1500244140625,828.5750122070312,832.8499755859375,24741168
2023-04-20 05:30:00+05:30,HDFCBANK.NS,835.8499755859375,838.7249755859375,833.2000122070312,835.9500122070312,32922716
2023-04-21 05:30:00+05:30,HDFCBANK.NS,834.5,838.4749755859375,831.625,837.2999877929688,20128618
2023-04-24 05:30:00+05:30,HDFCBANK.NS,843.5,845.7249755859375,837.0499877929688,844.0750122070312,35675852
2023-04-25 05:30:00+05:30,HDFCBANK.NS,843.8499755859375,843.8499755859375,830.9500122070312,832.0750122070312,50353068
2023-04-26 05:30:00+05:30,HDFCBANK.NS,830.0,837.5,827.5,835.9000244140625,27392750
2023-04-27 05:30:00+05:30,HDFCBANK.NS,835.25,842.625,832.9249877929688,840.5,47790392
2023-04-28 05:30:00+05:30,HDFCBANK.NS,842.3499755859375,845.5,835.0,843.7999877929688,27916272
2023-05-02 05:30:00+05:30,HDFCBANK.NS,844.3499755859375,849.5,841.0,843.625,32221184
2023-05-03 05:30:00+05:30,HDFCBANK.NS,842.4749755859375,848.0,839.8250122070312,846.5750122070312,29407270
2023-05-04 05:30:00+05:30,HDFCBANK.NS,843.5499877929688,867.2249755859375,843.5499877929688,863.9000244140625,56854638
2023-05-05 05:30:00+05:30,HDFCBANK.NS,819.5,830.4749755859375,811.0499877929688,812.8250122070312,62770416
2023-05-08 05:30:00+05:30,HDFCBANK.NS,817.5,825.1749877929688,815.0,822.2249755859375,37244524
2023-05-09 05:30:00+05:30,HDFCBANK.NS,824.9500122070312,828.0,819.9749755859375,822.25,43688938
2023-05-10 05:30:00+05:30,HDFCBANK.NS,822.25,827.3250122070312,816.5499877929688,826.0499877929688,46340550
2023-05-11 05:30:00+05:30,HDFCBANK.NS,832.5750122070312,844.0,824.625,826.5999755859375,35734618
2023-05-12 05:30:00+05:30,HDFCBANK.NS,823.5,836.4000244140625,822.125,833.9000244140625,22478760
2023-05-15 05:30:00+05:30,HDFCBANK.NS,836.0,840.375,832.5499877929688,837.9000244140625,18512260
2023-05-16 05:30:00+05:30,HDFCBANK.NS,835.9000244140625,835.9000244140625,822.0,823.6500244140625,32722086
2023-05-17 05:30:00+05:30,HDFCBANK.NS,825.0,825.0,812.6749877929688,819.2249755859375,30466868
2023-05-18 05:30:00+05:30,HDFCBANK.NS,824.0,826.9749755859375,820.0,822.5,49646942
2023-05-19 05:30:00+05:30,HDFCBANK.NS,824.0,825.0,815.7750244140625,823.4500122070312,30460332
2023-05-22 05:30:00+05:30,HDFCBANK.NS,822.5,826.4500122070312,816.3499755859375,820.5250244140625,28334032
2023-05-23 05:30:00+05:30,HDFCBANK.NS,824.5,824.7999877929688,816.7249755859375,818.5999755859375,22470074
2023-05-24 05:30:00+05:30,HDFCBANK.NS,813.7750244140625,817.375,806.7999877929688,807.9000244140625,33588112
2023-05-25 05:30:00+05:30,HDFCBANK.NS,807.8499755859375,810.0250244140625,798.6749877929688,804.7999877929688,29776930
2023-05-26 05:30:00+05:30,HDFCBANK.NS,809.5,809.5,801.125,807.9000244140625,26635066
2023-05-29 05:30:00+05:30,HDFCBANK.NS,814.25,820.5,812.4249877929688,817.75,21816292
2023-05-30 05:30:00+05:30,HDFCBANK.NS,816.7999877929688,821.3250122070312,814.2750244140625,818.375,37125928
2023-05-31 05:30:00+05:30,HDFCBANK.NS,814.9500122070312,817.4749755859375,802.3250122070312,805.4249877929688,43334270
2023-06-01 05:30:00+05:30,HDFCBANK.NS,809.9500122070312,809.9500122070312,800.0,802.0,50366938
2023-06-02 05:30:00+05:30,HDFCBANK.NS,806.2249755859375,807.4000244140625,800.5,803.25,17859710
2023-06-05 05:30:00+05:30,HDFCBANK.NS,807.25,808.25,801.2249755859375,802.2000122070312,18697242
2023-06-06 05:30:00+05:30,HDFCBANK.NS,803.8250122070312,804.9249877929688,796.125,799.7000122070312,32182852
2023-06-07 05:30:00+05:30,HDFCBANK.NS,801.7249755859375,806.2750244140625,798.0,803.8499755859375,24949026
2023-06-08 05:30:00+05:30,HDFCBANK.NS,801.625,813.0,801.625,804.3499755859375,37395522
2023-06-09 05:30:00+05:30,HDFCBANK.NS,807.9500122070312,809.25,803.5,805.2999877929688,18212578
2023-06-12 05:30:00+05:30,HDFCBANK.NS,806.2750244140625,807.9000244140625,799.7249755859375,800.4000244140625,13408292
2023-06-13 05:30:00+05:30,HDFCBANK.NS,795.0499877929688,804.5,795.0499877929688,801.75,27926108
2023-06-14 05:30:00+05:30,HDFCBANK.NS,805.2249755859375,806.0,800.0999755859375,800.875,20113968
2023-06-15 05:30:00+05:30,HDFCBANK.NS,802.0,802.9749755859375,789.5,791.0250244140625,35377476
2023-06-16 05:30:00+05:30,HDFCBANK.NS,793.5750122070312,804.5999755859375,792.0,801.375,15779272
2023-06-19 05:30:00+05:30,HDFCBANK.NS,805.5,807.125,799.1749877929688,802.0750122070312,24829146
2023-06-20 05:30:00+05:30,HDFCBANK.NS,802.0750122070312,805.5,795.3250122070312,803.75,20005626
2023-06-21 05:30:00+05:30,HDFCBANK.NS,808.0,818.625,805.5,817.7999877929688,24308946
2023-06-22 05:30:00+05:30,HDFCBANK.NS,820.0,828.7750244140625,819.5250244140625,821.7999877929688,56596140
2023-06-23 05:30:00+05:30,HDFCBANK.NS,818.7750244140625,829.9500122070312,817.0250244140625,821.75,21339218
2023-06-26 05:30:00+05:30,HDFCBANK.NS,822.5,825.375,814.3499755859375,817.7750244140625,16130314
2023-06-27 05:30:00+05:30,HDFCBANK.NS,821.4749755859375,836.4500122070312,819.2750244140625,829.2999877929688,33831864
2023-06-28 05:30:00+05:30,HDFCBANK.NS,835.0,839.9500122070312,830.25,838.0750122070312,59562950
2023-06-30 05:30:00+05:30,HDFCBANK.NS,852.0,854.4000244140625,841.625,850.7000122070312,40699016
2023-07-03 05:30:00+05:30,HDFCBANK.NS,856.25,878.75,855.0,859.9000244140625,44104116
2023-07-04 05:30:00+05:30,HDFCBANK.NS,861.7249755859375,873.5,856.9000244140625,864.0999755859375,38795188
2023-07-05 05:30:00+05:30,HDFCBANK.NS,858.125,860.0,834.2750244140625,836.6500244140625,37165754
2023-07-06 05:30:00+05:30,HDFCBANK.NS,836.5,843.9249877929688,830.2000122070312,837.5,52156544
2023-07-07 05:30:00+05:30,HDFCBANK.NS,832.5,837.5,828.1500244140625,830.2000122070312,19926336
2023-07-10 05:30:00+05:30,HDFCBANK.NS,830.5,838.375,824.8499755859375,828.2249755859375,38398442
2023-07-11 05:30:00+05:30,HDFCBANK.NS,831.5,838.0,822.75,824.2000122070312,50670426
2023-07-12 05:30:00+05:30,HDFCBANK.NS,827.6749877929688,833.1500244140625,813.5750122070312,816.4749755859375,70958358
2023-07-13 05:30:00+05:30,HDFCBANK.NS,828.3499755859375,828.7249755859375,819.0250244140625,820.5499877929688,41913546
2023-07-14 05:30:00+05:30,HDFCBANK.NS,826.7999877929688,826.7999877929688,817.5,822.25,24727214
2023-07-17 05:30:00+05:30,HDFCBANK.NS,825.0,841.0,816.5,839.4500122070312,49252928
2023-07-18 05:30:00+05:30,HDFCBANK.NS,849.0,852.0,835.0,838.75,81076818
2023-07-19 05:30:00+05:30,HDFCBANK.NS,840.5499877929688,844.375,837.5,842.5499877929688,32935134
2023-07-20 05:30:00+05:30,HDFCBANK.NS,840.5750122070312,846.0,840.0,844.375,56210948
2023-07-21 05:30:00+05:30,HDFCBANK.NS,840.0,844.9000244140625,836.625,837.875,42154248
2023-07-24 05:30:00+05:30,HDFCBANK.NS,839.25,842.3250122070312,835.0499877929688,839.2000122070312,32179444
2023-07-25 05:30:00+05:30,HDFCBANK.NS,842.3250122070312,849.5,839.2000122070312,848.2999877929688,55992596
2023-07-26 05:30:00+05:30,HDFCBANK.NS,849.7999877929688,849.7999877929688,844.0,845.3499755859375,24794358
2023-07-27 05:30:00+05:30,HDFCBANK.NS,849.9500122070312,851.5,833.7249755859375,836.5750122070312,59741302
2023-07-28 05:30:00+05:30,HDFCBANK.NS,830.75,834.4500122070312,820.5499877929688,821.75,41015684
2023-07-31 05:30:00+05:30,HDFCBANK.NS,825.0250244140625,828.4000244140625,819.3499755859375,825.5999755859375,34565006
2023-08-01 05:30:00+05:30,HDFCBANK.NS,827.2249755859375,833.7249755859375,825.0,831.125,35394188
2023-08-02 05:30:00+05:30,HDFCBANK.NS,821.0,825.75,816.5750122070312,820.25,28116322
2023-08-03 05:30:00+05:30,HDFCBANK.NS,820.0,825.6749877929688,811.5,814.3250122070312,57673946
2023-08-04 05:30:00+05:30,HDFCBANK.NS,817.5750122070312,828.25,814.625,826.0999755859375,37388304
2023-08-07 05:30:00+05:30,HDFCBANK.NS,831.5499877929688,831.5499877929688,823.7750244140625,825.625,28300918
2023-08-08 05:30:00+05:30,HDFCBANK.NS,825.8499755859375,827.7999877929688,821.0250244140625,824.9500122070312,43773828
2023-08-09 05:30:00+05:30,HDFCBANK.NS,826.5,827.25,815.5499877929688,825.25,33361236
2023-08-10 05:30:00+05:30,HDFCBANK.NS,823.5250244140625,827.125,815.5,817.9249877929688,50781118
2023-08-11 05:30:00+05:30,HDFCBANK.NS,819.2000122070312,819.2000122070312,808.0999755859375,809.4000244140625,28225822
2023-08-14 05:30:00+05:30,HDFCBANK.NS,805.5,807.5,800.125,805.4500122070312,31304410
2023-08-16 05:30:00+05:30,HDFCBANK.NS,791.5499877929688,804.8250122070312,790.6500244140625,803.0999755859375,34137542
2023-08-17 05:30:00+05:30,HDFCBANK.NS,798.7999877929688,804.9500122070312,797.0,798.6500244140625,52884040
2023-08-18 05:30:00+05:30,HDFCBANK.NS,793.7750244140625,798.1500244140625,792.75,795.375,25633366
2023-08-21 05:30:00+05:30,HDFCBANK.NS,800.25,800.25,793.5,794.75,21837270
2023-08-22 05:30:00+05:30,HDFCBANK.NS,798.1749877929688,799.0,790.0,791.3499755859375,32273570
2023-08-23 05:30:00+05:30,HDFCBANK.NS,790.0,795.2750244140625,786.625,793.2999877929688,36498588
2023-08-24 05:30:00+05:30,HDFCBANK.NS,796.6500244140625,798.0999755859375,788.0750122070312,789.6500244140625,43145792
2023-08-25 05:30:00+05:30,HDFCBANK.NS,787.2750244140625,788.75,779.2000122070312,780.75,30069756
2023-08-28 05:30:00+05:30,HDFCBANK.NS,780.75,791.3250122070312,780.75,788.875,28867238
2023-08-29 05:30:00+05:30,HDFCBANK.NS,794.8499755859375,796.3250122070312,790.7249755859375,795.1500244140625,35538932
2023-08-30 05:30:00+05:30,HDFCBANK.NS,801.9749755859375,801.9749755859375,786.8499755859375,789.3499755859375,28084204
2023-08-31 05:30:00+05:30,HDFCBANK.NS,789.5,791.5750122070312,781.5499877929688,785.7249755859375,100075772
2023-09-01 05:30:00+05:30,HDFCBANK.NS,785.5,789.5,779.6749877929688,787.3499755859375,43226776
2023-09-04 05:30:00+05:30,HDFCBANK.NS,795.0,795.7249755859375,787.4500122070312,792.2750244140625,25073638
2023-09-05 05:30:00+05:30,HDFCBANK.NS,794.2000122070312,794.2000122070312,785.2999877929688,787.4500122070312,38712082
2023-09-06 05:30:00+05:30,HDFCBANK.NS,788.4000244140625,800.0,787.4500122070312,797.75,56320910
2023-09-07 05:30:00+05:30,HDFCBANK.NS,797.75,807.0,793.5750122070312,805.4249877929688,34208342
2023-09-08 05:30:00+05:30,HDFCBANK.NS,804.1500244140625,816.4500122070312,803.7999877929688,811.7000122070312,34502210
2023-09-11 05:30:00+05:30,HDFCBANK.NS,814.4500122070312,818.25,812.0,815.9000244140625,31573022
2023-09-12 05:30:00+05:30,HDFCBANK.NS,820.0,821.4500122070312,812.5250244140625,818.4500122070312,39033340
2023-09-13 05:30:00+05:30,HDFCBANK.NS,815.6500244140625,825.7999877929688,814.2999877929688,821.9500122070312,46420094
2023-09-14 05:30:00+05:30,HDFCBANK.NS,822.125,825.0,817.5499877929688,821.4500122070312,23538848
2023-09-15 05:30:00+05:30,HDFCBANK.NS,825.0,835.0,825.0,830.875,173411202
2023-09-18 05:30:00+05:30,HDFCBANK.NS,826.875,827.5,813.0499877929688,814.5250244140625,37056288
2023-09-20 05:30:00+05:30,HDFCBANK.NS,799.5,799.5,780.2000122070312,781.8499755859375,115474648
2023-09-21 05:30:00+05:30,HDFCBANK.NS,776.5,784.4749755859375,768.5250244140625,776.6749877929688,72841442
2023-09-22 05:30:00+05:30,HDFCBANK.NS,779.5,782.2000122070312,761.875,764.8250122070312,61704250
2023-09-25 05:30:00+05:30,HDFCBANK.NS,762.5,770.3499755859375,762.5,765.5,40208754
2023-09-26 05:30:00+05:30,HDFCBANK.NS,762.5,770.0,762.5,768.8250122070312,27575308
2023-09-27 05:30:00+05:30,HDFCBANK.NS,761.5,766.25,757.5,763.4249877929688,39338538
2023-09-28 05:30:00+05:30,HDFCBANK.NS,767.0,768.7999877929688,759.1749877929688,761.8499755859375,55354188
2023-09-29 05:30:00+05:30,HDFCBANK.NS,761.8499755859375,767.7249755859375,761.1500244140625,763.1500244140625,32053782
2023-10-03 05:30:00+05:30,HDFCBANK.NS,763.5,763.5,753.0,754.0250244140625,38971694
2023-10-04 05:30:00+05:30,HDFCBANK.NS,747.5,767.5,744.625,764.7750244140625,54649430
2023-10-05 05:30:00+05:30,HDFCBANK.NS,767.5250244140625,775.7750244140625,766.2999877929688,767.875,48512674
2023-10-06 05:30:00+05:30,HDFCBANK.NS,772.0,772.5,764.9249877929688,767.0250244140625,17759356
2023-10-09 05:30:00+05:30,HDFCBANK.NS,764.0,765.0,756.0,758.125,16454972
2023-10-10 05:30:00+05:30,HDFCBANK.NS,760.2750244140625,764.5,757.5999755859375,762.4249877929688,33266292
2023-10-11 05:30:00+05:30,HDFCBANK.NS,765.0499877929688,771.0750122070312,764.25,769.7999877929688,31333360
2023-10-12 05:30:00+05:30,HDFCBANK.NS,768.0499877929688,776.0,765.7999877929688,774.9249877929688,22025336
2023-10-13 05:30:00+05:30,HDFCBANK.NS,770.0,774.4000244140625,764.9749755859375,767.875,39745300
2023-10-16 05:30:00+05:30,HDFCBANK.NS,765.75,767.2249755859375,760.25,764.7999877929688,17856084
2023-10-17 05:30:00+05:30,HDFCBANK.NS,777.875,777.875,767.5,770.5999755859375,32902558
2023-10-18 05:30:00+05:30,HDFCBANK.NS,770.5999755859375,770.5999755859375,759.0499877929688,759.875,31216200
2023-10-19 05:30:00+05:30,HDFCBANK.NS,752.7000122070312,763.125,751.5999755859375,757.4749755859375,30252364
2023-10-20 05:30:00+05:30,HDFCBANK.NS,752.5,763.5,752.5,761.4000244140625,21094010
2023-10-23 05:30:00+05:30,HDFCBANK.NS,761.75,764.375,750.0499877929688,753.0250244140625,22376136
2023-10-25 05:30:00+05:30,HDFCBANK.NS,760.5,761.4000244140625,745.7249755859375,748.25,28311996
2023-10-26 05:30:00+05:30,HDFCBANK.NS,745.625,746.0,730.125,731.7000122070312,55561798
2023-10-27 05:30:00+05:30,HDFCBANK.NS,734.75,739.0,733.4500122070312,734.5750122070312,31940532
2023-10-30 05:30:00+05:30,HDFCBANK.NS,731.625,744.9749755859375,730.9500122070312,742.5499877929688,23310982
2023-10-31 05:30:00+05:30,HDFCBANK.NS,752.0,752.0,737.0,738.25,32634824
2023-11-01 05:30:00+05:30,HDFCBANK.NS,731.125,738.7249755859375,731.125,737.25,33877466
2023-11-02 05:30:00+05:30,HDFCBANK.NS,742.5,745.25,733.5750122070312,738.375,45225154
2023-11-03 05:30:00+05:30,HDFCBANK.NS,744.0,745.7000122070312,740.8250122070312,741.875,18095340
2023-11-06 05:30:00+05:30,HDFCBANK.NS,749.0,749.0,741.5,747.25,25593730
2023-11-07 05:30:00+05:30,HDFCBANK.NS,747.0,747.0,738.5999755859375,743.625,41952848
2023-11-08 05:30:00+05:30,HDFCBANK.NS,741.9749755859375,746.7249755859375,740.5,745.7750244140625,31399546
2023-11-09 05:30:00+05:30,HDFCBANK.NS,743.0,746.2999877929688,741.75,742.8250122070312,22116740
2023-11-10 05:30:00+05:30,HDFCBANK.NS,740.0499877929688,748.0,740.0250244140625,745.75,14015186
2023-11-13 05:30:00+05:30,HDFCBANK.NS,746.0499877929688,747.9749755859375,742.9500122070312,744.4000244140625,20605914
2023-11-15 05:30:00+05:30,HDFCBANK.NS,752.0499877929688,755.4749755859375,750.2750244140625,752.2000122070312,41245460
2023-11-16 05:30:00+05:30,HDFCBANK.NS,754.8499755859375,759.5,751.875,754.1749877929688,29713838
2023-11-17 05:30:00+05:30,HDFCBANK.NS,745.0,753.75,744.5,752.5499877929688,23701874
2023-11-20 05:30:00+05:30,HDFCBANK.NS,756.5,756.5,750.7750244140625,752.5999755859375,19331452
2023-11-21 05:30:00+05:30,HDFCBANK.NS,759.5,761.0,756.0499877929688,758.9749755859375,24959972
2023-11-22 05:30:00+05:30,HDFCBANK.NS,760.0,760.0,751.7750244140625,756.2750244140625,29123650
2023-11-23 05:30:00+05:30,HDFCBANK.NS,754.25,761.9249877929688,754.25,760.6500244140625,13046220
2023-11-24 05:30:00+05:30,HDFCBANK.NS,760.5999755859375,766.5750122070312,759.9249877929688,766.0499877929688,16469192
2023-11-28 05:30:00+05:30,HDFCBANK.NS,767.5999755859375,768.625,762.9000244140625,764.3250122070312,28489338
2023-11-29 05:30:00+05:30,HDFCBANK.NS,766.9500122070312,781.5,766.5,779.5750122070312,34042488
2023-11-30 05:30:00+05:30,HDFCBANK.NS,784.5750122070312,786.2249755859375,771.0750122070312,779.4000244140625,69491440
2023-12-01 05:30:00+05:30,HDFCBANK.NS,778.9500122070312,782.875,776.0499877929688,777.7000122070312,22153536
2023-12-04 05:30:00+05:30,HDFCBANK.NS,794.0,806.0,786.8250122070312,804.7000122070312,50662456
2023-12-05 05:30:00+05:30,HDFCBANK.NS,818.25,819.5,808.25,811.8499755859375,52230820
2023-12-06 05:30:00+05:30,HDFCBANK.NS,819.2249755859375,819.2249755859375,808.3250122070312,813.9000244140625,38613060
2023-12-07 05:30:00+05:30,HDFCBANK.NS,812.5,817.0,808.0999755859375,815.2249755859375,20450386
2023-12-08 05:30:00+05:30,HDFCBANK.NS,815.2249755859375,827.5,815.2249755859375,826.5999755859375,33728038
2023-12-11 05:30:00+05:30,HDFCBANK.NS,825.0250244140625,831.8499755859375,823.5,825.5,23187620
2023-12-12 05:30:00+05:30,HDFCBANK.NS,827.0999755859375,828.125,815.9249877929688,817.2999877929688,36581476
2023-12-13 05:30:00+05:30,HDFCBANK.NS,816.2249755859375,818.0,807.5499877929688,815.4500122070312,29346914
2023-12-14 05:30:00+05:30,HDFCBANK.NS,823.0,829.4749755859375,822.5,825.0750122070312,35172366
2023-12-15 05:30:00+05:30,HDFCBANK.NS,825.0,834.0,823.2999877929688,828.2750244140625,138837130
2023-12-18 05:30:00+05:30,HDFCBANK.NS,830.3499755859375,832.3499755859375,825.4749755859375,827.8499755859375,18014754
2023-12-19 05:30:00+05:30,HDFCBANK.NS,825.0,829.3250122070312,822.0250244140625,826.4500122070312,24008446
2023-12-20 05:30:00+05:30,HDFCBANK.NS,829.0,834.4749755859375,822.2249755859375,828.5,34232520
2023-12-21 05:30:00+05:30,HDFCBANK.NS,828.5,844.875,825.125,843.3499755859375,36589240
2023-12-22 05:30:00+05:30,HDFCBANK.NS,841.7999877929688,842.9500122070312,833.5499877929688,835.4249877929688,48578850
2023-12-26 05:30:00+05:30,HDFCBANK.NS,836.625,842.9749755859375,834.2750244140625,841.2249755859375,18045856
2023-12-27 05:30:00+05:30,HDFCBANK.NS,840.75,853.25,839.2999877929688,851.6500244140625,27009078
2023-12-28 05:30:00+05:30,HDFCBANK.NS,854.6500244140625,860.7000122070312,851.0,852.625,44076470
2023-12-29 05:30:00+05:30,HDFCBANK.NS,848.5,857.4500122070312,848.0,854.625,25011426
