timestamp,symbol,open,high,low,close,volume
2015-01-01 05:30:00+05:30,ICICIBANK.NS,320.6363525390625,321.31817626953125,318.3636474609375,320.2727355957031,2583280
2015-01-02 05:30:00+05:30,ICICIBANK.NS,320.0,330.4545593261719,320.0,329.3636474609375,8272990
2015-01-05 05:30:00+05:30,ICICIBANK.NS,332.0909118652344,334.0,328.6363525390625,330.0454406738281,10316090
2015-01-06 05:30:00+05:30,ICICIBANK.NS,326.7272644042969,327.18182373046875,314.7272644042969,316.0454406738281,13282427
2015-01-07 05:30:00+05:30,ICICIBANK.NS,314.18182373046875,314.7727355957031,304.9545593261719,307.5,21254332
2015-01-08 05:30:00+05:30,ICICIBANK.NS,313.6363525390625,316.81817626953125,310.18182373046875,315.8636474609375,12558144
2015-01-09 05:30:00+05:30,ICICIBANK.NS,318.1363525390625,318.5454406738281,306.4545593261719,310.7727355957031,15701030
2015-01-12 05:30:00+05:30,ICICIBANK.NS,311.5909118652344,316.0,307.9090881347656,315.0454406738281,8304115
2015-01-13 05:30:00+05:30,ICICIBANK.NS,317.2727355957031,317.2727355957031,308.8636474609375,309.9090881347656,13100848
2015-01-14 05:30:00+05:30,ICICIBANK.NS,308.4090881347656,310.7272644042969,302.7272644042969,306.2727355957031,13127934
2015-01-15 05:30:00+05:30,ICICIBANK.NS,320.1363525390625,323.6363525390625,315.9545593261719,320.7727355957031,16662989
2015-01-16 05:30:00+05:30,ICICIBANK.NS,320.7727355957031,322.3636474609375,315.8636474609375,321.68182373046875,14726646
2015-01-19 05:30:00+05:30,ICICIBANK.NS,323.18182373046875,328.9090881347656,321.3636474609375,328.0,10277015
2015-01-20 05:30:00+05:30,ICICIBANK.NS,327.0,335.68182373046875,327.0,334.31817626953125,11477610
2015-01-21 05:30:00+05:30,ICICIBANK.NS,333.18182373046875,337.2272644042969,331.9545593261719,334.9545593261719,12457852
2015-01-22 05:30:00+05:30,ICICIBANK.NS,335.3636474609375,338.4545593261719,331.4545593261719,336.18182373046875,9320935
2015-01-23 05:30:00+05:30,ICICIBANK.NS,340.81817626953125,341.3636474609375,335.18182373046875,337.0,13525550
2015-01-27 05:30:00+05:30,ICICIBANK.NS,340.4545593261719,349.81817626953125,338.81817626953125,348.6363525390625,13932787
2015-01-28 05:30:00+05:30,ICICIBANK.NS,348.1363525390625,357.6363525390625,346.9090881347656,349.1363525390625,14787690
2015-01-29 05:30:00+05:30,ICICIBANK.NS,345.5454406738281,348.9090881347656,341.4090881347656,345.7272644042969,22085259
2015-01-30 05:30:00+05:30,ICICIBANK.NS,346.7727355957031,347.2727355957031,322.4090881347656,327.9090881347656,31372235
2015-02-02 05:30:00+05:30,ICICIBANK.NS,327.5454406738281,327.9090881347656,318.18182373046875,319.8636474609375,37165959
2015-02-03 05:30:00+05:30,ICICIBANK.NS,320.0,324.3636474609375,313.7272644042969,315.0909118652344,25975650
2015-02-04 05:30:00+05:30,ICICIBANK.NS,314.5909118652344,315.68182373046875,309.31817626953125,313.31817626953125,15639435
2015-02-05 05:30:00+05:30,ICICIBANK.NS,309.9090881347656,313.9090881347656,302.5,305.0909118652344,18771838
2015-02-06 05:30:00+05:30,ICICIBANK.NS,305.4545593261719,309.0909118652344,297.9090881347656,299.4090881347656,17811770
2015-02-09 05:30:00+05:30,ICICIBANK.NS,297.7272644042969,297.7272644042969,289.5454406738281,290.9545593261719,15330887
2015-02-10 05:30:00+05:30,ICICIBANK.NS,289.5454406738281,304.5454406738281,287.6363525390625,300.9545593261719,31301276
2015-02-11 05:30:00+05:30,ICICIBANK.NS,303.7272644042969,309.0454406738281,303.5909118652344,304.2727355957031,13732188
2015-02-12 05:30:00+05:30,ICICIBANK.NS,307.4545593261719,310.31817626953125,300.0,308.31817626953125,14372362
2015-02-13 05:30:00+05:30,ICICIBANK.NS,312.7272644042969,314.4545593261719,309.2727355957031,312.5909118652344,9926537
2015-02-16 05:30:00+05:30,ICICIBANK.NS,315.4090881347656,315.4090881347656,305.81817626953125,307.31817626953125,11084024
2015-02-18 05:30:00+05:30,ICICIBANK.NS,308.81817626953125,312.7272644042969,308.81817626953125,311.2727355957031,8830098
2015-02-19 05:30:00+05:30,ICICIBANK.NS,309.18182373046875,312.5909118652344,302.0454406738281,307.7727355957031,10326464
2015-02-20 05:30:00+05:30,ICICIBANK.NS,304.5454406738281,305.2727355957031,298.6363525390625,300.8636474609375,17197010
2015-02-23 05:30:00+05:30,ICICIBANK.NS,302.7272644042969,304.0909118652344,297.2727355957031,299.0909118652344,12236793
2015-02-24 05:30:00+05:30,ICICIBANK.NS,299.5454406738281,301.2727355957031,295.0,296.4090881347656,12177664
2015-02-25 05:30:00+05:30,ICICIBANK.NS,297.81817626953125,300.9090881347656,292.0454406738281,293.18182373046875,18029910
2015-02-26 05:30:00+05:30,ICICIBANK.NS,295.18182373046875,295.8636474609375,291.0454406738281,292.0909118652344,18356309
2015-02-27 05:30:00+05:30,ICICIBANK.NS,295.0909118652344,306.4090881347656,293.6363525390625,304.7727355957031,17157486
2015-03-02 05:30:00+05:30,ICICIBANK.NS,318.9545593261719,319.9545593261719,309.5909118652344,317.31817626953125,16237130
2015-03-03 05:30:00+05:30,ICICIBANK.NS,316.3636474609375,317.7272644042969,312.81817626953125,316.9545593261719,16309976
2015-03-04 05:30:00+05:30,ICICIBANK.NS,327.2727355957031,329.0909118652344,314.5909118652344,317.5909118652344,27007377
2015-03-05 05:30:00+05:30,ICICIBANK.NS,314.9090881347656,318.0909118652344,309.18182373046875,316.1363525390625,12677758
2015-03-09 05:30:00+05:30,ICICIBANK.NS,310.9090881347656,311.7727355957031,301.5909118652344,302.5454406738281,13711772
2015-03-10 05:30:00+05:30,ICICIBANK.NS,302.4545593261719,307.0909118652344,300.31817626953125,303.31817626953125,15690129
2015-03-11 05:30:00+05:30,ICICIBANK.NS,303.2727355957031,306.31817626953125,299.0909118652344,302.4090881347656,11762499
2015-03-12 05:30:00+05:30,ICICIBANK.NS,306.8636474609375,308.81817626953125,304.2272644042969,307.4545593261719,12265104
2015-03-13 05:30:00+05:30,ICICIBANK.NS,313.6363525390625,314.5454406738281,299.0909118652344,300.18182373046875,14368069
2015-03-16 05:30:00+05:30,ICICIBANK.NS,299.5454406738281,302.7272644042969,296.0454406738281,301.31817626953125,12496540
2015-03-17 05:30:00+05:30,ICICIBANK.NS,301.81817626953125,305.9090881347656,300.1363525390625,304.4090881347656,11214858
2015-03-18 05:30:00+05:30,ICICIBANK.NS,302.81817626953125,305.9545593261719,300.9545593261719,304.3636474609375,9603665
2015-03-19 05:30:00+05:30,ICICIBANK.NS,308.6363525390625,310.3636474609375,298.5,300.18182373046875,15488184
2015-03-20 05:30:00+05:30,ICICIBANK.NS,299.0,299.31817626953125,287.9090881347656,289.6363525390625,23389273
2015-03-23 05:30:00+05:30,ICICIBANK.NS,292.7727355957031,293.0909118652344,284.0454406738281,285.2727355957031,11517028
2015-03-24 05:30:00+05:30,ICICIBANK.NS,282.2727355957031,287.8636474609375,281.31817626953125,283.5454406738281,18209548
2015-03-25 05:30:00+05:30,ICICIBANK.NS,283.6363525390625,290.0,282.81817626953125,288.0909118652344,15109255
2015-03-26 05:30:00+05:30,ICICIBANK.NS,282.7272644042969,285.18182373046875,275.0909118652344,279.9545593261719,34971712
2015-03-27 05:30:00+05:30,ICICIBANK.NS,284.5454406738281,287.4545593261719,280.2272644042969,285.9545593261719,17383920
2015-03-30 05:30:00+05:30,ICICIBANK.NS,287.5454406738281,290.4545593261719,284.8636474609375,289.7272644042969,14140124
2015-03-31 05:30:00+05:30,ICICIBANK.NS,289.9090881347656,293.4090881347656,285.2727355957031,286.81817626953125,14317689
2015-04-01 05:30:00+05:30,ICICIBANK.NS,286.3636474609375,294.9090881347656,285.5,293.7727355957031,9190830
2015-04-06 05:30:00+05:30,ICICIBANK.NS,295.8636474609375,295.8636474609375,290.31817626953125,292.0454406738281,10512775
2015-04-07 05:30:00+05:30,ICICIBANK.NS,293.5909118652344,294.0454406738281,286.3636474609375,288.5454406738281,9849292
2015-04-08 05:30:00+05:30,ICICIBANK.NS,289.9090881347656,290.6363525390625,285.9545593261719,286.4545593261719,9158573
2015-04-09 05:30:00+05:30,ICICIBANK.NS,289.0909118652344,292.6363525390625,288.0909118652344,291.4545593261719,13516230
2015-04-10 05:30:00+05:30,ICICIBANK.NS,290.4545593261719,292.4090881347656,288.3636474609375,289.3636474609375,9053218
2015-04-13 05:30:00+05:30,ICICIBANK.NS,290.81817626953125,290.81817626953125,287.2727355957031,288.0909118652344,8810668
2015-04-15 05:30:00+05:30,ICICIBANK.NS,289.4090881347656,293.0,284.5909118652344,286.3636474609375,11297754
2015-04-16 05:30:00+05:30,ICICIBANK.NS,287.18182373046875,287.2727355957031,281.9545593261719,284.0909118652344,9682703
2015-04-17 05:30:00+05:30,ICICIBANK.NS,285.5,286.31817626953125,280.2272644042969,281.9090881347656,11639567
2015-04-20 05:30:00+05:30,ICICIBANK.NS,284.4545593261719,288.7272644042969,280.2727355957031,282.8636474609375,11663690
2015-04-21 05:30:00+05:30,ICICIBANK.NS,282.7272644042969,287.81817626953125,281.7727355957031,282.5909118652344,9953639
2015-04-22 05:30:00+05:30,ICICIBANK.NS,284.7727355957031,286.3636474609375,275.81817626953125,284.5,12256206
2015-04-23 05:30:00+05:30,ICICIBANK.NS,285.68182373046875,287.18182373046875,281.5909118652344,283.5,10352840
2015-04-24 05:30:00+05:30,ICICIBANK.NS,284.0454406738281,284.1363525390625,279.18182373046875,280.2272644042969,13482295
2015-04-27 05:30:00+05:30,ICICIBANK.NS,282.4545593261719,284.0454406738281,269.7272644042969,274.81817626953125,24819034
2015-04-28 05:30:00+05:30,ICICIBANK.NS,277.81817626953125,298.7272644042969,277.81817626953125,297.1363525390625,37447522
2015-04-29 05:30:00+05:30,ICICIBANK.NS,298.0,304.3636474609375,295.5454406738281,300.1363525390625,24501414
2015-04-30 05:30:00+05:30,ICICIBANK.NS,300.9090881347656,303.2727355957031,295.6363525390625,301.0454406738281,20787994
2015-05-04 05:30:00+05:30,ICICIBANK.NS,302.5,306.2727355957031,296.5454406738281,299.3636474609375,11308400
2015-05-05 05:30:00+05:30,ICICIBANK.NS,299.3636474609375,300.81817626953125,297.3636474609375,298.5909118652344,10109107
2015-05-06 05:30:00+05:30,ICICIBANK.NS,297.18182373046875,307.2727355957031,281.9545593261719,283.7727355957031,19967506
2015-05-07 05:30:00+05:30,ICICIBANK.NS,283.81817626953125,284.5454406738281,273.2727355957031,276.9090881347656,16086181
2015-05-08 05:30:00+05:30,ICICIBANK.NS,281.81817626953125,289.9090881347656,281.81817626953125,288.18182373046875,15672276
2015-05-11 05:30:00+05:30,ICICIBANK.NS,290.9545593261719,296.18182373046875,290.0909118652344,294.0909118652344,9605442
2015-05-12 05:30:00+05:30,ICICIBANK.NS,294.1363525390625,294.5454406738281,279.0909118652344,280.18182373046875,13692241
2015-05-13 05:30:00+05:30,ICICIBANK.NS,284.68182373046875,290.1363525390625,278.6363525390625,288.7727355957031,15431501
2015-05-14 05:30:00+05:30,ICICIBANK.NS,288.81817626953125,289.0454406738281,282.9545593261719,286.31817626953125,11672149
2015-05-15 05:30:00+05:30,ICICIBANK.NS,286.6363525390625,287.68182373046875,282.31817626953125,283.9545593261719,12014773
2015-05-18 05:30:00+05:30,ICICIBANK.NS,286.3636474609375,288.0909118652344,284.4545593261719,287.5,7629436
2015-05-19 05:30:00+05:30,ICICIBANK.NS,285.4090881347656,289.9090881347656,283.6363525390625,286.68182373046875,9064851
2015-05-20 05:30:00+05:30,ICICIBANK.NS,287.5,291.81817626953125,287.5,289.7727355957031,7555070
2015-05-21 05:30:00+05:30,ICICIBANK.NS,291.0909118652344,291.6363525390625,284.2727355957031,285.0454406738281,11132704
2015-05-22 05:30:00+05:30,ICICIBANK.NS,286.3636474609375,289.2272644042969,283.4090881347656,285.0909118652344,8944914
2015-05-25 05:30:00+05:30,ICICIBANK.NS,283.6363525390625,285.5454406738281,282.68182373046875,283.7727355957031,5481212
2015-05-26 05:30:00+05:30,ICICIBANK.NS,283.6363525390625,284.5454406738281,280.5909118652344,281.5454406738281,5505501
2015-05-27 05:30:00+05:30,ICICIBANK.NS,283.4545593261719,286.18182373046875,279.5454406738281,284.68182373046875,12557150
2015-05-28 05:30:00+05:30,ICICIBANK.NS,285.68182373046875,287.2727355957031,283.18182373046875,285.9090881347656,11520281
2015-05-29 05:30:00+05:30,ICICIBANK.NS,288.2727355957031,289.9090881347656,286.18182373046875,288.4090881347656,22664703
2015-06-01 05:30:00+05:30,ICICIBANK.NS,288.18182373046875,290.0,287.2727355957031,287.68182373046875,7621775
2015-06-02 05:30:00+05:30,ICICIBANK.NS,288.18182373046875,288.6363525390625,275.4545593261719,276.81817626953125,13982208
2015-06-03 05:30:00+05:30,ICICIBANK.NS,276.5909118652344,276.5909118652344,264.3636474609375,268.8636474609375,22831293
2015-06-04 05:30:00+05:30,ICICIBANK.NS,265.2727355957031,266.18182373046875,259.5,263.7272644042969,20759124
2015-06-05 05:30:00+05:30,ICICIBANK.NS,264.7272644042969,265.81817626953125,257.2727355957031,258.2727355957031,23735127
2015-06-08 05:30:00+05:30,ICICIBANK.NS,259.68182373046875,259.68182373046875,254.86363220214844,257.4090881347656,21145729
2015-06-09 05:30:00+05:30,ICICIBANK.NS,257.18182373046875,261.6363525390625,256.4090881347656,261.0,19411474
2015-06-10 05:30:00+05:30,ICICIBANK.NS,260.9090881347656,267.5909118652344,260.6363525390625,265.9090881347656,17487792
2015-06-11 05:30:00+05:30,ICICIBANK.NS,269.0909118652344,270.18182373046875,260.4545593261719,262.2727355957031,21760535
2015-06-12 05:30:00+05:30,ICICIBANK.NS,263.18182373046875,270.0,261.0454406738281,269.0454406738281,20748570
2015-06-15 05:30:00+05:30,ICICIBANK.NS,268.18182373046875,273.0454406738281,266.5454406738281,272.0,17020704
2015-06-16 05:30:00+05:30,ICICIBANK.NS,270.0454406738281,275.4545593261719,267.18182373046875,274.5909118652344,15828124
2015-06-17 05:30:00+05:30,ICICIBANK.NS,276.5909118652344,276.6363525390625,272.7727355957031,273.9545593261719,16849471
2015-06-18 05:30:00+05:30,ICICIBANK.NS,276.8636474609375,277.9090881347656,274.8636474609375,275.7727355957031,15455462
2015-06-19 05:30:00+05:30,ICICIBANK.NS,273.0909118652344,278.18182373046875,273.0909118652344,276.8636474609375,9060393
2015-06-22 05:30:00+05:30,ICICIBANK.NS,278.5454406738281,287.18182373046875,278.2272644042969,286.4090881347656,17123638
2015-06-23 05:30:00+05:30,ICICIBANK.NS,286.31817626953125,288.0,283.6363525390625,285.0,13093667
2015-06-24 05:30:00+05:30,ICICIBANK.NS,285.18182373046875,291.2727355957031,284.2272644042969,288.8636474609375,14984900
2015-06-25 05:30:00+05:30,ICICIBANK.NS,287.5909118652344,290.5909118652344,284.7272644042969,286.18182373046875,18385230
2015-06-26 05:30:00+05:30,ICICIBANK.NS,286.3636474609375,286.4090881347656,280.5,283.3636474609375,11342004
2015-06-29 05:30:00+05:30,ICICIBANK.NS,274.5454406738281,284.5454406738281,272.8636474609375,282.9090881347656,11605396
2015-06-30 05:30:00+05:30,ICICIBANK.NS,281.8636474609375,285.0909118652344,276.4090881347656,280.0,15125139
2015-07-01 05:30:00+05:30,ICICIBANK.NS,280.6363525390625,285.0,280.6363525390625,283.81817626953125,15481941
2015-07-02 05:30:00+05:30,ICICIBANK.NS,285.7272644042969,286.7727355957031,282.81817626953125,284.5454406738281,9252723
2015-07-03 05:30:00+05:30,ICICIBANK.NS,283.4090881347656,286.81817626953125,282.6363525390625,285.9545593261719,5716323
2015-07-06 05:30:00+05:30,ICICIBANK.NS,281.0,287.9545593261719,277.5,286.5,8562220
2015-07-07 05:30:00+05:30,ICICIBANK.NS,285.4545593261719,289.0909118652344,283.2272644042969,284.18182373046875,10617091
2015-07-08 05:30:00+05:30,ICICIBANK.NS,280.3636474609375,283.2727355957031,278.4545593261719,279.5909118652344,13252578
2015-07-09 05:30:00+05:30,ICICIBANK.NS,279.0909118652344,282.68182373046875,277.9090881347656,281.3636474609375,6959346
2015-07-10 05:30:00+05:30,ICICIBANK.NS,284.0909118652344,286.2727355957031,282.0454406738281,284.68182373046875,10664155
2015-07-13 05:30:00+05:30,ICICIBANK.NS,285.9090881347656,288.3636474609375,284.3636474609375,287.6363525390625,8964077
2015-07-14 05:30:00+05:30,ICICIBANK.NS,288.18182373046875,288.2727355957031,283.68182373046875,284.9545593261719,8304877
2015-07-15 05:30:00+05:30,ICICIBANK.NS,285.3636474609375,287.2727355957031,284.8636474609375,286.0454406738281,7378092
2015-07-16 05:30:00+05:30,ICICIBANK.NS,286.1363525390625,289.31817626953125,285.81817626953125,288.2727355957031,13466904
2015-07-17 05:30:00+05:30,ICICIBANK.NS,289.0909118652344,291.81817626953125,287.7727355957031,288.5909118652344,9339699
2015-07-20 05:30:00+05:30,ICICIBANK.NS,289.9545593261719,290.7272644042969,283.7272644042969,287.0909118652344,9420104
2015-07-21 05:30:00+05:30,ICICIBANK.NS,288.6363525390625,288.6363525390625,282.18182373046875,283.1363525390625,10702263
2015-07-22 05:30:00+05:30,ICICIBANK.NS,282.5454406738281,288.81817626953125,281.6363525390625,288.0,11141670
2015-07-23 05:30:00+05:30,ICICIBANK.NS,288.0454406738281,288.81817626953125,283.8636474609375,284.4545593261719,15214876
2015-07-24 05:30:00+05:30,ICICIBANK.NS,283.4545593261719,283.4545593261719,272.0909118652344,273.2727355957031,21177605
2015-07-27 05:30:00+05:30,ICICIBANK.NS,272.5909118652344,272.5909118652344,263.7272644042969,264.6363525390625,11212545
2015-07-28 05:30:00+05:30,ICICIBANK.NS,265.18182373046875,268.5,257.0,259.0909118652344,25395273
2015-07-29 05:30:00+05:30,ICICIBANK.NS,261.3636474609375,263.5454406738281,258.2272644042969,262.9545593261719,13165836
2015-07-30 05:30:00+05:30,ICICIBANK.NS,263.6363525390625,266.9545593261719,261.3636474609375,264.5454406738281,13705803
2015-07-31 05:30:00+05:30,ICICIBANK.NS,267.68182373046875,280.81817626953125,267.3636474609375,274.9090881347656,38967790
2015-08-03 05:30:00+05:30,ICICIBANK.NS,276.7727355957031,285.4545593261719,276.5454406738281,284.4545593261719,28709585
2015-08-04 05:30:00+05:30,ICICIBANK.NS,285.0,286.5909118652344,279.1363525390625,285.5,16797983
2015-08-05 05:30:00+05:30,ICICIBANK.NS,286.1363525390625,290.7272644042969,280.9090881347656,283.0454406738281,13798462
2015-08-06 05:30:00+05:30,ICICIBANK.NS,284.31817626953125,284.4090881347656,279.5,282.7727355957031,12210084
2015-08-07 05:30:00+05:30,ICICIBANK.NS,281.7272644042969,284.1363525390625,280.4090881347656,281.9545593261719,6215341
2015-08-10 05:30:00+05:30,ICICIBANK.NS,281.81817626953125,285.4545593261719,279.2272644042969,281.4545593261719,7698226
2015-08-11 05:30:00+05:30,ICICIBANK.NS,281.7272644042969,281.7272644042969,273.4090881347656,274.7727355957031,10431195
2015-08-12 05:30:00+05:30,ICICIBANK.NS,272.7272644042969,272.8636474609375,263.7272644042969,265.1363525390625,10292540
2015-08-13 05:30:00+05:30,ICICIBANK.NS,268.4090881347656,271.5454406738281,264.4090881347656,265.3636474609375,13754705
2015-08-14 05:30:00+05:30,ICICIBANK.NS,267.5,276.18182373046875,265.5,275.0909118652344,9669851
2015-08-17 05:30:00+05:30,ICICIBANK.NS,274.5,277.0,269.8636474609375,275.3636474609375,8331141
2015-08-18 05:30:00+05:30,ICICIBANK.NS,275.4545593261719,276.5454406738281,270.6363525390625,273.7272644042969,5936462
2015-08-19 05:30:00+05:30,ICICIBANK.NS,273.68182373046875,277.6363525390625,273.18182373046875,276.81817626953125,8754270
2015-08-20 05:30:00+05:30,ICICIBANK.NS,272.9545593261719,278.8636474609375,268.9545593261719,271.1363525390625,15936951
2015-08-21 05:30:00+05:30,ICICIBANK.NS,267.0454406738281,270.81817626953125,262.3636474609375,269.5454406738281,13769807
2015-08-24 05:30:00+05:30,ICICIBANK.NS,256.7272644042969,258.9545593261719,243.18182373046875,245.40908813476562,33312582
2015-08-25 05:30:00+05:30,ICICIBANK.NS,251.40908813476562,258.5454406738281,242.86363220214844,257.7272644042969,26553623
2015-08-26 05:30:00+05:30,ICICIBANK.NS,254.5,256.5909118652344,250.63636779785156,252.77272033691406,16189880
2015-08-27 05:30:00+05:30,ICICIBANK.NS,257.0454406738281,258.6363525390625,254.72726440429688,256.7727355957031,27884874
2015-08-28 05:30:00+05:30,ICICIBANK.NS,259.1363525390625,263.0,256.0454406738281,257.9090881347656,14365759
2015-08-31 05:30:00+05:30,ICICIBANK.NS,257.18182373046875,258.5,251.22726440429688,252.63636779785156,15079961
2015-09-01 05:30:00+05:30,ICICIBANK.NS,250.0,253.13636779785156,243.90908813476562,246.31817626953125,17342438
2015-09-02 05:30:00+05:30,ICICIBANK.NS,250.90908813476562,251.59091186523438,239.18182373046875,240.77272033691406,18825908
2015-09-03 05:30:00+05:30,ICICIBANK.NS,244.22726440429688,245.27272033691406,237.90908813476562,242.59091186523438,16509187
2015-09-04 05:30:00+05:30,ICICIBANK.NS,240.81817626953125,241.0,231.5,234.31817626953125,21605844
2015-09-07 05:30:00+05:30,ICICIBANK.NS,236.40908813476562,237.5,225.18182373046875,226.4545440673828,21698736
2015-09-08 05:30:00+05:30,ICICIBANK.NS,228.90908813476562,238.4545440673828,226.5454559326172,237.09091186523438,18300349
2015-09-09 05:30:00+05:30,ICICIBANK.NS,243.59091186523438,244.5454559326172,238.77272033691406,240.5,24478703
2015-09-10 05:30:00+05:30,ICICIBANK.NS,236.36363220214844,245.4545440673828,232.9545440673828,243.09091186523438,13718266
2015-09-11 05:30:00+05:30,ICICIBANK.NS,243.0454559326172,245.36363220214844,240.36363220214844,243.22726440429688,14872838
2015-09-14 05:30:00+05:30,ICICIBANK.NS,242.0454559326172,248.4545440673828,239.18182373046875,247.63636779785156,13300446
2015-09-15 05:30:00+05:30,ICICIBANK.NS,248.18182373046875,248.18182373046875,242.5454559326172,244.09091186523438,14825729
2015-09-16 05:30:00+05:30,ICICIBANK.NS,247.72726440429688,249.0454559326172,244.59091186523438,248.0454559326172,13377086
2015-09-18 05:30:00+05:30,ICICIBANK.NS,252.9545440673828,259.4090881347656,249.81817626953125,252.59091186523438,21286324
2015-09-21 05:30:00+05:30,ICICIBANK.NS,247.18182373046875,254.86363220214844,246.36363220214844,253.90908813476562,11510079
2015-09-22 05:30:00+05:30,ICICIBANK.NS,252.72726440429688,254.86363220214844,244.63636779785156,245.9545440673828,14741229
2015-09-23 05:30:00+05:30,ICICIBANK.NS,242.68182373046875,250.0,240.13636779785156,248.5,12489166
2015-09-24 05:30:00+05:30,ICICIBANK.NS,246.72726440429688,248.72726440429688,242.72726440429688,243.90908813476562,10557228
2015-09-28 05:30:00+05:30,ICICIBANK.NS,247.27272033691406,247.90908813476562,242.22726440429688,243.72726440429688,8561999
2015-09-29 05:30:00+05:30,ICICIBANK.NS,239.72726440429688,247.86363220214844,233.0454559326172,244.5454559326172,29415623
2015-09-30 05:30:00+05:30,ICICIBANK.NS,246.63636779785156,247.5454559326172,241.5454559326172,245.77272033691406,13700514
2015-10-01 05:30:00+05:30,ICICIBANK.NS,248.59091186523438,248.59091186523438,241.86363220214844,242.81817626953125,7677876
2015-10-05 05:30:00+05:30,ICICIBANK.NS,247.63636779785156,256.3636474609375,247.63636779785156,255.40908813476562,13756761
2015-10-06 05:30:00+05:30,ICICIBANK.NS,258.18182373046875,258.9545593261719,254.5454559326172,257.0454406738281,10497246
2015-10-07 05:30:00+05:30,ICICIBANK.NS,255.36363220214844,258.0,252.0,257.2727355957031,7765703
2015-10-08 05:30:00+05:30,ICICIBANK.NS,256.7272644042969,256.7272644042969,251.9545440673828,253.13636779785156,6649535
2015-10-09 05:30:00+05:30,ICICIBANK.NS,255.90908813476562,261.7272644042969,255.0454559326172,260.0909118652344,11102562
2015-10-12 05:30:00+05:30,ICICIBANK.NS,261.5454406738281,265.0,259.31817626953125,261.4545593261719,7892259
2015-10-13 05:30:00+05:30,ICICIBANK.NS,259.9090881347656,263.3636474609375,258.6363525390625,261.31817626953125,6102034
2015-10-14 05:30:00+05:30,ICICIBANK.NS,257.68182373046875,259.2727355957031,256.31817626953125,257.18182373046875,5325426
2015-10-15 05:30:00+05:30,ICICIBANK.NS,258.18182373046875,260.9090881347656,257.8636474609375,260.31817626953125,6759388
2015-10-16 05:30:00+05:30,ICICIBANK.NS,260.4545593261719,266.0909118652344,256.8636474609375,263.1363525390625,8890588
2015-10-19 05:30:00+05:30,ICICIBANK.NS,263.0909118652344,263.5454406738281,259.6363525390625,261.0909118652344,5806930
2015-10-20 05:30:00+05:30,ICICIBANK.NS,260.4545593261719,263.18182373046875,258.4545593261719,260.18182373046875,8710318
2015-10-21 05:30:00+05:30,ICICIBANK.NS,259.5909118652344,261.68182373046875,253.4545440673828,257.0,5616168
2015-10-23 05:30:00+05:30,ICICIBANK.NS,259.9545593261719,262.7272644042969,258.7727355957031,260.2272644042969,8208290
2015-10-26 05:30:00+05:30,ICICIBANK.NS,261.5909118652344,263.4090881347656,257.9545593261719,259.4090881347656,6085533
2015-10-27 05:30:00+05:30,ICICIBANK.NS,258.18182373046875,259.9090881347656,256.4545593261719,257.9090881347656,6090339
2015-10-28 05:30:00+05:30,ICICIBANK.NS,254.5454559326172,255.18182373046875,244.63636779785156,246.5454559326172,15503186
2015-10-29 05:30:00+05:30,ICICIBANK.NS,247.5454559326172,249.36363220214844,245.77272033691406,246.77272033691406,9035266
2015-10-30 05:30:00+05:30,ICICIBANK.NS,247.5,254.22726440429688,245.90908813476562,251.81817626953125,27623495
2015-11-02 05:30:00+05:30,ICICIBANK.NS,251.81817626953125,255.72726440429688,250.63636779785156,254.13636779785156,11398428
2015-11-03 05:30:00+05:30,ICICIBANK.NS,254.90908813476562,257.0,252.90908813476562,254.0454559326172,9079788
2015-11-04 05:30:00+05:30,ICICIBANK.NS,255.40908813476562,255.40908813476562,247.72726440429688,248.5,7389933
2015-11-05 05:30:00+05:30,ICICIBANK.NS,247.27272033691406,248.63636779785156,244.31817626953125,245.5,11422504
2015-11-06 05:30:00+05:30,ICICIBANK.NS,245.36363220214844,245.36363220214844,240.68182373046875,242.81817626953125,12121540
2015-11-09 05:30:00+05:30,ICICIBANK.NS,235.72726440429688,240.90908813476562,232.72726440429688,239.22726440429688,13448248
2015-11-10 05:30:00+05:30,ICICIBANK.NS,237.72726440429688,242.18182373046875,236.77272033691406,238.90908813476562,8652695
2015-11-13 05:30:00+05:30,ICICIBANK.NS,236.68182373046875,239.09091186523438,235.4545440673828,237.9545440673828,10160904
2015-11-16 05:30:00+05:30,ICICIBANK.NS,237.27272033691406,243.9545440673828,236.0,242.9545440673828,8992376
2015-11-17 05:30:00+05:30,ICICIBANK.NS,247.0,247.59091186523438,240.9545440673828,243.5,17959700
2015-11-18 05:30:00+05:30,ICICIBANK.NS,242.72726440429688,243.86363220214844,235.90908813476562,236.77272033691406,9500657
2015-11-19 05:30:00+05:30,ICICIBANK.NS,239.09091186523438,243.63636779785156,238.72726440429688,242.18182373046875,9618626
2015-11-20 05:30:00+05:30,ICICIBANK.NS,240.5454559326172,245.68182373046875,239.5454559326172,240.86363220214844,9819811
2015-11-23 05:30:00+05:30,ICICIBANK.NS,241.81817626953125,243.40908813476562,233.90908813476562,241.77272033691406,12735592
2015-11-24 05:30:00+05:30,ICICIBANK.NS,239.40908813476562,241.27272033691406,236.0454559326172,239.40908813476562,11775700
2015-11-26 05:30:00+05:30,ICICIBANK.NS,239.31817626953125,243.36363220214844,239.31817626953125,240.0,13255344
2015-11-27 05:30:00+05:30,ICICIBANK.NS,241.59091186523438,246.36363220214844,240.36363220214844,245.5,11608418
2015-11-30 05:30:00+05:30,ICICIBANK.NS,243.81817626953125,252.27272033691406,243.81817626953125,248.68182373046875,16528998
2015-12-01 05:30:00+05:30,ICICIBANK.NS,250.0454559326172,251.59091186523438,248.4545440673828,249.0,6603705
2015-12-02 05:30:00+05:30,ICICIBANK.NS,249.59091186523438,250.36363220214844,244.13636779785156,245.81817626953125,7161062
2015-12-03 05:30:00+05:30,ICICIBANK.NS,244.22726440429688,245.5,241.0,241.63636779785156,8549273
2015-12-04 05:30:00+05:30,ICICIBANK.NS,239.13636779785156,240.0,237.09091186523438,237.68182373046875,9085607
2015-12-07 05:30:00+05:30,ICICIBANK.NS,240.27272033691406,240.5,237.81817626953125,239.13636779785156,5522740
2015-12-08 05:30:00+05:30,ICICIBANK.NS,237.9545440673828,238.63636779785156,236.0454559326172,237.68182373046875,11624224
2015-12-09 05:30:00+05:30,ICICIBANK.NS,237.09091186523438,238.13636779785156,234.90908813476562,235.86363220214844,8129762
2015-12-10 05:30:00+05:30,ICICIBANK.NS,237.13636779785156,238.09091186523438,232.72726440429688,235.40908813476562,11053207
2015-12-11 05:30:00+05:30,ICICIBANK.NS,236.86363220214844,237.36363220214844,224.68182373046875,226.63636779785156,18851171
2015-12-14 05:30:00+05:30,ICICIBANK.NS,224.81817626953125,229.0454559326172,222.72726440429688,226.36363220214844,13279719
2015-12-15 05:30:00+05:30,ICICIBANK.NS,225.36363220214844,225.36363220214844,220.9545440673828,224.0,13675557
2015-12-16 05:30:00+05:30,ICICIBANK.NS,224.77272033691406,230.4545440673828,221.5,229.13636779785156,18885293
2015-12-17 05:30:00+05:30,ICICIBANK.NS,230.86363220214844,232.09091186523438,227.36363220214844,230.13636779785156,17692297
2015-12-18 05:30:00+05:30,ICICIBANK.NS,229.18182373046875,230.0,227.13636779785156,227.36363220214844,14450734
2015-12-21 05:30:00+05:30,ICICIBANK.NS,227.36363220214844,235.90908813476562,227.27272033691406,234.72726440429688,14307700
2015-12-22 05:30:00+05:30,ICICIBANK.NS,233.18182373046875,239.5454559326172,233.13636779785156,235.9545440673828,21342967
2015-12-23 05:30:00+05:30,ICICIBANK.NS,236.0,239.0454559326172,235.5454559326172,238.0454559326172,11533960
2015-12-24 05:30:00+05:30,ICICIBANK.NS,239.09091186523438,239.63636779785156,233.90908813476562,234.5,6097366
2015-12-28 05:30:00+05:30,ICICIBANK.NS,236.40908813476562,240.90908813476562,236.36363220214844,240.0454559326172,12041784
2015-12-29 05:30:00+05:30,ICICIBANK.NS,240.0,242.27272033691406,237.72726440429688,240.68182373046875,9054719
2015-12-30 05:30:00+05:30,ICICIBANK.NS,239.31817626953125,240.40908813476562,237.9545440673828,238.5,10025565
2015-12-31 05:30:00+05:30,ICICIBANK.NS,238.27272033691406,239.86363220214844,236.5,237.59091186523438,8546444
2016-01-01 05:30:00+05:30,ICICIBANK.NS,237.5454559326172,239.63636779785156,234.5454559326172,239.09091186523438,5998096
2016-01-04 05:30:00+05:30,ICICIBANK.NS,237.27272033691406,237.59091186523438,231.5,232.31817626953125,9435792
2016-01-05 05:30:00+05:30,ICICIBANK.NS,232.9545440673828,234.09091186523438,228.81817626953125,233.36363220214844,8966977
2016-01-06 05:30:00+05:30,ICICIBANK.NS,232.18182373046875,233.40908813476562,226.5454559326172,227.36363220214844,17416181
2016-01-07 05:30:00+05:30,ICICIBANK.NS,224.0,225.18182373046875,221.0,224.31817626953125,18240712
2016-01-08 05:30:00+05:30,ICICIBANK.NS,222.27272033691406,225.27272033691406,221.31817626953125,222.77272033691406,14404391
2016-01-11 05:30:00+05:30,ICICIBANK.NS,219.90908813476562,221.72726440429688,216.40908813476562,217.68182373046875,14208668
2016-01-12 05:30:00+05:30,ICICIBANK.NS,219.09091186523438,219.86363220214844,214.18182373046875,215.22726440429688,11895899
2016-01-13 05:30:00+05:30,ICICIBANK.NS,216.18182373046875,220.81817626953125,210.09091186523438,217.72726440429688,18215710
2016-01-14 05:30:00+05:30,ICICIBANK.NS,212.90908813476562,218.0,210.72726440429688,214.31817626953125,14600781
2016-01-15 05:30:00+05:30,ICICIBANK.NS,214.18182373046875,214.81817626953125,201.59091186523438,204.0454559326172,22333902
2016-01-18 05:30:00+05:30,ICICIBANK.NS,203.81817626953125,207.90908813476562,198.0,202.81817626953125,30239009
2016-01-19 05:30:00+05:30,ICICIBANK.NS,204.22726440429688,210.22726440429688,204.22726440429688,207.9545440673828,16222439
2016-01-20 05:30:00+05:30,ICICIBANK.NS,204.4545440673828,207.18182373046875,200.09091186523438,204.0,14353478
2016-01-21 05:30:00+05:30,ICICIBANK.NS,207.72726440429688,212.27272033691406,203.81817626953125,205.72726440429688,15665863
2016-01-22 05:30:00+05:30,ICICIBANK.NS,211.4545440673828,213.5454559326172,208.90908813476562,211.59091186523438,15148522
2016-01-25 05:30:00+05:30,ICICIBANK.NS,214.5,216.81817626953125,212.90908813476562,214.59091186523438,17137268
2016-01-27 05:30:00+05:30,ICICIBANK.NS,216.36363220214844,217.5454559326172,213.36363220214844,215.72726440429688,12155561
2016-01-28 05:30:00+05:30,ICICIBANK.NS,216.86363220214844,217.77272033691406,210.22726440429688,212.0,24258166
2016-01-29 05:30:00+05:30,ICICIBANK.NS,199.09091186523438,213.0,199.09091186523438,209.22726440429688,47755494
2016-02-01 05:30:00+05:30,ICICIBANK.NS,206.36363220214844,206.68182373046875,196.27272033691406,197.4545440673828,40395715
2016-02-02 05:30:00+05:30,ICICIBANK.NS,198.18182373046875,199.72726440429688,190.63636779785156,191.27272033691406,31821419
2016-02-03 05:30:00+05:30,ICICIBANK.NS,188.18182373046875,189.81817626953125,184.13636779785156,185.5,23592288
2016-02-04 05:30:00+05:30,ICICIBANK.NS,187.63636779785156,187.63636779785156,182.27272033691406,185.40908813476562,30869158
2016-02-05 05:30:00+05:30,ICICIBANK.NS,186.81817626953125,191.81817626953125,185.09091186523438,190.36363220214844,36189377
2016-02-08 05:30:00+05:30,ICICIBANK.NS,191.81817626953125,195.90908813476562,187.40908813476562,189.59091186523438,19366081
2016-02-09 05:30:00+05:30,ICICIBANK.NS,185.4545440673828,192.27272033691406,182.5,190.36363220214844,20906682
2016-02-10 05:30:00+05:30,ICICIBANK.NS,184.63636779785156,190.4545440673828,183.63636779785156,188.40908813476562,22742128
2016-02-11 05:30:00+05:30,ICICIBANK.NS,185.22726440429688,188.13636779785156,180.0,181.13636779785156,31817116
2016-02-12 05:30:00+05:30,ICICIBANK.NS,178.72726440429688,180.36363220214844,173.18182373046875,175.9545440673828,41775526
2016-02-15 05:30:00+05:30,ICICIBANK.NS,176.27272033691406,188.4545440673828,176.27272033691406,185.0,34130349
2016-02-16 05:30:00+05:30,ICICIBANK.NS,188.18182373046875,188.18182373046875,177.72726440429688,178.72726440429688,20895952
2016-02-17 05:30:00+05:30,ICICIBANK.NS,178.63636779785156,179.22726440429688,171.68182373046875,173.40908813476562,28792115
2016-02-18 05:30:00+05:30,ICICIBANK.NS,175.90908813476562,180.90908813476562,175.63636779785156,178.31817626953125,32260277
2016-02-19 05:30:00+05:30,ICICIBANK.NS,178.0,183.13636779785156,177.5,180.72726440429688,17617480
2016-02-22 05:30:00+05:30,ICICIBANK.NS,179.5454559326172,183.0,178.59091186523438,180.40908813476562,17567788
2016-02-23 05:30:00+05:30,ICICIBANK.NS,181.27272033691406,181.27272033691406,172.9545440673828,174.5454559326172,20001984
2016-02-24 05:30:00+05:30,ICICIBANK.NS,171.81817626953125,173.81817626953125,168.9545440673828,170.0,20654961
2016-02-25 05:30:00+05:30,ICICIBANK.NS,170.63636779785156,171.81817626953125,165.0454559326172,166.36363220214844,38340699
2016-02-26 05:30:00+05:30,ICICIBANK.NS,167.5454559326172,169.0454559326172,164.31817626953125,168.0,24687792
2016-02-29 05:30:00+05:30,ICICIBANK.NS,168.0,178.09091186523438,165.18182373046875,172.77272033691406,43510436
2016-03-01 05:30:00+05:30,ICICIBANK.NS,177.5,187.68182373046875,177.5,186.31817626953125,27223692
2016-03-02 05:30:00+05:30,ICICIBANK.NS,192.4545440673828,201.27272033691406,191.90908813476562,200.0,40766551
2016-03-03 05:30:00+05:30,ICICIBANK.NS,198.72726440429688,200.27272033691406,194.72726440429688,198.18182373046875,22903720
2016-03-04 05:30:00+05:30,ICICIBANK.NS,201.59091186523438,204.0,199.13636779785156,200.4545440673828,24493722
2016-03-08 05:30:00+05:30,ICICIBANK.NS,199.9545440673828,199.9545440673828,194.81817626953125,197.13636779785156,18883002
2016-03-09 05:30:00+05:30,ICICIBANK.NS,193.4545440673828,198.09091186523438,190.9545440673828,196.68182373046875,17300650
2016-03-10 05:30:00+05:30,ICICIBANK.NS,198.18182373046875,198.9545440673828,195.09091186523438,195.90908813476562,13551255
2016-03-11 05:30:00+05:30,ICICIBANK.NS,193.9545440673828,198.68182373046875,193.27272033691406,194.40908813476562,14879621
2016-03-14 05:30:00+05:30,ICICIBANK.NS,199.09091186523438,202.5454559326172,198.77272033691406,201.5,16726756
2016-03-15 05:30:00+05:30,ICICIBANK.NS,202.5454559326172,204.40908813476562,200.4545440673828,201.22726440429688,13475557
2016-03-16 05:30:00+05:30,ICICIBANK.NS,199.90908813476562,206.72726440429688,198.68182373046875,205.81817626953125,17144832
2016-03-17 05:30:00+05:30,ICICIBANK.NS,209.09091186523438,214.77272033691406,204.5,207.0454559326172,32391146
2016-03-18 05:30:00+05:30,ICICIBANK.NS,207.4545440673828,210.40908813476562,205.59091186523438,209.27272033691406,18370981
2016-03-21 05:30:00+05:30,ICICIBANK.NS,210.5,214.18182373046875,210.40908813476562,213.5,14818419
2016-03-22 05:30:00+05:30,ICICIBANK.NS,213.27272033691406,213.27272033691406,209.63636779785156,212.36363220214844,12269251
2016-03-23 05:30:00+05:30,ICICIBANK.NS,210.40908813476562,213.63636779785156,209.81817626953125,212.90908813476562,16987529
2016-03-28 05:30:00+05:30,ICICIBANK.NS,212.72726440429688,212.72726440429688,203.5454559326172,204.9545440673828,20214214
2016-03-29 05:30:00+05:30,ICICIBANK.NS,203.0,206.31817626953125,202.18182373046875,203.09091186523438,20447782
2016-03-30 05:30:00+05:30,ICICIBANK.NS,207.72726440429688,217.27272033691406,206.18182373046875,215.90908813476562,23016348
2016-03-31 05:30:00+05:30,ICICIBANK.NS,216.5454559326172,219.40908813476562,212.4545440673828,215.13636779785156,30614104
2016-04-01 05:30:00+05:30,ICICIBANK.NS,214.5454559326172,217.68182373046875,211.5454559326172,216.63636779785156,15677352
2016-04-04 05:30:00+05:30,ICICIBANK.NS,218.40908813476562,219.13636779785156,213.31817626953125,217.0454559326172,16716587
2016-04-05 05:30:00+05:30,ICICIBANK.NS,214.90908813476562,215.90908813476562,204.5454559326172,205.09091186523438,26547328
2016-04-06 05:30:00+05:30,ICICIBANK.NS,206.63636779785156,207.27272033691406,200.09091186523438,202.31817626953125,19185947
2016-04-07 05:30:00+05:30,ICICIBANK.NS,202.5454559326172,203.86363220214844,199.22726440429688,200.27272033691406,17724531
2016-04-08 05:30:00+05:30,ICICIBANK.NS,200.5,203.4545440673828,199.59091186523438,201.13636779785156,9986871
2016-04-11 05:30:00+05:30,ICICIBANK.NS,202.0,204.72726440429688,199.18182373046875,204.27272033691406,19813955
2016-04-12 05:30:00+05:30,ICICIBANK.NS,203.90908813476562,209.90908813476562,203.4545440673828,207.9545440673828,20594261
2016-04-13 05:30:00+05:30,ICICIBANK.NS,211.90908813476562,222.0,211.86363220214844,218.77272033691406,26283492
2016-04-18 05:30:00+05:30,ICICIBANK.NS,221.36363220214844,221.77272033691406,213.27272033691406,215.59091186523438,17531597
2016-04-20 05:30:00+05:30,ICICIBANK.NS,217.36363220214844,217.81817626953125,212.81817626953125,216.40908813476562,18650423
2016-04-21 05:30:00+05:30,ICICIBANK.NS,223.86363220214844,234.36363220214844,223.86363220214844,230.0454559326172,36699098
2016-04-22 05:30:00+05:30,ICICIBANK.NS,232.9545440673828,233.63636779785156,227.4545440673828,229.09091186523438,25884500
2016-04-25 05:30:00+05:30,ICICIBANK.NS,230.09091186523438,232.13636779785156,228.31817626953125,229.9545440673828,18121694
2016-04-26 05:30:00+05:30,ICICIBANK.NS,228.0454559326172,231.5454559326172,224.09091186523438,230.9545440673828,30185498
2016-04-27 05:30:00+05:30,ICICIBANK.NS,228.09091186523438,228.18182373046875,221.13636779785156,222.36363220214844,36932788
2016-04-28 05:30:00+05:30,ICICIBANK.NS,223.09091186523438,225.4545440673828,217.27272033691406,218.27272033691406,41386507
2016-04-29 05:30:00+05:30,ICICIBANK.NS,218.86363220214844,222.18182373046875,210.27272033691406,215.40908813476562,71191415
2016-05-02 05:30:00+05:30,ICICIBANK.NS,206.63636779785156,209.5454559326172,204.90908813476562,206.13636779785156,36440547
2016-05-03 05:30:00+05:30,ICICIBANK.NS,205.22726440429688,209.09091186523438,200.0,201.0,29305611
2016-05-04 05:30:00+05:30,ICICIBANK.NS,198.59091186523438,200.72726440429688,194.0454559326172,194.9545440673828,36781786
2016-05-05 05:30:00+05:30,ICICIBANK.NS,194.81817626953125,199.90908813476562,194.31817626953125,195.13636779785156,27512684
2016-05-06 05:30:00+05:30,ICICIBANK.NS,194.5454559326172,200.22726440429688,193.81817626953125,198.72726440429688,22266141
2016-05-09 05:30:00+05:30,ICICIBANK.NS,199.63636779785156,205.4545440673828,199.18182373046875,204.81817626953125,19006901
2016-05-10 05:30:00+05:30,ICICIBANK.NS,204.90908813476562,206.81817626953125,202.36363220214844,205.0,22357177
2016-05-11 05:30:00+05:30,ICICIBANK.NS,200.0,205.9545440673828,198.81817626953125,203.59091186523438,32481385
2016-05-12 05:30:00+05:30,ICICIBANK.NS,207.72726440429688,211.72726440429688,207.5,210.72726440429688,23932051
2016-05-13 05:30:00+05:30,ICICIBANK.NS,209.5,209.5,203.09091186523438,205.90908813476562,23963285
2016-05-16 05:30:00+05:30,ICICIBANK.NS,207.0,207.0,197.90908813476562,203.40908813476562,21535308
2016-05-17 05:30:00+05:30,ICICIBANK.NS,204.86363220214844,206.81817626953125,202.0454559326172,205.40908813476562,18859442
2016-05-18 05:30:00+05:30,ICICIBANK.NS,202.72726440429688,206.77272033691406,201.63636779785156,205.86363220214844,17541869
2016-05-19 05:30:00+05:30,ICICIBANK.NS,205.86363220214844,207.72726440429688,203.81817626953125,205.0454559326172,16422069
2016-05-20 05:30:00+05:30,ICICIBANK.NS,205.0,205.72726440429688,199.63636779785156,200.09091186523438,14666521
2016-05-23 05:30:00+05:30,ICICIBANK.NS,201.90908813476562,203.5454559326172,200.31817626953125,201.0,14239474
2016-05-24 05:30:00+05:30,ICICIBANK.NS,202.36363220214844,204.72726440429688,201.4545440673828,204.13636779785156,10907585
2016-05-25 05:30:00+05:30,ICICIBANK.NS,206.31817626953125,214.18182373046875,206.0,213.63636779785156,20767970
2016-05-26 05:30:00+05:30,ICICIBANK.NS,214.4545440673828,220.90908813476562,211.81817626953125,219.22726440429688,33650773
2016-05-27 05:30:00+05:30,ICICIBANK.NS,217.27272033691406,225.63636779785156,216.4545440673828,221.0454559326172,26582685
2016-05-30 05:30:00+05:30,ICICIBANK.NS,221.13636779785156,224.18182373046875,217.09091186523438,222.27272033691406,15860236
2016-05-31 05:30:00+05:30,ICICIBANK.NS,225.86363220214844,226.36363220214844,219.36363220214844,222.40908813476562,18249239
2016-06-01 05:30:00+05:30,ICICIBANK.NS,221.72726440429688,223.13636779785156,217.36363220214844,218.22726440429688,11862710
2016-06-02 05:30:00+05:30,ICICIBANK.NS,217.36363220214844,220.36363220214844,216.0,219.40908813476562,15349530
2016-06-03 05:30:00+05:30,ICICIBANK.NS,220.81817626953125,224.0,220.0,221.59091186523438,16566716
2016-06-06 05:30:00+05:30,ICICIBANK.NS,221.27272033691406,223.63636779785156,220.0,221.36363220214844,11592082
2016-06-07 05:30:00+05:30,ICICIBANK.NS,223.18182373046875,231.68182373046875,222.4545440673828,231.0,25311345
2016-06-08 05:30:00+05:30,ICICIBANK.NS,232.0,237.4545440673828,229.81817626953125,234.22726440429688,25139392
2016-06-09 05:30:00+05:30,ICICIBANK.NS,233.63636779785156,235.68182373046875,230.18182373046875,231.40908813476562,13787240
2016-06-10 05:30:00+05:30,ICICIBANK.NS,230.0,234.22726440429688,228.63636779785156,229.63636779785156,13236448
2016-06-13 05:30:00+05:30,ICICIBANK.NS,225.81817626953125,225.81817626953125,220.40908813476562,221.59091186523438,14297870
2016-06-14 05:30:00+05:30,ICICIBANK.NS,224.5454559326172,224.9545440673828,222.09091186523438,222.68182373046875,11988708
2016-06-15 05:30:00+05:30,ICICIBANK.NS,223.18182373046875,226.5454559326172,219.63636779785156,225.40908813476562,15761615
2016-06-16 05:30:00+05:30,ICICIBANK.NS,221.5454559326172,221.5454559326172,216.40908813476562,217.31817626953125,17042021
2016-06-17 05:30:00+05:30,ICICIBANK.NS,219.5,220.18182373046875,213.77272033691406,216.77272033691406,15150943
2016-06-20 05:30:00+05:30,ICICIBANK.NS,212.40908813476562,217.68182373046875,212.40908813476562,216.4545440673828,17780316
2016-06-21 05:30:00+05:30,ICICIBANK.NS,218.40908813476562,219.09091186523438,214.77272033691406,216.22726440429688,12191664
2016-06-22 05:30:00+05:30,ICICIBANK.NS,215.5454559326172,220.31817626953125,214.36363220214844,217.27272033691406,13478056
2016-06-23 05:30:00+05:30,ICICIBANK.NS,217.31817626953125,219.5,214.59091186523438,219.0,7979235
2016-06-24 05:30:00+05:30,ICICIBANK.NS,208.18182373046875,211.72726440429688,201.0,209.9545440673828,33755632
2016-06-27 05:30:00+05:30,ICICIBANK.NS,208.4545440673828,213.09091186523438,208.4545440673828,211.5454559326172,13172968
2016-06-28 05:30:00+05:30,ICICIBANK.NS,209.63636779785156,212.90908813476562,209.09091186523438,211.9545440673828,11302737
2016-06-29 05:30:00+05:30,ICICIBANK.NS,214.4545440673828,216.63636779785156,212.9545440673828,215.13636779785156,7959976
2016-06-30 05:30:00+05:30,ICICIBANK.NS,217.72726440429688,220.72726440429688,217.5454559326172,218.68182373046875,16851065
2016-07-01 05:30:00+05:30,ICICIBANK.NS,219.72726440429688,220.59091186523438,217.77272033691406,218.5,9108853
2016-07-04 05:30:00+05:30,ICICIBANK.NS,221.0,226.31817626953125,219.90908813476562,225.59091186523438,10389222
2016-07-05 05:30:00+05:30,ICICIBANK.NS,228.0,228.27272033691406,222.31817626953125,222.81817626953125,10375132
2016-07-07 05:30:00+05:30,ICICIBANK.NS,222.72726440429688,224.59091186523438,221.81817626953125,222.59091186523438,8365966
2016-07-08 05:30:00+05:30,ICICIBANK.NS,222.27272033691406,222.27272033691406,217.77272033691406,219.9545440673828,7658211
2016-07-11 05:30:00+05:30,ICICIBANK.NS,224.18182373046875,227.90908813476562,224.18182373046875,227.13636779785156,9682385
2016-07-12 05:30:00+05:30,ICICIBANK.NS,228.72726440429688,238.36363220214844,227.9545440673828,237.90908813476562,28558549
2016-07-13 05:30:00+05:30,ICICIBANK.NS,240.22726440429688,243.36363220214844,235.5454559326172,237.40908813476562,28248930
2016-07-14 05:30:00+05:30,ICICIBANK.NS,237.27272033691406,245.09091186523438,236.0454559326172,244.18182373046875,14269365
2016-07-15 05:30:00+05:30,ICICIBANK.NS,245.0,245.31817626953125,239.4545440673828,241.59091186523438,11510449
2016-07-18 05:30:00+05:30,ICICIBANK.NS,241.63636779785156,246.59091186523438,238.68182373046875,239.4545440673828,14310274
2016-07-19 05:30:00+05:30,ICICIBANK.NS,240.90908813476562,245.90908813476562,239.31817626953125,244.68182373046875,14880049
2016-07-20 05:30:00+05:30,ICICIBANK.NS,242.72726440429688,243.81817626953125,241.31817626953125,243.18182373046875,7892214
2016-07-21 05:30:00+05:30,ICICIBANK.NS,242.63636779785156,244.5454559326172,237.5454559326172,238.09091186523438,12060367
2016-07-22 05:30:00+05:30,ICICIBANK.NS,238.5,240.36363220214844,235.31817626953125,239.5,8537587
2016-07-25 05:30:00+05:30,ICICIBANK.NS,238.09091186523438,246.31817626953125,237.0454559326172,244.22726440429688,11311554
2016-07-26 05:30:00+05:30,ICICIBANK.NS,244.0454559326172,245.0,236.4545440673828,237.86363220214844,11896758
2016-07-27 05:30:00+05:30,ICICIBANK.NS,238.90908813476562,248.90908813476562,238.90908813476562,246.0,26003949
2016-07-28 05:30:00+05:30,ICICIBANK.NS,246.27272033691406,249.09091186523438,245.86363220214844,247.27272033691406,9781546
2016-07-29 05:30:00+05:30,ICICIBANK.NS,245.5,246.68182373046875,238.22726440429688,239.0,21115025
2016-08-01 05:30:00+05:30,ICICIBANK.NS,232.63636779785156,237.5454559326172,225.63636779785156,226.81817626953125,42583051
2016-08-02 05:30:00+05:30,ICICIBANK.NS,226.77272033691406,226.77272033691406,222.72726440429688,223.0,20758831
2016-08-03 05:30:00+05:30,ICICIBANK.NS,222.4545440673828,224.77272033691406,218.68182373046875,220.09091186523438,17910406
2016-08-04 05:30:00+05:30,ICICIBANK.NS,222.59091186523438,222.77272033691406,215.13636779785156,218.5,29931529
2016-08-05 05:30:00+05:30,ICICIBANK.NS,221.90908813476562,226.0454559326172,221.90908813476562,223.59091186523438,16307350
2016-08-08 05:30:00+05:30,ICICIBANK.NS,223.72726440429688,225.18182373046875,222.31817626953125,222.9545440673828,11906856
2016-08-09 05:30:00+05:30,ICICIBANK.NS,223.09091186523438,225.90908813476562,222.27272033691406,223.0454559326172,12642014
2016-08-10 05:30:00+05:30,ICICIBANK.NS,223.63636779785156,224.13636779785156,216.5,217.59091186523438,12527824
2016-08-11 05:30:00+05:30,ICICIBANK.NS,218.18182373046875,221.22726440429688,215.9545440673828,220.63636779785156,9477854
2016-08-12 05:30:00+05:30,ICICIBANK.NS,221.36363220214844,225.09091186523438,219.27272033691406,223.59091186523438,11727486
2016-08-16 05:30:00+05:30,ICICIBANK.NS,223.63636779785156,226.77272033691406,221.68182373046875,225.9545440673828,13111524
2016-08-17 05:30:00+05:30,ICICIBANK.NS,225.5454559326172,228.72726440429688,222.90908813476562,225.09091186523438,12875115
2016-08-18 05:30:00+05:30,ICICIBANK.NS,225.31817626953125,230.72726440429688,225.22726440429688,229.90908813476562,20725328
2016-08-19 05:30:00+05:30,ICICIBANK.NS,230.0,232.4545440673828,228.68182373046875,230.81817626953125,14519513
2016-08-22 05:30:00+05:30,ICICIBANK.NS,231.13636779785156,231.77272033691406,226.09091186523438,229.31817626953125,9076842
2016-08-23 05:30:00+05:30,ICICIBANK.NS,227.68182373046875,229.09091186523438,226.13636779785156,227.4545440673828,10995821
2016-08-24 05:30:00+05:30,ICICIBANK.NS,227.4545440673828,228.81817626953125,225.31817626953125,225.86363220214844,9228359
2016-08-25 05:30:00+05:30,ICICIBANK.NS,225.40908813476562,227.4545440673828,223.72726440429688,224.5,14901359
2016-08-26 05:30:00+05:30,ICICIBANK.NS,225.63636779785156,226.18182373046875,221.09091186523438,223.0,11490424
2016-08-29 05:30:00+05:30,ICICIBANK.NS,222.72726440429688,229.68182373046875,222.36363220214844,227.72726440429688,9206563
2016-08-30 05:30:00+05:30,ICICIBANK.NS,229.09091186523438,233.5454559326172,229.09091186523438,232.9545440673828,15251016
2016-08-31 05:30:00+05:30,ICICIBANK.NS,233.72726440429688,237.13636779785156,233.63636779785156,234.5454559326172,16906022
2016-09-01 05:30:00+05:30,ICICIBANK.NS,235.22726440429688,240.0,235.22726440429688,237.22726440429688,18098850
2016-09-02 05:30:00+05:30,ICICIBANK.NS,238.63636779785156,240.27272033691406,236.59091186523438,237.5454559326172,8034006
2016-09-06 05:30:00+05:30,ICICIBANK.NS,238.81817626953125,249.0,238.81817626953125,247.90908813476562,23274042
2016-09-07 05:30:00+05:30,ICICIBANK.NS,249.09091186523438,257.9545593261719,247.40908813476562,252.86363220214844,35379184
2016-09-08 05:30:00+05:30,ICICIBANK.NS,253.27272033691406,255.18182373046875,250.5,251.22726440429688,13116475
2016-09-09 05:30:00+05:30,ICICIBANK.NS,249.59091186523438,250.90908813476562,245.5454559326172,249.18182373046875,16649877
2016-09-12 05:30:00+05:30,ICICIBANK.NS,242.72726440429688,244.9545440673828,238.81817626953125,243.81817626953125,20617372
2016-09-14 05:30:00+05:30,ICICIBANK.NS,242.4545440673828,248.90908813476562,242.13636779785156,246.77272033691406,16807794
2016-09-15 05:30:00+05:30,ICICIBANK.NS,247.0,248.86363220214844,243.81817626953125,246.0,12135372
2016-09-16 05:30:00+05:30,ICICIBANK.NS,247.0454559326172,250.5454559326172,242.09091186523438,243.0454559326172,32955498
2016-09-19 05:30:00+05:30,ICICIBANK.NS,243.63636779785156,247.63636779785156,243.4545440673828,246.90908813476562,15144399
2016-09-20 05:30:00+05:30,ICICIBANK.NS,247.18182373046875,249.27272033691406,244.86363220214844,247.36363220214844,11030397
2016-09-21 05:30:00+05:30,ICICIBANK.NS,248.0,248.18182373046875,242.68182373046875,245.36363220214844,12736748
2016-09-22 05:30:00+05:30,ICICIBANK.NS,250.90908813476562,252.63636779785156,247.5454559326172,250.4545440673828,14886284
2016-09-23 05:30:00+05:30,ICICIBANK.NS,250.72726440429688,250.77272033691406,245.36363220214844,246.59091186523438,17977571
2016-09-26 05:30:00+05:30,ICICIBANK.NS,244.09091186523438,244.27272033691406,238.0,238.68182373046875,15868805
2016-09-27 05:30:00+05:30,ICICIBANK.NS,239.59091186523438,240.27272033691406,235.4545440673828,236.36363220214844,17356843
2016-09-28 05:30:00+05:30,ICICIBANK.NS,236.72726440429688,238.59091186523438,235.5,237.0454559326172,17881785
2016-09-29 05:30:00+05:30,ICICIBANK.NS,239.09091186523438,239.5454559326172,221.18182373046875,227.59091186523438,48140661
2016-09-30 05:30:00+05:30,ICICIBANK.NS,225.5,230.27272033691406,224.5,229.22726440429688,15104920
2016-10-03 05:30:00+05:30,ICICIBANK.NS,228.18182373046875,233.5454559326172,227.36363220214844,232.86363220214844,18062317
2016-10-04 05:30:00+05:30,ICICIBANK.NS,233.5,236.31817626953125,231.72726440429688,234.72726440429688,16201324
2016-10-05 05:30:00+05:30,ICICIBANK.NS,236.31817626953125,236.90908813476562,231.4545440673828,232.22726440429688,16039581
2016-10-06 05:30:00+05:30,ICICIBANK.NS,233.63636779785156,233.68182373046875,226.5454559326172,228.40908813476562,13854468
2016-10-07 05:30:00+05:30,ICICIBANK.NS,228.09091186523438,230.81817626953125,225.63636779785156,227.81817626953125,10506728
2016-10-10 05:30:00+05:30,ICICIBANK.NS,229.0,230.18182373046875,226.5,227.36363220214844,6611211
2016-10-13 05:30:00+05:30,ICICIBANK.NS,225.27272033691406,225.81817626953125,217.36363220214844,219.22726440429688,20736801
2016-10-14 05:30:00+05:30,ICICIBANK.NS,219.27272033691406,220.90908813476562,217.90908813476562,219.77272033691406,10761830
2016-10-17 05:30:00+05:30,ICICIBANK.NS,223.63636779785156,236.27272033691406,223.22726440429688,235.22726440429688,69082439
2016-10-18 05:30:00+05:30,ICICIBANK.NS,235.9545440673828,246.72726440429688,235.90908813476562,245.77272033691406,41861705
2016-10-19 05:30:00+05:30,ICICIBANK.NS,246.68182373046875,247.0,239.31817626953125,240.9545440673828,19968759
2016-10-20 05:30:00+05:30,ICICIBANK.NS,242.86363220214844,253.5454559326172,242.86363220214844,252.36363220214844,36280178
2016-10-21 05:30:00+05:30,ICICIBANK.NS,251.13636779785156,254.59091186523438,249.18182373046875,252.18182373046875,26362877
2016-10-24 05:30:00+05:30,ICICIBANK.NS,253.77272033691406,260.4090881347656,253.77272033691406,258.68182373046875,22219428
2016-10-25 05:30:00+05:30,ICICIBANK.NS,262.9090881347656,265.0909118652344,258.7272644042969,262.9545593261719,25090671
2016-10-26 05:30:00+05:30,ICICIBANK.NS,258.5909118652344,258.5909118652344,251.81817626953125,253.09091186523438,30017739
2016-10-27 05:30:00+05:30,ICICIBANK.NS,252.18182373046875,259.0909118652344,250.0,258.4545593261719,19868027
2016-10-28 05:30:00+05:30,ICICIBANK.NS,256.3636474609375,256.81817626953125,250.5,251.68182373046875,18314125
2016-11-01 05:30:00+05:30,ICICIBANK.NS,254.0454559326172,254.31817626953125,249.5454559326172,250.31817626953125,11675305
2016-11-02 05:30:00+05:30,ICICIBANK.NS,245.4545440673828,248.40908813476562,244.31817626953125,247.18182373046875,15140657
2016-11-03 05:30:00+05:30,ICICIBANK.NS,247.27272033691406,251.27272033691406,244.0,245.22726440429688,12484687
2016-11-04 05:30:00+05:30,ICICIBANK.NS,247.18182373046875,247.72726440429688,241.22726440429688,245.27272033691406,16361493
2016-11-07 05:30:00+05:30,ICICIBANK.NS,250.72726440429688,255.63636779785156,247.72726440429688,253.36363220214844,18741014
2016-11-08 05:30:00+05:30,ICICIBANK.NS,259.81817626953125,261.31817626953125,252.9545440673828,257.4545593261719,35153751
2016-11-09 05:30:00+05:30,ICICIBANK.NS,231.72726440429688,258.8636474609375,222.72726440429688,255.86363220214844,51055067
2016-11-10 05:30:00+05:30,ICICIBANK.NS,262.2727355957031,271.2727355957031,260.6363525390625,266.0,29137485
2016-11-11 05:30:00+05:30,ICICIBANK.NS,261.1363525390625,267.5,249.5454559326172,251.27272033691406,33036653
2016-11-15 05:30:00+05:30,ICICIBANK.NS,251.81817626953125,255.27272033691406,241.9545440673828,245.22726440429688,37961485
2016-11-16 05:30:00+05:30,ICICIBANK.NS,251.4545440673828,252.90908813476562,240.18182373046875,242.0,26473183
2016-11-17 05:30:00+05:30,ICICIBANK.NS,243.59091186523438,246.0454559326172,240.0,243.31817626953125,14654093
2016-11-18 05:30:00+05:30,ICICIBANK.NS,244.0454559326172,244.5454559326172,238.4545440673828,240.5454559326172,9983933
2016-11-21 05:30:00+05:30,ICICIBANK.NS,242.0,242.72726440429688,231.68182373046875,237.4545440673828,21625818
2016-11-22 05:30:00+05:30,ICICIBANK.NS,240.90908813476562,242.36363220214844,235.72726440429688,238.81817626953125,23906788
2016-11-23 05:30:00+05:30,ICICIBANK.NS,240.09091186523438,241.68182373046875,236.81817626953125,240.86363220214844,17154845
2016-11-24 05:30:00+05:30,ICICIBANK.NS,239.81817626953125,239.81817626953125,234.5454559326172,235.72726440429688,22563160
2016-11-25 05:30:00+05:30,ICICIBANK.NS,238.5454559326172,238.5454559326172,233.68182373046875,236.4545440673828,16611698
2016-11-28 05:30:00+05:30,ICICIBANK.NS,233.31817626953125,233.31817626953125,230.4545440673828,232.09091186523438,32939718
2016-11-29 05:30:00+05:30,ICICIBANK.NS,232.27272033691406,235.81817626953125,231.18182373046875,232.22726440429688,32329662
2016-11-30 05:30:00+05:30,ICICIBANK.NS,234.0454559326172,242.27272033691406,232.68182373046875,241.40908813476562,20731093
2016-12-01 05:30:00+05:30,ICICIBANK.NS,242.0454559326172,243.63636779785156,234.31817626953125,235.59091186523438,15792045
2016-12-02 05:30:00+05:30,ICICIBANK.NS,234.5454559326172,240.5454559326172,232.59091186523438,235.90908813476562,12275345
2016-12-05 05:30:00+05:30,ICICIBANK.NS,236.0,237.63636779785156,234.36363220214844,237.13636779785156,8305074
2016-12-06 05:30:00+05:30,ICICIBANK.NS,238.40908813476562,238.77272033691406,235.9545440673828,237.27272033691406,8335181
2016-12-07 05:30:00+05:30,ICICIBANK.NS,238.90908813476562,240.36363220214844,228.18182373046875,235.18182373046875,13635680
2016-12-08 05:30:00+05:30,ICICIBANK.NS,236.86363220214844,239.4545440673828,234.90908813476562,238.86363220214844,11336250
2016-12-09 05:30:00+05:30,ICICIBANK.NS,239.9545440673828,245.27272033691406,239.09091186523438,244.0454559326172,17533272
2016-12-12 05:30:00+05:30,ICICIBANK.NS,243.18182373046875,243.90908813476562,239.86363220214844,240.77272033691406,7515935
2016-12-13 05:30:00+05:30,ICICIBANK.NS,239.4545440673828,241.22726440429688,238.63636779785156,240.36363220214844,10265621
2016-12-14 05:30:00+05:30,ICICIBANK.NS,240.4545440673828,240.63636779785156,236.36363220214844,236.86363220214844,14369017
2016-12-15 05:30:00+05:30,ICICIBANK.NS,235.18182373046875,237.90908813476562,234.31817626953125,236.63636779785156,24089601
2016-12-16 05:30:00+05:30,ICICIBANK.NS,236.36363220214844,236.36363220214844,231.68182373046875,232.36363220214844,24984316
2016-12-19 05:30:00+05:30,ICICIBANK.NS,232.18182373046875,235.40908813476562,231.59091186523438,233.72726440429688,7417692
2016-12-20 05:30:00+05:30,ICICIBANK.NS,233.36363220214844,233.36363220214844,227.5,228.72726440429688,11590031
2016-12-21 05:30:00+05:30,ICICIBANK.NS,230.0,232.13636779785156,228.36363220214844,230.22726440429688,7685724
2016-12-22 05:30:00+05:30,ICICIBANK.NS,229.72726440429688,231.63636779785156,227.86363220214844,229.9545440673828,8951470
2016-12-23 05:30:00+05:30,ICICIBANK.NS,229.9545440673828,231.59091186523438,227.40908813476562,228.9545440673828,6932571
2016-12-26 05:30:00+05:30,ICICIBANK.NS,229.31817626953125,229.5,224.63636779785156,225.59091186523438,6767153
2016-12-27 05:30:00+05:30,ICICIBANK.NS,226.36363220214844,231.22726440429688,224.27272033691406,230.5,9094498
2016-12-28 05:30:00+05:30,ICICIBANK.NS,230.90908813476562,231.63636779785156,228.22726440429688,228.86363220214844,9176829
2016-12-29 05:30:00+05:30,ICICIBANK.NS,229.18182373046875,230.0,227.31817626953125,228.27272033691406,6379633
2016-12-30 05:30:00+05:30,ICICIBANK.NS,229.09091186523438,234.09091186523438,228.5,232.09091186523438,11565801
2017-01-02 05:30:00+05:30,ICICIBANK.NS,233.0,233.0,225.5454559326172,229.0454559326172,10404350
2017-01-03 05:30:00+05:30,ICICIBANK.NS,229.18182373046875,232.18182373046875,226.63636779785156,231.27272033691406,10236706
2017-01-04 05:30:00+05:30,ICICIBANK.NS,231.13636779785156,232.5,227.63636779785156,228.27272033691406,6901181
2017-01-05 05:30:00+05:30,ICICIBANK.NS,230.18182373046875,235.0,229.27272033691406,233.86363220214844,13830668
2017-01-06 05:30:00+05:30,ICICIBANK.NS,234.77272033691406,237.63636779785156,233.81817626953125,234.68182373046875,9055143
2017-01-09 05:30:00+05:30,ICICIBANK.NS,234.4545440673828,236.22726440429688,232.72726440429688,235.18182373046875,7875294
2017-01-10 05:30:00+05:30,ICICIBANK.NS,236.36363220214844,238.09091186523438,234.81817626953125,236.5454559326172,14784040
2017-01-11 05:30:00+05:30,ICICIBANK.NS,238.63636779785156,243.72726440429688,237.81817626953125,240.63636779785156,19565679
2017-01-12 05:30:00+05:30,ICICIBANK.NS,242.36363220214844,245.0,241.31817626953125,243.9545440673828,11711279
2017-01-13 05:30:00+05:30,ICICIBANK.NS,245.4545440673828,245.4545440673828,240.72726440429688,243.68182373046875,7810375
2017-01-16 05:30:00+05:30,ICICIBANK.NS,243.09091186523438,246.22726440429688,240.72726440429688,244.81817626953125,8863676
2017-01-17 05:30:00+05:30,ICICIBANK.NS,245.0,246.81817626953125,241.36363220214844,244.0,6968061
2017-01-18 05:30:00+05:30,ICICIBANK.NS,243.09091186523438,247.36363220214844,242.5,244.0454559326172,10085606
2017-01-19 05:30:00+05:30,ICICIBANK.NS,244.36363220214844,246.09091186523438,242.0,245.18182373046875,8605687
2017-01-20 05:30:00+05:30,ICICIBANK.NS,242.72726440429688,243.59091186523438,238.68182373046875,239.5,12207059
2017-01-23 05:30:00+05:30,ICICIBANK.NS,238.0,238.0,231.9545440673828,234.13636779785156,43793368
2017-01-24 05:30:00+05:30,ICICIBANK.NS,235.0454559326172,235.0454559326172,232.40908813476562,233.77272033691406,26520047
2017-01-25 05:30:00+05:30,ICICIBANK.NS,235.4545440673828,237.09091186523438,232.36363220214844,236.31817626953125,41078083
2017-01-27 05:30:00+05:30,ICICIBANK.NS,239.13636779785156,249.09091186523438,237.0,247.27272033691406,89433645
2017-01-30 05:30:00+05:30,ICICIBANK.NS,248.18182373046875,250.5454559326172,245.18182373046875,246.18182373046875,17037472
2017-01-31 05:30:00+05:30,ICICIBANK.NS,244.36363220214844,249.09091186523438,242.22726440429688,244.5,20535165
2017-02-01 05:30:00+05:30,ICICIBANK.NS,241.68182373046875,257.7272644042969,238.90908813476562,255.4545440673828,44647342
2017-02-02 05:30:00+05:30,ICICIBANK.NS,256.3636474609375,261.3636474609375,255.0454559326172,259.81817626953125,28910922
2017-02-03 05:30:00+05:30,ICICIBANK.NS,259.0454406738281,259.0454406738281,253.4545440673828,255.9545440673828,20058936
2017-02-06 05:30:00+05:30,ICICIBANK.NS,257.7727355957031,265.68182373046875,257.7727355957031,263.9090881347656,22521926
2017-02-07 05:30:00+05:30,ICICIBANK.NS,261.81817626953125,266.0909118652344,259.3636474609375,261.9090881347656,12829302
2017-02-08 05:30:00+05:30,ICICIBANK.NS,261.81817626953125,262.2727355957031,257.0,259.81817626953125,16662978
2017-02-09 05:30:00+05:30,ICICIBANK.NS,260.5454406738281,262.5,253.27272033691406,259.0909118652344,16631183
2017-02-10 05:30:00+05:30,ICICIBANK.NS,259.6363525390625,260.1363525390625,254.63636779785156,256.0,16771421
2017-02-13 05:30:00+05:30,ICICIBANK.NS,256.81817626953125,258.2727355957031,254.13636779785156,256.0454406738281,13144434
2017-02-14 05:30:00+05:30,ICICIBANK.NS,257.2727355957031,259.9090881347656,255.72726440429688,258.7727355957031,12889195
2017-02-15 05:30:00+05:30,ICICIBANK.NS,259.2727355957031,260.3636474609375,253.27272033691406,255.22726440429688,14420745
2017-02-16 05:30:00+05:30,ICICIBANK.NS,255.72726440429688,255.86363220214844,248.0454559326172,253.4545440673828,20257845
2017-02-17 05:30:00+05:30,ICICIBANK.NS,254.27272033691406,260.0909118652344,250.77272033691406,257.2727355957031,28496342
2017-02-20 05:30:00+05:30,ICICIBANK.NS,257.31817626953125,260.1363525390625,255.5454559326172,256.68182373046875,9947581
2017-02-21 05:30:00+05:30,ICICIBANK.NS,257.2727355957031,259.81817626953125,255.63636779785156,258.9090881347656,11288626
2017-02-22 05:30:00+05:30,ICICIBANK.NS,261.7272644042969,261.7272644042969,255.59091186523438,260.1363525390625,30787289
2017-02-23 05:30:00+05:30,ICICIBANK.NS,258.81817626953125,262.5,256.4090881347656,258.6363525390625,25499159
2017-02-27 05:30:00+05:30,ICICIBANK.NS,259.0909118652344,259.5909118652344,251.90908813476562,253.5,15037984
2017-02-28 05:30:00+05:30,ICICIBANK.NS,253.59091186523438,254.63636779785156,250.63636779785156,251.22726440429688,18179839
2017-03-01 05:30:00+05:30,ICICIBANK.NS,252.36363220214844,255.40908813476562,252.0454559326172,253.72726440429688,19983162
2017-03-02 05:30:00+05:30,ICICIBANK.NS,256.4090881347656,258.6363525390625,251.81817626953125,253.31817626953125,20040929
2017-03-03 05:30:00+05:30,ICICIBANK.NS,253.27272033691406,253.5454559326172,250.0454559326172,250.86363220214844,9256168
2017-03-06 05:30:00+05:30,ICICIBANK.NS,250.86363220214844,253.9545440673828,250.4545440673828,251.59091186523438,12565060
2017-03-07 05:30:00+05:30,ICICIBANK.NS,251.81817626953125,253.86363220214844,250.0,250.90908813476562,9116307
2017-03-08 05:30:00+05:30,ICICIBANK.NS,251.09091186523438,251.40908813476562,247.36363220214844,249.4545440673828,12969749
2017-03-09 05:30:00+05:30,ICICIBANK.NS,249.09091186523438,250.86363220214844,247.81817626953125,248.63636779785156,11647809
2017-03-10 05:30:00+05:30,ICICIBANK.NS,250.13636779785156,251.36363220214844,244.90908813476562,245.9545440673828,15749231
2017-03-14 05:30:00+05:30,ICICIBANK.NS,255.5454559326172,262.0,255.5454559326172,261.1363525390625,43486006
2017-03-15 05:30:00+05:30,ICICIBANK.NS,259.9090881347656,260.9090881347656,258.2727355957031,259.2272644042969,13414846
2017-03-16 05:30:00+05:30,ICICIBANK.NS,260.5,261.31817626953125,256.7727355957031,258.6363525390625,10712223
2017-03-17 05:30:00+05:30,ICICIBANK.NS,260.0909118652344,260.6363525390625,254.22726440429688,255.09091186523438,25016303
2017-03-20 05:30:00+05:30,ICICIBANK.NS,254.27272033691406,254.27272033691406,249.09091186523438,250.0454559326172,12153226
2017-03-21 05:30:00+05:30,ICICIBANK.NS,250.90908813476562,251.63636779785156,246.4545440673828,247.31817626953125,16304076
2017-03-22 05:30:00+05:30,ICICIBANK.NS,243.5454559326172,244.31817626953125,240.4545440673828,240.90908813476562,24534011
2017-03-23 05:30:00+05:30,ICICIBANK.NS,242.27272033691406,243.86363220214844,240.72726440429688,242.68182373046875,13209523
2017-03-24 05:30:00+05:30,ICICIBANK.NS,245.13636779785156,251.68182373046875,245.13636779785156,249.77272033691406,19227304
2017-03-27 05:30:00+05:30,ICICIBANK.NS,254.5454559326172,254.5454559326172,247.4545440673828,248.31817626953125,12341637
2017-03-28 05:30:00+05:30,ICICIBANK.NS,251.81817626953125,252.31817626953125,250.09091186523438,251.81817626953125,13884032
2017-03-29 05:30:00+05:30,ICICIBANK.NS,253.59091186523438,257.0909118652344,251.5,256.5454406738281,18910842
2017-03-30 05:30:00+05:30,ICICIBANK.NS,255.68182373046875,257.5,254.31817626953125,255.77272033691406,16543030
2017-03-31 05:30:00+05:30,ICICIBANK.NS,254.86363220214844,257.18182373046875,250.63636779785156,251.68182373046875,19741901
2017-04-03 05:30:00+05:30,ICICIBANK.NS,253.4545440673828,261.2727355957031,251.68182373046875,260.6363525390625,20449617
2017-04-05 05:30:00+05:30,ICICIBANK.NS,260.4545593261719,260.4545593261719,257.18182373046875,258.9545593261719,10569529
2017-04-06 05:30:00+05:30,ICICIBANK.NS,256.2727355957031,257.9090881347656,253.86363220214844,255.31817626953125,17014957
2017-04-07 05:30:00+05:30,ICICIBANK.NS,254.63636779785156,257.2727355957031,250.68182373046875,252.13636779785156,18994042
2017-04-10 05:30:00+05:30,ICICIBANK.NS,253.09091186523438,253.63636779785156,251.0,252.40908813476562,10395338
2017-04-11 05:30:00+05:30,ICICIBANK.NS,253.0,258.4090881347656,251.59091186523438,257.8636474609375,13734771
2017-04-12 05:30:00+05:30,ICICIBANK.NS,258.0,259.9545593261719,252.86363220214844,255.27272033691406,18252914
2017-04-13 05:30:00+05:30,ICICIBANK.NS,254.81817626953125,259.81817626953125,254.0,257.0909118652344,15178825
2017-04-17 05:30:00+05:30,ICICIBANK.NS,257.2727355957031,259.7272644042969,255.0,256.7272644042969,8250861
2017-04-18 05:30:00+05:30,ICICIBANK.NS,257.6363525390625,265.0909118652344,256.8636474609375,257.6363525390625,19072022
2017-04-19 05:30:00+05:30,ICICIBANK.NS,257.6363525390625,259.0909118652344,253.5,255.0454559326172,15189575
2017-04-20 05:30:00+05:30,ICICIBANK.NS,249.9545440673828,251.13636779785156,247.09091186523438,247.9545440673828,31912290
2017-04-21 05:30:00+05:30,ICICIBANK.NS,247.86363220214844,248.90908813476562,242.72726440429688,244.68182373046875,18165879
2017-04-24 05:30:00+05:30,ICICIBANK.NS,245.27272033691406,246.68182373046875,241.09091186523438,244.22726440429688,24418208
2017-04-25 05:30:00+05:30,ICICIBANK.NS,247.27272033691406,248.4545440673828,245.4545440673828,247.72726440429688,13685114
2017-04-26 05:30:00+05:30,ICICIBANK.NS,249.09091186523438,252.68182373046875,248.18182373046875,251.72726440429688,15205419
2017-04-27 05:30:00+05:30,ICICIBANK.NS,251.77272033691406,251.86363220214844,248.5,249.22726440429688,14909618
2017-04-28 05:30:00+05:30,ICICIBANK.NS,248.63636779785156,254.0,248.09091186523438,253.18182373046875,9367499
2017-05-02 05:30:00+05:30,ICICIBANK.NS,254.72726440429688,255.31817626953125,250.0,250.5454559326172,16780204
2017-05-03 05:30:00+05:30,ICICIBANK.NS,250.81817626953125,251.86363220214844,246.59091186523438,247.9545440673828,24205196
2017-05-04 05:30:00+05:30,ICICIBANK.NS,265.0909118652344,272.5,258.0454406738281,270.7272644042969,122120948
2017-05-05 05:30:00+05:30,ICICIBANK.NS,272.7272644042969,274.31817626953125,267.68182373046875,271.4090881347656,48189321
2017-05-08 05:30:00+05:30,ICICIBANK.NS,272.7272644042969,280.1363525390625,272.7272644042969,275.4090881347656,30347849
2017-05-09 05:30:00+05:30,ICICIBANK.NS,276.6363525390625,277.5909118652344,271.2727355957031,273.2727355957031,15194182
2017-05-10 05:30:00+05:30,ICICIBANK.NS,273.7272644042969,275.1363525390625,270.31817626953125,271.5,15054831
2017-05-11 05:30:00+05:30,ICICIBANK.NS,274.2727355957031,275.0,272.31817626953125,272.9090881347656,10261128
2017-05-12 05:30:00+05:30,ICICIBANK.NS,272.7272644042969,273.2272644042969,266.6363525390625,269.5909118652344,16605029
2017-05-15 05:30:00+05:30,ICICIBANK.NS,272.2727355957031,275.9090881347656,271.0909118652344,274.3636474609375,17095696
2017-05-16 05:30:00+05:30,ICICIBANK.NS,275.31817626953125,278.0909118652344,273.68182373046875,275.1363525390625,19569431
2017-05-17 05:30:00+05:30,ICICIBANK.NS,277.81817626953125,282.0,276.81817626953125,281.5909118652344,23363685
2017-05-18 05:30:00+05:30,ICICIBANK.NS,277.0,284.4090881347656,277.0,279.9545593261719,27753950
2017-05-19 05:30:00+05:30,ICICIBANK.NS,279.9090881347656,284.0,276.0909118652344,279.1363525390625,16728969
2017-05-22 05:30:00+05:30,ICICIBANK.NS,281.4090881347656,283.2272644042969,274.7272644042969,276.2272644042969,14850717
2017-05-23 05:30:00+05:30,ICICIBANK.NS,275.5909118652344,281.5909118652344,275.2727355957031,278.2272644042969,29771017
2017-05-24 05:30:00+05:30,ICICIBANK.NS,278.9090881347656,281.5,275.7272644042969,278.81817626953125,20506719
2017-05-25 05:30:00+05:30,ICICIBANK.NS,278.5,290.7727355957031,278.18182373046875,288.81817626953125,41775676
2017-05-26 05:30:00+05:30,ICICIBANK.NS,288.18182373046875,293.6363525390625,286.8636474609375,292.31817626953125,21336089
2017-05-29 05:30:00+05:30,ICICIBANK.NS,290.2272644042969,291.2727355957031,285.2727355957031,286.2727355957031,11266657
2017-05-30 05:30:00+05:30,ICICIBANK.NS,286.2272644042969,295.0,285.8636474609375,292.18182373046875,15573191
2017-05-31 05:30:00+05:30,ICICIBANK.NS,293.6363525390625,297.6363525390625,289.68182373046875,296.7727355957031,128437479
2017-06-01 05:30:00+05:30,ICICIBANK.NS,295.9090881347656,296.0454406738281,287.9545593261719,291.0,19883562
2017-06-02 05:30:00+05:30,ICICIBANK.NS,292.7272644042969,293.5909118652344,286.9545593261719,289.2272644042969,13469524
2017-06-05 05:30:00+05:30,ICICIBANK.NS,289.5454406738281,292.4090881347656,289.2272644042969,290.68182373046875,9831353
2017-06-06 05:30:00+05:30,ICICIBANK.NS,291.4090881347656,291.8636474609375,288.81817626953125,289.9545593261719,10757211
2017-06-07 05:30:00+05:30,ICICIBANK.NS,291.8636474609375,296.31817626953125,291.5909118652344,295.18182373046875,15076040
2017-06-08 05:30:00+05:30,ICICIBANK.NS,296.2727355957031,297.2727355957031,290.4545593261719,291.0909118652344,20130322
2017-06-09 05:30:00+05:30,ICICIBANK.NS,289.9545593261719,293.7272644042969,287.3636474609375,292.8636474609375,10190305
2017-06-12 05:30:00+05:30,ICICIBANK.NS,290.9090881347656,291.5454406738281,286.2272644042969,287.0454406738281,10376913
2017-06-13 05:30:00+05:30,ICICIBANK.NS,286.4090881347656,289.7272644042969,285.3636474609375,286.2272644042969,9305516
2017-06-14 05:30:00+05:30,ICICIBANK.NS,290.0909118652344,293.0909118652344,286.7272644042969,290.0454406738281,22264301
2017-06-15 05:30:00+05:30,ICICIBANK.NS,290.0,290.3636474609375,287.0,287.9545593261719,11206355
2017-06-16 05:30:00+05:30,ICICIBANK.NS,289.5,290.2272644042969,286.9545593261719,287.7272644042969,23228635
2017-06-19 05:30:00+05:30,ICICIBANK.NS,289.0909118652344,292.4545593261719,288.2272644042969,291.4545593261719,10719809
2017-06-20 05:30:00+05:30,ICICIBANK.NS,290.75,295.3999938964844,288.0,292.45001220703125,16849368
2017-06-21 05:30:00+05:30,ICICIBANK.NS,292.0,292.6499938964844,289.54998779296875,291.1000061035156,7142413
2017-06-22 05:30:00+05:30,ICICIBANK.NS,291.5,293.3500061035156,288.25,289.6000061035156,9180870
2017-06-23 05:30:00+05:30,ICICIBANK.NS,289.54998779296875,293.54998779296875,284.6000061035156,291.8500061035156,14937649
2017-06-27 05:30:00+05:30,ICICIBANK.NS,293.0,293.1000061035156,283.45001220703125,287.8999938964844,18053262
2017-06-28 05:30:00+05:30,ICICIBANK.NS,288.75,293.29998779296875,288.75,290.3500061035156,17157094
2017-06-29 05:30:00+05:30,ICICIBANK.NS,291.5,296.8999938964844,290.1000061035156,293.25,34774280
2017-06-30 05:30:00+05:30,ICICIBANK.NS,292.0,292.0,287.5,290.1499938964844,12435467
2017-07-03 05:30:00+05:30,ICICIBANK.NS,291.3999938964844,292.25,288.75,290.04998779296875,6106230
2017-07-04 05:30:00+05:30,ICICIBANK.NS,292.3999938964844,292.79998779296875,288.6000061035156,289.5,8335899
2017-07-05 05:30:00+05:30,ICICIBANK.NS,290.0,293.75,288.5,292.8500061035156,6958589
2017-07-06 05:30:00+05:30,ICICIBANK.NS,294.0,295.1000061035156,292.3500061035156,293.75,9967582
2017-07-07 05:30:00+05:30,ICICIBANK.NS,293.5,293.5,289.20001220703125,289.70001220703125,8477468
2017-07-10 05:30:00+05:30,ICICIBANK.NS,291.0,293.25,290.0,291.45001220703125,1114874
2017-07-11 05:30:00+05:30,ICICIBANK.NS,292.54998779296875,292.95001220703125,288.70001220703125,289.6499938964844,10893055
2017-07-12 05:30:00+05:30,ICICIBANK.NS,289.70001220703125,294.6000061035156,288.6000061035156,292.3500061035156,8091465
2017-07-13 05:30:00+05:30,ICICIBANK.NS,295.6000061035156,299.5,295.04998779296875,297.8999938964844,13747313
2017-07-14 05:30:00+05:30,ICICIBANK.NS,299.3999938964844,299.3999938964844,294.5,298.25,6196683
2017-07-17 05:30:00+05:30,ICICIBANK.NS,300.0,304.54998779296875,298.79998779296875,303.5,12506474
2017-07-18 05:30:00+05:30,ICICIBANK.NS,301.75,306.0,301.5,303.8999938964844,11772154
2017-07-19 05:30:00+05:30,ICICIBANK.NS,303.0,304.8999938964844,301.3999938964844,302.25,10780451
2017-07-20 05:30:00+05:30,ICICIBANK.NS,302.0,303.8500061035156,299.75,300.6000061035156,8458004
2017-07-21 05:30:00+05:30,ICICIBANK.NS,299.5,303.8999938964844,296.20001220703125,302.04998779296875,9705981
2017-07-24 05:30:00+05:30,ICICIBANK.NS,302.20001220703125,306.6000061035156,301.6000061035156,303.04998779296875,15604131
2017-07-25 05:30:00+05:30,ICICIBANK.NS,306.79998779296875,306.79998779296875,301.79998779296875,304.1499938964844,18129742
2017-07-26 05:30:00+05:30,ICICIBANK.NS,306.79998779296875,311.0,304.54998779296875,310.3500061035156,26050717
2017-07-27 05:30:00+05:30,ICICIBANK.NS,314.45001220703125,314.45001220703125,305.3500061035156,307.20001220703125,28535869
2017-07-28 05:30:00+05:30,ICICIBANK.NS,304.0,304.0,293.8500061035156,296.1499938964844,30571846
2017-07-31 05:30:00+05:30,ICICIBANK.NS,298.8500061035156,306.45001220703125,296.25,302.6000061035156,21526493
2017-08-01 05:30:00+05:30,ICICIBANK.NS,303.8999938964844,305.20001220703125,301.3999938964844,302.6000061035156,10722862
2017-08-02 05:30:00+05:30,ICICIBANK.NS,302.20001220703125,304.45001220703125,299.70001220703125,301.8500061035156,8348096
2017-08-03 05:30:00+05:30,ICICIBANK.NS,301.3500061035156,301.5,294.54998779296875,295.70001220703125,14389817
2017-08-04 05:30:00+05:30,ICICIBANK.NS,295.0,297.5,293.8999938964844,296.25,10099985
2017-08-07 05:30:00+05:30,ICICIBANK.NS,297.25,303.0,296.70001220703125,300.1499938964844,11870705
2017-08-08 05:30:00+05:30,ICICIBANK.NS,299.79998779296875,301.54998779296875,293.8500061035156,295.5,10288608
2017-08-09 05:30:00+05:30,ICICIBANK.NS,294.3999938964844,294.3999938964844,289.8500061035156,290.6000061035156,12959158
2017-08-10 05:30:00+05:30,ICICIBANK.NS,289.0,293.3999938964844,261.54998779296875,288.75,17225844
2017-08-11 05:30:00+05:30,ICICIBANK.NS,283.95001220703125,289.6499938964844,280.29998779296875,286.95001220703125,17211539
2017-08-14 05:30:00+05:30,ICICIBANK.NS,287.54998779296875,292.8500061035156,287.54998779296875,291.79998779296875,8428420
2017-08-16 05:30:00+05:30,ICICIBANK.NS,291.70001220703125,295.79998779296875,287.29998779296875,294.95001220703125,8605873
2017-08-17 05:30:00+05:30,ICICIBANK.NS,297.8500061035156,297.8500061035156,291.29998779296875,293.1499938964844,8168684
2017-08-18 05:30:00+05:30,ICICIBANK.NS,292.0,294.3500061035156,290.79998779296875,293.1499938964844,6700778
2017-08-21 05:30:00+05:30,ICICIBANK.NS,295.25,299.75,292.25,293.5,10623264
2017-08-22 05:30:00+05:30,ICICIBANK.NS,297.0,297.3500061035156,292.1499938964844,293.95001220703125,7549155
2017-08-23 05:30:00+05:30,ICICIBANK.NS,296.0,299.20001220703125,295.29998779296875,298.6000061035156,9142592
2017-08-24 05:30:00+05:30,ICICIBANK.NS,300.0,300.1499938964844,296.6499938964844,297.70001220703125,12766567
2017-08-28 05:30:00+05:30,ICICIBANK.NS,299.70001220703125,302.25,298.1000061035156,300.8999938964844,8827300
2017-08-29 05:30:00+05:30,ICICIBANK.NS,300.0,302.79998779296875,298.1000061035156,299.5,12737088
2017-08-30 05:30:00+05:30,ICICIBANK.NS,301.79998779296875,302.29998779296875,299.3999938964844,300.29998779296875,8552010
2017-08-31 05:30:00+05:30,ICICIBANK.NS,300.8999938964844,300.8999938964844,297.0,298.04998779296875,14865124
2017-09-01 05:30:00+05:30,ICICIBANK.NS,299.70001220703125,299.70001220703125,297.1499938964844,298.29998779296875,7472688
2017-09-04 05:30:00+05:30,ICICIBANK.NS,299.8999938964844,300.0,294.5,297.1000061035156,6244661
2017-09-05 05:30:00+05:30,ICICIBANK.NS,296.70001220703125,299.0,296.70001220703125,297.6000061035156,7683590
2017-09-06 05:30:00+05:30,ICICIBANK.NS,294.8999938964844,296.0,294.29998779296875,295.3500061035156,4854030
2017-09-07 05:30:00+05:30,ICICIBANK.NS,295.54998779296875,298.5,292.1000061035156,292.6499938964844,15630577
2017-09-08 05:30:00+05:30,ICICIBANK.NS,294.79998779296875,294.79998779296875,290.04998779296875,292.0,8077662
2017-09-11 05:30:00+05:30,ICICIBANK.NS,293.0,293.70001220703125,289.04998779296875,290.79998779296875,7639794
2017-09-12 05:30:00+05:30,ICICIBANK.NS,292.6499938964844,293.3999938964844,290.5,291.20001220703125,8497603
2017-09-13 05:30:00+05:30,ICICIBANK.NS,292.1000061035156,293.25,291.20001220703125,292.0,8297426
2017-09-14 05:30:00+05:30,ICICIBANK.NS,291.70001220703125,295.6000061035156,291.70001220703125,293.70001220703125,12267908
2017-09-15 05:30:00+05:30,ICICIBANK.NS,294.45001220703125,295.54998779296875,290.95001220703125,291.6000061035156,22632513
2017-09-18 05:30:00+05:30,ICICIBANK.NS,293.8999938964844,294.3999938964844,292.1499938964844,293.0,11181986
2017-09-19 05:30:00+05:30,ICICIBANK.NS,291.8999938964844,295.5,289.6000061035156,294.6499938964844,7558625
2017-09-20 05:30:00+05:30,ICICIBANK.NS,292.0,292.8500061035156,289.6000061035156,290.54998779296875,14617079
2017-09-21 05:30:00+05:30,ICICIBANK.NS,289.45001220703125,290.3999938964844,283.6499938964844,284.95001220703125,14496834
2017-09-22 05:30:00+05:30,ICICIBANK.NS,283.6000061035156,283.95001220703125,275.75,277.1000061035156,23451953
2017-09-25 05:30:00+05:30,ICICIBANK.NS,278.95001220703125,280.70001220703125,275.54998779296875,279.5,13358067
2017-09-26 05:30:00+05:30,ICICIBANK.NS,279.5,284.0,276.75,282.75,11325047
2017-09-27 05:30:00+05:30,ICICIBANK.NS,284.75,284.75,275.3999938964844,276.3999938964844,17853590
2017-09-28 05:30:00+05:30,ICICIBANK.NS,275.95001220703125,277.79998779296875,269.1499938964844,275.95001220703125,32223724
2017-09-29 05:30:00+05:30,ICICIBANK.NS,277.45001220703125,281.6499938964844,275.75,276.6000061035156,9980756
2017-10-03 05:30:00+05:30,ICICIBANK.NS,279.5,280.70001220703125,275.1499938964844,278.3999938964844,6752832
2017-10-04 05:30:00+05:30,ICICIBANK.NS,279.25,279.3999938964844,275.1000061035156,276.1000061035156,7417758
2017-10-05 05:30:00+05:30,ICICIBANK.NS,276.0,277.3999938964844,271.1000061035156,271.79998779296875,10975305
2017-10-06 05:30:00+05:30,ICICIBANK.NS,272.1499938964844,274.45001220703125,270.54998779296875,271.95001220703125,25447787
2017-10-09 05:30:00+05:30,ICICIBANK.NS,273.3500061035156,276.29998779296875,271.25,271.75,20478222
2017-10-10 05:30:00+05:30,ICICIBANK.NS,271.8500061035156,273.0,269.1499938964844,269.79998779296875,18594444
2017-10-11 05:30:00+05:30,ICICIBANK.NS,271.1000061035156,272.0,266.20001220703125,267.6000061035156,12687990
2017-10-12 05:30:00+05:30,ICICIBANK.NS,267.6000061035156,267.95001220703125,264.04998779296875,267.54998779296875,11831125
2017-10-13 05:30:00+05:30,ICICIBANK.NS,267.6000061035156,274.6499938964844,267.6000061035156,271.29998779296875,14402254
2017-10-16 05:30:00+05:30,ICICIBANK.NS,274.6000061035156,276.0,270.3500061035156,274.25,12848154
2017-10-17 05:30:00+05:30,ICICIBANK.NS,274.75,276.54998779296875,273.20001220703125,273.8999938964844,9183764
2017-10-18 05:30:00+05:30,ICICIBANK.NS,268.3999938964844,268.3999938964844,262.25,263.1499938964844,30669948
2017-10-19 05:30:00+05:30,ICICIBANK.NS,259.6000061035156,261.0,256.6000061035156,257.8500061035156,3822821
2017-10-23 05:30:00+05:30,ICICIBANK.NS,258.3500061035156,264.45001220703125,256.5,262.54998779296875,22939775
2017-10-24 05:30:00+05:30,ICICIBANK.NS,263.25,268.1499938964844,255.0,266.54998779296875,15126641
2017-10-25 05:30:00+05:30,ICICIBANK.NS,293.20001220703125,310.79998779296875,284.3500061035156,305.70001220703125,123615362
2017-10-26 05:30:00+05:30,ICICIBANK.NS,299.79998779296875,314.6499938964844,295.0,299.25,43256025
2017-10-27 05:30:00+05:30,ICICIBANK.NS,291.8999938964844,305.45001220703125,285.5,301.1499938964844,36889009
2017-10-30 05:30:00+05:30,ICICIBANK.NS,298.6000061035156,308.45001220703125,295.25,300.54998779296875,38047961
2017-10-31 05:30:00+05:30,ICICIBANK.NS,300.25,303.25,298.29998779296875,300.1000061035156,19050731
2017-11-01 05:30:00+05:30,ICICIBANK.NS,303.0,318.95001220703125,302.3999938964844,313.3999938964844,38829935
2017-11-02 05:30:00+05:30,ICICIBANK.NS,313.45001220703125,320.3999938964844,311.3999938964844,316.6499938964844,27736221
2017-11-03 05:30:00+05:30,ICICIBANK.NS,317.79998779296875,318.6499938964844,314.04998779296875,315.8999938964844,14258432
2017-11-06 05:30:00+05:30,ICICIBANK.NS,314.79998779296875,320.25,311.6499938964844,316.1000061035156,16349376
2017-11-07 05:30:00+05:30,ICICIBANK.NS,317.1000061035156,317.95001220703125,309.3500061035156,312.45001220703125,12752869
2017-11-08 05:30:00+05:30,ICICIBANK.NS,312.0,314.0,303.8999938964844,305.5,11942186
2017-11-09 05:30:00+05:30,ICICIBANK.NS,306.79998779296875,314.79998779296875,306.79998779296875,311.29998779296875,12716330
2017-11-10 05:30:00+05:30,ICICIBANK.NS,312.5,324.20001220703125,311.04998779296875,318.5,21000915
2017-11-13 05:30:00+05:30,ICICIBANK.NS,317.0,321.79998779296875,313.0,314.25,13679015
2017-11-14 05:30:00+05:30,ICICIBANK.NS,313.29998779296875,317.1000061035156,309.79998779296875,314.1000061035156,12362405
2017-11-15 05:30:00+05:30,ICICIBANK.NS,312.95001220703125,319.6000061035156,312.6499938964844,315.5,14408468
2017-11-16 05:30:00+05:30,ICICIBANK.NS,316.1499938964844,320.0,316.0,318.95001220703125,8983382
2017-11-17 05:30:00+05:30,ICICIBANK.NS,324.0,332.3500061035156,323.79998779296875,325.1000061035156,20440466
2017-11-20 05:30:00+05:30,ICICIBANK.NS,323.3500061035156,323.8999938964844,317.20001220703125,318.54998779296875,13606336
2017-11-21 05:30:00+05:30,ICICIBANK.NS,318.75,322.20001220703125,317.54998779296875,319.8999938964844,13102056
2017-11-22 05:30:00+05:30,ICICIBANK.NS,319.3999938964844,322.1000061035156,318.04998779296875,318.8999938964844,9342622
2017-11-23 05:30:00+05:30,ICICIBANK.NS,319.75,320.5,315.20001220703125,319.45001220703125,9998609
2017-11-24 05:30:00+05:30,ICICIBANK.NS,319.8999938964844,321.04998779296875,315.95001220703125,317.20001220703125,7867381
2017-11-27 05:30:00+05:30,ICICIBANK.NS,315.04998779296875,318.6000061035156,313.5,317.0,9334428
2017-11-28 05:30:00+05:30,ICICIBANK.NS,313.1000061035156,315.3500061035156,311.75,313.20001220703125,13929413
2017-11-29 05:30:00+05:30,ICICIBANK.NS,312.6000061035156,316.29998779296875,312.29998779296875,314.8500061035156,12384876
2017-11-30 05:30:00+05:30,ICICIBANK.NS,314.95001220703125,315.79998779296875,306.25,307.54998779296875,23832543
2017-12-01 05:30:00+05:30,ICICIBANK.NS,309.70001220703125,309.95001220703125,304.3999938964844,305.25,6602231
2017-12-04 05:30:00+05:30,ICICIBANK.NS,307.25,307.5,302.29998779296875,304.25,8763567
2017-12-05 05:30:00+05:30,ICICIBANK.NS,304.79998779296875,307.6000061035156,303.70001220703125,305.25,8219441
2017-12-06 05:30:00+05:30,ICICIBANK.NS,303.79998779296875,305.0,298.1499938964844,299.5,6751957
2017-12-07 05:30:00+05:30,ICICIBANK.NS,301.5,306.75,300.20001220703125,305.79998779296875,7414305
2017-12-08 05:30:00+05:30,ICICIBANK.NS,307.25,311.8999938964844,307.0,310.75,10732806
2017-12-11 05:30:00+05:30,ICICIBANK.NS,311.0,312.25,308.25,311.45001220703125,6829121
2017-12-12 05:30:00+05:30,ICICIBANK.NS,312.04998779296875,312.3500061035156,306.29998779296875,307.6000061035156,11995276
2017-12-13 05:30:00+05:30,ICICIBANK.NS,308.0,308.3999938964844,300.20001220703125,302.95001220703125,14805881
2017-12-14 05:30:00+05:30,ICICIBANK.NS,303.8500061035156,306.0,301.3500061035156,304.3500061035156,11140346
2017-12-15 05:30:00+05:30,ICICIBANK.NS,310.3999938964844,310.70001220703125,302.54998779296875,303.1499938964844,23227021
2017-12-18 05:30:00+05:30,ICICIBANK.NS,298.0,312.29998779296875,287.0,308.8999938964844,16300443
2017-12-19 05:30:00+05:30,ICICIBANK.NS,309.20001220703125,314.79998779296875,308.5,313.70001220703125,13135113
2017-12-20 05:30:00+05:30,ICICIBANK.NS,314.1000061035156,317.8500061035156,311.5,315.79998779296875,14003657
2017-12-21 05:30:00+05:30,ICICIBANK.NS,315.3999938964844,316.54998779296875,312.1000061035156,315.45001220703125,9705688
2017-12-22 05:30:00+05:30,ICICIBANK.NS,315.0,319.20001220703125,313.79998779296875,316.6000061035156,7628532
2017-12-26 05:30:00+05:30,ICICIBANK.NS,316.25,319.0,313.20001220703125,318.1499938964844,7632721
2017-12-27 05:30:00+05:30,ICICIBANK.NS,315.95001220703125,317.8999938964844,312.1000061035156,312.79998779296875,6354635
2017-12-28 05:30:00+05:30,ICICIBANK.NS,312.79998779296875,319.20001220703125,310.5,315.29998779296875,22689602
2017-12-29 05:30:00+05:30,ICICIBANK.NS,313.8999938964844,315.75,312.5,314.0,9637881
2018-01-01 05:30:00+05:30,ICICIBANK.NS,314.0,314.0,309.1000061035156,310.29998779296875,7739502
2018-01-02 05:30:00+05:30,ICICIBANK.NS,310.95001220703125,311.70001220703125,307.5,309.70001220703125,7046560
2018-01-03 05:30:00+05:30,ICICIBANK.NS,312.5,316.3500061035156,312.5,315.0,8898342
2018-01-04 05:30:00+05:30,ICICIBANK.NS,314.95001220703125,315.6499938964844,311.5,314.70001220703125,6385367
2018-01-05 05:30:00+05:30,ICICIBANK.NS,314.45001220703125,315.1499938964844,311.6000061035156,312.8999938964844,6366054
2018-01-08 05:30:00+05:30,ICICIBANK.NS,313.5,318.20001220703125,312.6000061035156,314.1499938964844,7329648
2018-01-09 05:30:00+05:30,ICICIBANK.NS,314.79998779296875,315.79998779296875,310.75,312.6000061035156,9190909
2018-01-10 05:30:00+05:30,ICICIBANK.NS,312.54998779296875,312.95001220703125,310.54998779296875,312.0,6736971
2018-01-11 05:30:00+05:30,ICICIBANK.NS,312.5,312.5,308.54998779296875,309.5,8366713
2018-01-12 05:30:00+05:30,ICICIBANK.NS,309.6000061035156,318.79998779296875,309.6000061035156,317.70001220703125,11699345
2018-01-15 05:30:00+05:30,ICICIBANK.NS,320.79998779296875,330.70001220703125,320.25,329.29998779296875,30242005
2018-01-16 05:30:00+05:30,ICICIBANK.NS,329.75,340.75,326.54998779296875,334.1000061035156,26707100
2018-01-17 05:30:00+05:30,ICICIBANK.NS,334.04998779296875,344.20001220703125,334.04998779296875,343.25,43305353
2018-01-18 05:30:00+05:30,ICICIBANK.NS,350.0,353.20001220703125,343.0,346.1499938964844,31504669
2018-01-19 05:30:00+05:30,ICICIBANK.NS,347.45001220703125,355.0,340.79998779296875,353.6000061035156,18812611
2018-01-22 05:30:00+05:30,ICICIBANK.NS,352.3999938964844,352.8999938964844,344.79998779296875,351.5,15269782
2018-01-23 05:30:00+05:30,ICICIBANK.NS,350.45001220703125,364.45001220703125,350.45001220703125,362.29998779296875,22485663
2018-01-24 05:30:00+05:30,ICICIBANK.NS,357.75,359.20001220703125,351.79998779296875,352.75,12815095
2018-01-25 05:30:00+05:30,ICICIBANK.NS,352.5,364.79998779296875,350.70001220703125,360.79998779296875,30183655
2018-01-29 05:30:00+05:30,ICICIBANK.NS,360.0,365.70001220703125,355.6000061035156,357.6499938964844,17855095
2018-01-30 05:30:00+05:30,ICICIBANK.NS,356.79998779296875,356.79998779296875,350.5,353.25,13358981
2018-01-31 05:30:00+05:30,ICICIBANK.NS,348.8500061035156,353.95001220703125,343.6000061035156,352.95001220703125,22638319
2018-02-01 05:30:00+05:30,ICICIBANK.NS,347.54998779296875,355.8999938964844,343.79998779296875,346.20001220703125,29472295
2018-02-02 05:30:00+05:30,ICICIBANK.NS,342.54998779296875,343.70001220703125,333.70001220703125,335.1000061035156,16957983
2018-02-05 05:30:00+05:30,ICICIBANK.NS,327.6000061035156,334.25,327.04998779296875,329.70001220703125,17339547
2018-02-06 05:30:00+05:30,ICICIBANK.NS,315.25,337.95001220703125,313.0,330.70001220703125,18491736
2018-02-07 05:30:00+05:30,ICICIBANK.NS,335.3500061035156,336.3999938964844,329.8999938964844,332.54998779296875,11819190
2018-02-08 05:30:00+05:30,ICICIBANK.NS,332.54998779296875,338.3999938964844,329.5,333.8500061035156,10294899
2018-02-09 05:30:00+05:30,ICICIBANK.NS,325.0,328.6499938964844,322.6499938964844,326.75,9493398
2018-02-12 05:30:00+05:30,ICICIBANK.NS,328.8500061035156,329.20001220703125,323.25,326.25,8356351
2018-02-14 05:30:00+05:30,ICICIBANK.NS,327.0,327.0,316.54998779296875,318.95001220703125,15189066
2018-02-15 05:30:00+05:30,ICICIBANK.NS,322.1499938964844,331.79998779296875,322.1499938964844,328.6499938964844,23779772
2018-02-16 05:30:00+05:30,ICICIBANK.NS,330.3500061035156,334.0,318.79998779296875,321.04998779296875,17585994
2018-02-19 05:30:00+05:30,ICICIBANK.NS,329.5,329.6000061035156,315.20001220703125,319.75,19044107
2018-02-20 05:30:00+05:30,ICICIBANK.NS,320.5,324.20001220703125,316.29998779296875,317.25,16030558
2018-02-21 05:30:00+05:30,ICICIBANK.NS,319.0,320.70001220703125,315.70001220703125,319.20001220703125,9974873
2018-02-22 05:30:00+05:30,ICICIBANK.NS,317.0,319.29998779296875,313.95001220703125,318.3500061035156,25530698
2018-02-23 05:30:00+05:30,ICICIBANK.NS,319.04998779296875,324.04998779296875,318.3500061035156,322.75,7949765
2018-02-26 05:30:00+05:30,ICICIBANK.NS,325.0,327.79998779296875,323.1499938964844,327.04998779296875,7133735
2018-02-27 05:30:00+05:30,ICICIBANK.NS,327.0,327.04998779296875,319.6499938964844,322.1499938964844,9623651
2018-02-28 05:30:00+05:30,ICICIBANK.NS,315.1499938964844,317.0,311.1000061035156,313.25,17481687
2018-03-01 05:30:00+05:30,ICICIBANK.NS,312.6499938964844,314.0,304.25,304.95001220703125,18986889
2018-03-05 05:30:00+05:30,ICICIBANK.NS,304.45001220703125,306.5,299.29998779296875,303.3500061035156,14456193
2018-03-06 05:30:00+05:30,ICICIBANK.NS,307.3999938964844,307.70001220703125,294.20001220703125,295.04998779296875,18951451
2018-03-07 05:30:00+05:30,ICICIBANK.NS,293.29998779296875,293.79998779296875,285.3500061035156,286.70001220703125,31472773
2018-03-08 05:30:00+05:30,ICICIBANK.NS,290.25,298.0,289.25,296.95001220703125,21413552
2018-03-09 05:30:00+05:30,ICICIBANK.NS,299.0,299.5,290.70001220703125,292.70001220703125,12489587
2018-03-12 05:30:00+05:30,ICICIBANK.NS,295.6000061035156,301.8999938964844,293.75,300.6499938964844,12163952
2018-03-13 05:30:00+05:30,ICICIBANK.NS,300.1000061035156,307.0,299.6000061035156,304.3500061035156,15966647
2018-03-14 05:30:00+05:30,ICICIBANK.NS,303.1499938964844,307.45001220703125,297.79998779296875,306.04998779296875,12964285
2018-03-15 05:30:00+05:30,ICICIBANK.NS,305.75,305.75,300.3999938964844,301.45001220703125,13282019
2018-03-16 05:30:00+05:30,ICICIBANK.NS,301.25,301.8500061035156,297.3999938964844,298.1000061035156,28835112
2018-03-19 05:30:00+05:30,ICICIBANK.NS,298.1000061035156,300.0,291.25,294.54998779296875,13601784
2018-03-20 05:30:00+05:30,ICICIBANK.NS,293.0,297.20001220703125,290.25,292.0,10880002
2018-03-21 05:30:00+05:30,ICICIBANK.NS,295.0,295.04998779296875,287.3500061035156,289.20001220703125,13618228
2018-03-22 05:30:00+05:30,ICICIBANK.NS,289.5,289.6499938964844,280.8999938964844,283.25,24593489
2018-03-23 05:30:00+05:30,ICICIBANK.NS,277.1000061035156,277.8500061035156,273.54998779296875,275.54998779296875,31922568
2018-03-26 05:30:00+05:30,ICICIBANK.NS,276.1000061035156,283.1499938964844,275.95001220703125,281.6499938964844,24618534
2018-03-27 05:30:00+05:30,ICICIBANK.NS,284.5,287.29998779296875,281.3999938964844,283.8999938964844,22377328
2018-03-28 05:30:00+05:30,ICICIBANK.NS,283.0,283.29998779296875,277.1000061035156,278.3500061035156,27172599
2018-04-02 05:30:00+05:30,ICICIBANK.NS,273.0,273.8500061035156,258.79998779296875,261.8500061035156,73359584
2018-04-03 05:30:00+05:30,ICICIBANK.NS,261.3999938964844,271.5,261.3999938964844,270.04998779296875,40773239
2018-04-04 05:30:00+05:30,ICICIBANK.NS,267.25,273.29998779296875,265.5,268.6499938964844,33486876
2018-04-05 05:30:00+05:30,ICICIBANK.NS,267.79998779296875,280.0,267.70001220703125,278.6499938964844,26759108
2018-04-06 05:30:00+05:30,ICICIBANK.NS,278.3999938964844,282.95001220703125,277.0,280.6499938964844,31577015
2018-04-09 05:30:00+05:30,ICICIBANK.NS,277.75,283.45001220703125,274.3500061035156,280.8500061035156,31712527
2018-04-10 05:30:00+05:30,ICICIBANK.NS,279.45001220703125,294.45001220703125,279.04998779296875,288.79998779296875,44741783
2018-04-11 05:30:00+05:30,ICICIBANK.NS,287.75,287.8999938964844,282.3500061035156,284.54998779296875,16811454
2018-04-12 05:30:00+05:30,ICICIBANK.NS,285.29998779296875,289.8999938964844,283.54998779296875,286.75,22954325
2018-04-13 05:30:00+05:30,ICICIBANK.NS,288.0,291.1000061035156,285.79998779296875,288.25,17497198
2018-04-16 05:30:00+05:30,ICICIBANK.NS,285.0,288.95001220703125,284.1000061035156,287.6000061035156,16874313
2018-04-17 05:30:00+05:30,ICICIBANK.NS,287.6000061035156,293.25,286.79998779296875,291.75,15406113
2018-04-18 05:30:00+05:30,ICICIBANK.NS,293.70001220703125,294.8999938964844,289.0,290.04998779296875,20755245
2018-04-19 05:30:00+05:30,ICICIBANK.NS,291.0,291.0,287.29998779296875,289.6000061035156,17282341
2018-04-20 05:30:00+05:30,ICICIBANK.NS,289.25,290.1499938964844,279.70001220703125,282.1499938964844,19745690
2018-04-23 05:30:00+05:30,ICICIBANK.NS,280.0,282.79998779296875,275.25,279.3999938964844,11620499
2018-04-24 05:30:00+05:30,ICICIBANK.NS,279.3500061035156,286.6000061035156,279.3500061035156,284.1000061035156,15412234
2018-04-25 05:30:00+05:30,ICICIBANK.NS,284.04998779296875,285.6499938964844,276.8500061035156,278.8999938964844,7961352
2018-04-26 05:30:00+05:30,ICICIBANK.NS,279.79998779296875,280.3999938964844,275.3500061035156,278.8500061035156,14112673
2018-04-27 05:30:00+05:30,ICICIBANK.NS,277.3999938964844,291.70001220703125,276.0,287.8999938964844,16488361
2018-04-30 05:30:00+05:30,ICICIBANK.NS,288.95001220703125,291.0,282.29998779296875,284.20001220703125,9737559
2018-05-02 05:30:00+05:30,ICICIBANK.NS,283.6499938964844,283.75,275.54998779296875,276.8999938964844,14211445
2018-05-03 05:30:00+05:30,ICICIBANK.NS,277.29998779296875,283.6499938964844,277.29998779296875,281.8999938964844,14724116
2018-05-04 05:30:00+05:30,ICICIBANK.NS,280.45001220703125,285.6000061035156,278.3500061035156,282.8500061035156,11861951
2018-05-07 05:30:00+05:30,ICICIBANK.NS,284.0,293.0,282.8500061035156,289.79998779296875,19673100
2018-05-08 05:30:00+05:30,ICICIBANK.NS,302.0,314.5,300.0,309.29998779296875,87176185
2018-05-09 05:30:00+05:30,ICICIBANK.NS,305.0,309.79998779296875,304.25,306.79998779296875,20140490
2018-05-10 05:30:00+05:30,ICICIBANK.NS,308.45001220703125,312.8999938964844,305.70001220703125,306.8500061035156,16239386
2018-05-11 05:30:00+05:30,ICICIBANK.NS,307.95001220703125,311.8500061035156,307.54998779296875,310.95001220703125,16671145
2018-05-14 05:30:00+05:30,ICICIBANK.NS,310.0,311.0,305.1499938964844,310.1000061035156,10425585
2018-05-15 05:30:00+05:30,ICICIBANK.NS,310.70001220703125,317.5,305.04998779296875,308.25,16400700
2018-05-16 05:30:00+05:30,ICICIBANK.NS,303.8999938964844,304.8999938964844,295.29998779296875,297.25,25515791
2018-05-17 05:30:00+05:30,ICICIBANK.NS,299.0,299.95001220703125,294.04998779296875,296.0,10668400
2018-05-18 05:30:00+05:30,ICICIBANK.NS,294.1499938964844,295.29998779296875,284.6000061035156,286.1000061035156,17469524
2018-05-21 05:30:00+05:30,ICICIBANK.NS,289.5,293.0,287.75,289.29998779296875,23155638
2018-05-22 05:30:00+05:30,ICICIBANK.NS,289.5,293.8500061035156,286.8500061035156,290.29998779296875,11284988
2018-05-23 05:30:00+05:30,ICICIBANK.NS,288.8500061035156,298.3999938964844,288.79998779296875,292.04998779296875,15887229
2018-05-24 05:30:00+05:30,ICICIBANK.NS,293.70001220703125,299.0,291.20001220703125,297.70001220703125,11489424
2018-05-25 05:30:00+05:30,ICICIBANK.NS,298.3999938964844,300.95001220703125,294.6000061035156,295.6499938964844,13541580
2018-05-28 05:30:00+05:30,ICICIBANK.NS,293.75,302.29998779296875,293.3500061035156,299.25,19063427
2018-05-29 05:30:00+05:30,ICICIBANK.NS,298.75,298.75,288.29998779296875,289.8999938964844,12969969
2018-05-30 05:30:00+05:30,ICICIBANK.NS,285.8999938964844,288.1499938964844,282.75,284.8999938964844,25142319
2018-05-31 05:30:00+05:30,ICICIBANK.NS,285.0,288.95001220703125,279.29998779296875,285.79998779296875,23698686
2018-06-01 05:30:00+05:30,ICICIBANK.NS,295.0,299.95001220703125,286.8500061035156,289.29998779296875,29675949
2018-06-04 05:30:00+05:30,ICICIBANK.NS,293.29998779296875,293.29998779296875,285.54998779296875,286.75,17188567
2018-06-05 05:30:00+05:30,ICICIBANK.NS,288.0,288.0,283.1000061035156,284.1000061035156,12376050
2018-06-06 05:30:00+05:30,ICICIBANK.NS,285.70001220703125,286.8999938964844,281.1000061035156,283.8999938964844,16873633
2018-06-07 05:30:00+05:30,ICICIBANK.NS,287.5,293.04998779296875,287.1499938964844,290.8999938964844,20297969
2018-06-08 05:30:00+05:30,ICICIBANK.NS,290.1000061035156,290.8999938964844,285.5,288.25,11340014
2018-06-11 05:30:00+05:30,ICICIBANK.NS,285.3999938964844,290.3500061035156,283.20001220703125,286.3999938964844,16876061
2018-06-12 05:30:00+05:30,ICICIBANK.NS,288.54998779296875,289.1499938964844,285.25,287.3999938964844,14257648
2018-06-13 05:30:00+05:30,ICICIBANK.NS,289.0,292.8999938964844,286.3999938964844,290.75,10927770
2018-06-14 05:30:00+05:30,ICICIBANK.NS,290.8500061035156,290.8500061035156,284.1000061035156,284.75,11400592
2018-06-15 05:30:00+05:30,ICICIBANK.NS,287.20001220703125,288.5,280.0,282.5,47186222
2018-06-18 05:30:00+05:30,ICICIBANK.NS,284.0,294.20001220703125,283.3999938964844,293.0,27792317
2018-06-19 05:30:00+05:30,ICICIBANK.NS,295.5,295.5,288.3500061035156,292.79998779296875,27176748
2018-06-20 05:30:00+05:30,ICICIBANK.NS,292.6000061035156,294.6000061035156,291.0,293.20001220703125,20364143
2018-06-21 05:30:00+05:30,ICICIBANK.NS,294.79998779296875,300.3500061035156,294.54998779296875,297.95001220703125,30192796
2018-06-22 05:30:00+05:30,ICICIBANK.NS,298.20001220703125,302.70001220703125,295.6499938964844,300.6499938964844,17490606
2018-06-25 05:30:00+05:30,ICICIBANK.NS,299.79998779296875,300.5,288.79998779296875,289.70001220703125,15461874
2018-06-26 05:30:00+05:30,ICICIBANK.NS,287.54998779296875,289.1000061035156,284.70001220703125,288.1000061035156,11614686
2018-06-27 05:30:00+05:30,ICICIBANK.NS,287.8999938964844,287.8999938964844,274.0,279.04998779296875,25318055
2018-06-28 05:30:00+05:30,ICICIBANK.NS,278.0,278.3999938964844,269.79998779296875,271.3999938964844,34197884
2018-06-29 05:30:00+05:30,ICICIBANK.NS,272.0,276.0,269.6000061035156,275.3999938964844,20930477
2018-07-02 05:30:00+05:30,ICICIBANK.NS,274.0,279.8999938964844,271.0,277.3999938964844,69733139
2018-07-03 05:30:00+05:30,ICICIBANK.NS,275.8999938964844,276.79998779296875,272.20001220703125,272.8999938964844,14020388
2018-07-04 05:30:00+05:30,ICICIBANK.NS,274.20001220703125,274.8500061035156,271.0,273.25,8233522
2018-07-05 05:30:00+05:30,ICICIBANK.NS,273.0,275.5,270.75,271.54998779296875,7505990
2018-07-06 05:30:00+05:30,ICICIBANK.NS,271.1000061035156,271.95001220703125,267.04998779296875,270.04998779296875,26025797
2018-07-09 05:30:00+05:30,ICICIBANK.NS,273.8999938964844,274.70001220703125,270.0,271.20001220703125,18374471
2018-07-10 05:30:00+05:30,ICICIBANK.NS,272.0,275.95001220703125,271.8999938964844,273.3999938964844,14450561
2018-07-11 05:30:00+05:30,ICICIBANK.NS,274.54998779296875,274.8999938964844,267.5,268.75,12717543
2018-07-12 05:30:00+05:30,ICICIBANK.NS,270.3999938964844,273.70001220703125,269.04998779296875,272.29998779296875,15837704
2018-07-13 05:30:00+05:30,ICICIBANK.NS,273.0,273.29998779296875,266.04998779296875,267.75,19159840
2018-07-16 05:30:00+05:30,ICICIBANK.NS,265.29998779296875,266.6000061035156,256.5,259.25,29794402
2018-07-17 05:30:00+05:30,ICICIBANK.NS,260.25,267.5,260.0,266.45001220703125,15128995
2018-07-18 05:30:00+05:30,ICICIBANK.NS,266.0,267.3500061035156,261.0,262.70001220703125,22908592
2018-07-19 05:30:00+05:30,ICICIBANK.NS,263.95001220703125,264.3500061035156,259.3999938964844,261.20001220703125,15145144
2018-07-20 05:30:00+05:30,ICICIBANK.NS,261.79998779296875,267.70001220703125,261.79998779296875,265.79998779296875,13794388
2018-07-23 05:30:00+05:30,ICICIBANK.NS,265.3500061035156,276.29998779296875,265.3500061035156,275.54998779296875,16917863
2018-07-24 05:30:00+05:30,ICICIBANK.NS,273.6499938964844,277.8999938964844,273.3500061035156,274.3500061035156,12012225
2018-07-25 05:30:00+05:30,ICICIBANK.NS,273.0,276.6000061035156,272.25,274.6499938964844,17947377
2018-07-26 05:30:00+05:30,ICICIBANK.NS,275.0,286.5,273.25,285.6499938964844,36630780
2018-07-27 05:30:00+05:30,ICICIBANK.NS,284.8999938964844,295.1499938964844,282.20001220703125,293.20001220703125,30926969
2018-07-30 05:30:00+05:30,ICICIBANK.NS,300.0,308.45001220703125,294.25,307.3500061035156,56119080
2018-07-31 05:30:00+05:30,ICICIBANK.NS,304.29998779296875,308.5,302.20001220703125,304.25,20824059
2018-08-01 05:30:00+05:30,ICICIBANK.NS,302.6000061035156,305.6499938964844,296.79998779296875,299.29998779296875,15581508
2018-08-02 05:30:00+05:30,ICICIBANK.NS,295.0,300.75,294.1000061035156,298.54998779296875,14089168
2018-08-03 05:30:00+05:30,ICICIBANK.NS,300.0,306.75,297.54998779296875,305.0,14478297
2018-08-06 05:30:00+05:30,ICICIBANK.NS,306.95001220703125,318.0,306.79998779296875,315.1000061035156,25849864
2018-08-07 05:30:00+05:30,ICICIBANK.NS,313.95001220703125,318.1499938964844,310.3999938964844,313.1499938964844,20751115
2018-08-08 05:30:00+05:30,ICICIBANK.NS,313.0,320.0,308.25,318.70001220703125,17916047
2018-08-09 05:30:00+05:30,ICICIBANK.NS,320.25,345.8500061035156,320.25,333.0,76423347
2018-08-10 05:30:00+05:30,ICICIBANK.NS,334.04998779296875,340.29998779296875,325.3500061035156,328.6000061035156,36321097
2018-08-13 05:30:00+05:30,ICICIBANK.NS,324.0,327.45001220703125,322.0,324.8999938964844,15332907
2018-08-14 05:30:00+05:30,ICICIBANK.NS,324.70001220703125,333.5,324.70001220703125,332.45001220703125,15314006
2018-08-16 05:30:00+05:30,ICICIBANK.NS,329.54998779296875,339.20001220703125,328.75,334.29998779296875,37463597
2018-08-17 05:30:00+05:30,ICICIBANK.NS,336.79998779296875,342.20001220703125,335.8500061035156,340.0,24090696
2018-08-20 05:30:00+05:30,ICICIBANK.NS,340.0,342.45001220703125,336.70001220703125,338.45001220703125,13032778
2018-08-21 05:30:00+05:30,ICICIBANK.NS,338.29998779296875,341.8500061035156,334.04998779296875,338.8500061035156,16009673
2018-08-23 05:30:00+05:30,ICICIBANK.NS,336.54998779296875,338.70001220703125,334.75,337.20001220703125,18867868
2018-08-24 05:30:00+05:30,ICICIBANK.NS,334.3999938964844,335.5,327.29998779296875,330.1499938964844,17805968
2018-08-27 05:30:00+05:30,ICICIBANK.NS,331.0,342.29998779296875,330.95001220703125,339.8999938964844,28083933
2018-08-28 05:30:00+05:30,ICICIBANK.NS,342.0,343.5,336.29998779296875,338.8999938964844,16427306
2018-08-29 05:30:00+05:30,ICICIBANK.NS,336.3500061035156,342.6499938964844,335.79998779296875,340.6499938964844,18868248
2018-08-30 05:30:00+05:30,ICICIBANK.NS,339.20001220703125,345.45001220703125,337.70001220703125,344.3500061035156,22349447
2018-08-31 05:30:00+05:30,ICICIBANK.NS,343.0,346.79998779296875,338.5,342.6000061035156,19809916
2018-09-03 05:30:00+05:30,ICICIBANK.NS,343.6000061035156,344.0,332.54998779296875,334.1499938964844,12859450
2018-09-04 05:30:00+05:30,ICICIBANK.NS,334.79998779296875,336.45001220703125,327.25,328.5,15470215
2018-09-05 05:30:00+05:30,ICICIBANK.NS,327.0,331.3500061035156,324.6000061035156,329.6499938964844,14548867
2018-09-06 05:30:00+05:30,ICICIBANK.NS,330.0,331.25,325.5,328.6499938964844,11322771
2018-09-07 05:30:00+05:30,ICICIBANK.NS,327.45001220703125,336.3999938964844,322.45001220703125,335.1000061035156,16435004
2018-09-10 05:30:00+05:30,ICICIBANK.NS,331.79998779296875,335.75,330.3999938964844,332.8999938964844,16673909
2018-09-11 05:30:00+05:30,ICICIBANK.NS,333.70001220703125,336.70001220703125,325.1000061035156,326.54998779296875,13005562
2018-09-12 05:30:00+05:30,ICICIBANK.NS,327.0,327.04998779296875,318.5,322.8999938964844,15263406
2018-09-14 05:30:00+05:30,ICICIBANK.NS,327.20001220703125,332.0,324.1499938964844,328.3500061035156,10736693
2018-09-17 05:30:00+05:30,ICICIBANK.NS,327.29998779296875,327.5,321.3500061035156,325.70001220703125,7227361
2018-09-18 05:30:00+05:30,ICICIBANK.NS,324.25,328.04998779296875,317.70001220703125,318.8500061035156,14825218
2018-09-19 05:30:00+05:30,ICICIBANK.NS,320.0,324.70001220703125,317.0,320.95001220703125,15942065
2018-09-21 05:30:00+05:30,ICICIBANK.NS,323.45001220703125,333.70001220703125,308.3500061035156,317.1000061035156,34169460
2018-09-24 05:30:00+05:30,ICICIBANK.NS,316.79998779296875,316.79998779296875,305.54998779296875,308.75,24382310
2018-09-25 05:30:00+05:30,ICICIBANK.NS,307.0,313.5,300.04998779296875,311.1000061035156,30472132
2018-09-26 05:30:00+05:30,ICICIBANK.NS,315.0,315.29998779296875,305.1000061035156,313.1000061035156,23224979
2018-09-27 05:30:00+05:30,ICICIBANK.NS,315.6499938964844,316.0,305.29998779296875,306.6499938964844,24888615
2018-09-28 05:30:00+05:30,ICICIBANK.NS,309.1000061035156,311.6000061035156,301.79998779296875,305.54998779296875,26289107
2018-10-01 05:30:00+05:30,ICICIBANK.NS,306.29998779296875,315.04998779296875,300.54998779296875,314.0,21104376
2018-10-03 05:30:00+05:30,ICICIBANK.NS,311.1000061035156,314.5,302.45001220703125,303.70001220703125,19105555
2018-10-04 05:30:00+05:30,ICICIBANK.NS,299.0,321.25,294.79998779296875,316.5,56268976
2018-10-05 05:30:00+05:30,ICICIBANK.NS,314.6499938964844,321.8500061035156,299.3500061035156,307.29998779296875,36131946
2018-10-08 05:30:00+05:30,ICICIBANK.NS,307.29998779296875,314.04998779296875,298.6000061035156,310.8500061035156,20488368
2018-10-09 05:30:00+05:30,ICICIBANK.NS,311.45001220703125,311.8999938964844,303.0,306.25,14852835
2018-10-10 05:30:00+05:30,ICICIBANK.NS,307.1000061035156,322.95001220703125,304.5,319.8500061035156,23972064
2018-10-11 05:30:00+05:30,ICICIBANK.NS,310.0,315.45001220703125,304.0,311.70001220703125,21691068
2018-10-12 05:30:00+05:30,ICICIBANK.NS,313.8500061035156,324.25,313.6000061035156,319.3999938964844,25930022
2018-10-15 05:30:00+05:30,ICICIBANK.NS,316.8999938964844,317.8999938964844,309.54998779296875,313.3500061035156,23756416
2018-10-16 05:30:00+05:30,ICICIBANK.NS,313.75,322.95001220703125,313.75,320.6499938964844,18042549
2018-10-17 05:30:00+05:30,ICICIBANK.NS,325.1000061035156,328.1499938964844,311.6499938964844,314.79998779296875,20203287
2018-10-19 05:30:00+05:30,ICICIBANK.NS,312.8500061035156,321.5,310.20001220703125,315.45001220703125,18322589
2018-10-22 05:30:00+05:30,ICICIBANK.NS,320.20001220703125,329.8500061035156,316.1000061035156,327.1000061035156,33593953
2018-10-23 05:30:00+05:30,ICICIBANK.NS,323.0,328.6000061035156,318.3500061035156,322.8500061035156,21509920
2018-10-24 05:30:00+05:30,ICICIBANK.NS,328.75,330.0,316.25,322.0,33104174
2018-10-25 05:30:00+05:30,ICICIBANK.NS,318.5,322.04998779296875,311.79998779296875,319.95001220703125,26920180
2018-10-26 05:30:00+05:30,ICICIBANK.NS,319.79998779296875,323.3999938964844,313.0,315.6499938964844,22952163
2018-10-29 05:30:00+05:30,ICICIBANK.NS,329.0,352.95001220703125,328.29998779296875,349.3999938964844,80069836
2018-10-30 05:30:00+05:30,ICICIBANK.NS,347.45001220703125,353.8500061035156,342.8999938964844,345.70001220703125,34460428
2018-10-31 05:30:00+05:30,ICICIBANK.NS,345.5,356.54998779296875,342.29998779296875,355.0,31233009
2018-11-01 05:30:00+05:30,ICICIBANK.NS,357.0,358.45001220703125,351.1000061035156,353.70001220703125,22157128
2018-11-02 05:30:00+05:30,ICICIBANK.NS,354.0,357.79998779296875,351.70001220703125,354.45001220703125,26714413
2018-11-05 05:30:00+05:30,ICICIBANK.NS,351.0,351.8500061035156,348.0,349.6499938964844,22873951
2018-11-06 05:30:00+05:30,ICICIBANK.NS,348.70001220703125,358.29998779296875,347.6499938964844,353.1000061035156,21349153
2018-11-07 05:30:00+05:30,ICICIBANK.NS,356.75,357.0,354.54998779296875,355.8999938964844,2074764
2018-11-09 05:30:00+05:30,ICICIBANK.NS,356.8999938964844,358.1000061035156,352.3999938964844,356.8500061035156,15130936
2018-11-12 05:30:00+05:30,ICICIBANK.NS,356.0,358.20001220703125,351.5,352.3500061035156,10642857
2018-11-13 05:30:00+05:30,ICICIBANK.NS,347.79998779296875,361.95001220703125,347.79998779296875,360.8999938964844,17684864
2018-11-14 05:30:00+05:30,ICICIBANK.NS,365.0,369.8999938964844,361.29998779296875,366.6000061035156,31774158
2018-11-15 05:30:00+05:30,ICICIBANK.NS,366.1000061035156,374.8999938964844,362.1000061035156,370.0,21967798
2018-11-16 05:30:00+05:30,ICICIBANK.NS,370.1000061035156,375.29998779296875,365.54998779296875,367.54998779296875,29972926
2018-11-19 05:30:00+05:30,ICICIBANK.NS,368.29998779296875,370.70001220703125,360.75,362.3999938964844,16002154
2018-11-20 05:30:00+05:30,ICICIBANK.NS,362.0,365.45001220703125,354.6000061035156,357.8999938964844,19591217
2018-11-21 05:30:00+05:30,ICICIBANK.NS,356.3500061035156,360.29998779296875,353.04998779296875,356.75,29323882
2018-11-22 05:30:00+05:30,ICICIBANK.NS,357.6499938964844,358.5,351.0,352.04998779296875,12547369
2018-11-26 05:30:00+05:30,ICICIBANK.NS,354.75,357.8500061035156,350.70001220703125,356.3500061035156,20673027
2018-11-27 05:30:00+05:30,ICICIBANK.NS,355.75,356.1000061035156,351.6000061035156,354.6499938964844,17933339
2018-11-28 05:30:00+05:30,ICICIBANK.NS,356.95001220703125,361.54998779296875,353.25,359.0,18163000
2018-11-29 05:30:00+05:30,ICICIBANK.NS,363.0,366.3999938964844,360.20001220703125,362.20001220703125,38692771
2018-11-30 05:30:00+05:30,ICICIBANK.NS,365.0,365.0,353.79998779296875,355.1499938964844,21893877
2018-12-03 05:30:00+05:30,ICICIBANK.NS,358.8999938964844,358.8999938964844,352.1000061035156,355.5,23427270
2018-12-04 05:30:00+05:30,ICICIBANK.NS,353.29998779296875,359.1000061035156,353.29998779296875,357.95001220703125,18651442
2018-12-05 05:30:00+05:30,ICICIBANK.NS,355.29998779296875,356.3500061035156,350.45001220703125,351.3999938964844,12068267
2018-12-06 05:30:00+05:30,ICICIBANK.NS,348.20001220703125,349.95001220703125,343.3500061035156,347.6499938964844,17784829
2018-12-07 05:30:00+05:30,ICICIBANK.NS,349.6000061035156,353.0,345.29998779296875,352.20001220703125,14979672
2018-12-10 05:30:00+05:30,ICICIBANK.NS,346.5,349.45001220703125,344.25,346.3500061035156,14107881
2018-12-11 05:30:00+05:30,ICICIBANK.NS,337.3999938964844,345.0,336.0,342.79998779296875,36885929
2018-12-12 05:30:00+05:30,ICICIBANK.NS,342.79998779296875,351.70001220703125,339.3999938964844,349.95001220703125,24740214
2018-12-13 05:30:00+05:30,ICICIBANK.NS,352.8999938964844,354.20001220703125,347.6000061035156,349.54998779296875,19129928
2018-12-14 05:30:00+05:30,ICICIBANK.NS,349.20001220703125,354.04998779296875,349.1499938964844,351.8999938964844,12104234
2018-12-17 05:30:00+05:30,ICICIBANK.NS,352.29998779296875,360.5,352.29998779296875,358.45001220703125,18378122
2018-12-18 05:30:00+05:30,ICICIBANK.NS,356.75,362.8999938964844,354.6000061035156,362.25,15405953
2018-12-19 05:30:00+05:30,ICICIBANK.NS,363.0,369.25,361.0,366.5,19442031
2018-12-20 05:30:00+05:30,ICICIBANK.NS,363.04998779296875,365.5,361.1499938964844,362.1499938964844,12109613
2018-12-21 05:30:00+05:30,ICICIBANK.NS,361.0,363.5,352.0,354.20001220703125,13555416
2018-12-24 05:30:00+05:30,ICICIBANK.NS,353.3999938964844,357.1000061035156,351.5,352.75,9025217
2018-12-26 05:30:00+05:30,ICICIBANK.NS,350.6499938964844,356.8999938964844,348.1499938964844,355.8500061035156,8695108
2018-12-27 05:30:00+05:30,ICICIBANK.NS,359.5,360.75,354.8999938964844,355.6499938964844,10122458
2018-12-28 05:30:00+05:30,ICICIBANK.NS,358.29998779296875,362.79998779296875,358.29998779296875,360.75,13004606
2018-12-31 05:30:00+05:30,ICICIBANK.NS,362.79998779296875,363.5,359.5,360.1499938964844,7314108
2019-01-01 05:30:00+05:30,ICICIBANK.NS,361.5,364.79998779296875,356.3999938964844,363.75,7759872
2019-01-02 05:30:00+05:30,ICICIBANK.NS,361.5,367.8999938964844,360.29998779296875,364.6000061035156,18243156
2019-01-03 05:30:00+05:30,ICICIBANK.NS,365.0,367.29998779296875,362.04998779296875,363.25,12884409
2019-01-04 05:30:00+05:30,ICICIBANK.NS,361.8500061035156,368.79998779296875,358.04998779296875,365.20001220703125,22896026
2019-01-07 05:30:00+05:30,ICICIBANK.NS,367.5,371.0,366.54998779296875,367.70001220703125,12719847
2019-01-08 05:30:00+05:30,ICICIBANK.NS,367.79998779296875,381.79998779296875,366.6000061035156,380.1499938964844,21501136
2019-01-09 05:30:00+05:30,ICICIBANK.NS,381.6499938964844,383.54998779296875,375.6000061035156,382.25,21730142
2019-01-10 05:30:00+05:30,ICICIBANK.NS,380.95001220703125,382.1499938964844,376.04998779296875,379.5,14497154
2019-01-11 05:30:00+05:30,ICICIBANK.NS,380.6000061035156,381.20001220703125,375.25,378.54998779296875,12537973
2019-01-14 05:30:00+05:30,ICICIBANK.NS,378.70001220703125,378.70001220703125,372.70001220703125,373.3500061035156,14844029
2019-01-15 05:30:00+05:30,ICICIBANK.NS,373.54998779296875,375.3999938964844,370.6000061035156,372.75,12960779
2019-01-16 05:30:00+05:30,ICICIBANK.NS,372.04998779296875,379.75,372.04998779296875,375.29998779296875,15106484
2019-01-17 05:30:00+05:30,ICICIBANK.NS,376.0,377.95001220703125,372.79998779296875,374.6000061035156,13171721
2019-01-18 05:30:00+05:30,ICICIBANK.NS,374.6000061035156,376.3999938964844,370.3500061035156,372.0,12212121
2019-01-21 05:30:00+05:30,ICICIBANK.NS,373.0,376.1499938964844,370.6000061035156,371.70001220703125,8908581
2019-01-22 05:30:00+05:30,ICICIBANK.NS,370.54998779296875,372.5,366.1000061035156,369.04998779296875,14756076
2019-01-23 05:30:00+05:30,ICICIBANK.NS,368.79998779296875,373.70001220703125,366.45001220703125,367.3999938964844,9726450
2019-01-24 05:30:00+05:30,ICICIBANK.NS,366.6000061035156,368.5,361.75,364.79998779296875,17521254
2019-01-25 05:30:00+05:30,ICICIBANK.NS,362.3500061035156,364.6499938964844,354.54998779296875,357.20001220703125,22978238
2019-01-28 05:30:00+05:30,ICICIBANK.NS,353.20001220703125,354.8999938964844,336.6499938964844,343.54998779296875,34362360
2019-01-29 05:30:00+05:30,ICICIBANK.NS,342.95001220703125,350.1000061035156,341.3500061035156,346.8500061035156,20738442
2019-01-30 05:30:00+05:30,ICICIBANK.NS,351.0,368.6000061035156,351.0,365.8999938964844,39400056
2019-01-31 05:30:00+05:30,ICICIBANK.NS,372.70001220703125,376.6499938964844,354.1000061035156,364.45001220703125,85917249
2019-02-01 05:30:00+05:30,ICICIBANK.NS,364.5,364.8999938964844,348.75,354.6499938964844,25605469
2019-02-04 05:30:00+05:30,ICICIBANK.NS,351.0,356.8999938964844,346.0,354.54998779296875,17039321
2019-02-05 05:30:00+05:30,ICICIBANK.NS,354.6000061035156,356.1000061035156,348.8500061035156,352.6499938964844,12197271
2019-02-06 05:30:00+05:30,ICICIBANK.NS,353.6000061035156,361.8999938964844,353.20001220703125,359.29998779296875,15396216
2019-02-07 05:30:00+05:30,ICICIBANK.NS,359.1000061035156,361.79998779296875,356.5,358.6499938964844,10247434
2019-02-08 05:30:00+05:30,ICICIBANK.NS,356.8999938964844,358.3999938964844,350.75,355.1000061035156,9308651
2019-02-11 05:30:00+05:30,ICICIBANK.NS,354.6000061035156,354.70001220703125,349.04998779296875,350.04998779296875,9419635
2019-02-12 05:30:00+05:30,ICICIBANK.NS,349.0,352.0,343.25,344.29998779296875,14924394
2019-02-14 05:30:00+05:30,ICICIBANK.NS,339.8500061035156,346.8500061035156,336.1499938964844,343.95001220703125,15172596
2019-02-15 05:30:00+05:30,ICICIBANK.NS,344.04998779296875,347.75,340.6000061035156,342.1499938964844,20316848
2019-02-18 05:30:00+05:30,ICICIBANK.NS,342.20001220703125,343.0,337.54998779296875,338.75,10601490
2019-02-19 05:30:00+05:30,ICICIBANK.NS,339.1000061035156,350.3999938964844,339.1000061035156,343.25,14384763
2019-02-20 05:30:00+05:30,ICICIBANK.NS,345.0,347.6000061035156,342.3500061035156,345.20001220703125,9474758
2019-02-21 05:30:00+05:30,ICICIBANK.NS,346.79998779296875,354.95001220703125,346.25,351.29998779296875,18631331
2019-02-22 05:30:00+05:30,ICICIBANK.NS,351.3999938964844,354.1000061035156,351.29998779296875,352.04998779296875,10997730
2019-02-25 05:30:00+05:30,ICICIBANK.NS,353.04998779296875,357.45001220703125,353.04998779296875,355.6000061035156,10344411
2019-02-26 05:30:00+05:30,ICICIBANK.NS,350.0,352.70001220703125,346.6000061035156,348.20001220703125,18096382
2019-02-27 05:30:00+05:30,ICICIBANK.NS,351.0,354.70001220703125,343.29998779296875,345.54998779296875,17325417
2019-02-28 05:30:00+05:30,ICICIBANK.NS,348.45001220703125,351.75,345.0,350.1499938964844,18347113
2019-03-01 05:30:00+05:30,ICICIBANK.NS,352.04998779296875,355.0,350.6499938964844,354.25,14190221
2019-03-05 05:30:00+05:30,ICICIBANK.NS,355.0,364.1499938964844,352.79998779296875,363.25,17638277
2019-03-06 05:30:00+05:30,ICICIBANK.NS,365.25,372.8500061035156,365.25,371.95001220703125,31436190
2019-03-07 05:30:00+05:30,ICICIBANK.NS,371.5,374.0,368.5,370.79998779296875,15355303
2019-03-08 05:30:00+05:30,ICICIBANK.NS,369.79998779296875,373.3999938964844,367.6499938964844,370.6000061035156,16143455
2019-03-11 05:30:00+05:30,ICICIBANK.NS,371.79998779296875,378.3999938964844,370.0,375.8500061035156,11449587
2019-03-12 05:30:00+05:30,ICICIBANK.NS,378.0,389.0,377.3500061035156,388.20001220703125,37108265
2019-03-13 05:30:00+05:30,ICICIBANK.NS,387.8999938964844,393.25,384.29998779296875,391.8999938964844,19574619
2019-03-14 05:30:00+05:30,ICICIBANK.NS,392.0,393.0,386.79998779296875,387.8999938964844,13182462
2019-03-15 05:30:00+05:30,ICICIBANK.NS,388.8500061035156,398.25,388.1000061035156,395.29998779296875,31466545
2019-03-18 05:30:00+05:30,ICICIBANK.NS,396.25,399.8999938964844,393.5,398.04998779296875,21220626
2019-03-19 05:30:00+05:30,ICICIBANK.NS,398.3999938964844,400.95001220703125,393.8999938964844,398.3999938964844,11670392
2019-03-20 05:30:00+05:30,ICICIBANK.NS,397.6000061035156,398.1499938964844,392.20001220703125,392.8999938964844,14181408
2019-03-22 05:30:00+05:30,ICICIBANK.NS,394.45001220703125,396.29998779296875,390.0,391.79998779296875,17409249
2019-03-25 05:30:00+05:30,ICICIBANK.NS,387.95001220703125,387.95001220703125,382.5,383.5,12345034
2019-03-26 05:30:00+05:30,ICICIBANK.NS,384.95001220703125,395.5,383.3999938964844,394.1000061035156,14063632
2019-03-27 05:30:00+05:30,ICICIBANK.NS,395.3999938964844,398.45001220703125,390.1499938964844,393.20001220703125,17950017
2019-03-28 05:30:00+05:30,ICICIBANK.NS,392.75,401.8999938964844,392.75,400.54998779296875,23117485
2019-04-01 05:30:00+05:30,ICICIBANK.NS,401.45001220703125,409.54998779296875,395.75,398.25,16106604
2019-04-02 05:30:00+05:30,ICICIBANK.NS,400.0,400.0,393.45001220703125,397.1499938964844,13010810
2019-04-03 05:30:00+05:30,ICICIBANK.NS,399.0,402.79998779296875,390.6499938964844,392.1000061035156,12317200
2019-04-04 05:30:00+05:30,ICICIBANK.NS,394.3999938964844,395.70001220703125,387.29998779296875,388.75,14521564
2019-04-05 05:30:00+05:30,ICICIBANK.NS,389.25,392.5,385.6000061035156,390.54998779296875,10853927
2019-04-08 05:30:00+05:30,ICICIBANK.NS,391.45001220703125,391.45001220703125,385.0,387.1000061035156,6305407
2019-04-09 05:30:00+05:30,ICICIBANK.NS,387.3999938964844,398.3500061035156,387.1499938964844,397.1499938964844,13206348
2019-04-10 05:30:00+05:30,ICICIBANK.NS,395.54998779296875,398.79998779296875,392.70001220703125,394.20001220703125,14000018
2019-04-11 05:30:00+05:30,ICICIBANK.NS,394.5,394.5,387.54998779296875,390.04998779296875,8704774
2019-04-12 05:30:00+05:30,ICICIBANK.NS,390.6000061035156,395.54998779296875,388.25,394.6000061035156,7035256
2019-04-15 05:30:00+05:30,ICICIBANK.NS,394.20001220703125,396.95001220703125,391.79998779296875,392.75,9770752
2019-04-16 05:30:00+05:30,ICICIBANK.NS,397.5,408.3999938964844,397.5,407.0,24487788
2019-04-18 05:30:00+05:30,ICICIBANK.NS,411.0,411.0,402.6000061035156,404.3999938964844,18660434
2019-04-22 05:30:00+05:30,ICICIBANK.NS,404.25,404.6000061035156,393.70001220703125,394.5,10493872
2019-04-23 05:30:00+05:30,ICICIBANK.NS,396.1000061035156,399.95001220703125,393.6000061035156,396.5,10203957
2019-04-24 05:30:00+05:30,ICICIBANK.NS,397.1000061035156,402.6499938964844,393.45001220703125,401.1000061035156,11397163
2019-04-25 05:30:00+05:30,ICICIBANK.NS,400.8999938964844,402.3999938964844,394.29998779296875,395.3999938964844,16524091
2019-04-26 05:30:00+05:30,ICICIBANK.NS,400.0,408.0,394.25,407.20001220703125,14286163
2019-04-30 05:30:00+05:30,ICICIBANK.NS,407.75,409.79998779296875,403.29998779296875,407.5,19375553
2019-05-02 05:30:00+05:30,ICICIBANK.NS,403.70001220703125,405.0,394.3999938964844,395.54998779296875,16572948
2019-05-03 05:30:00+05:30,ICICIBANK.NS,397.1499938964844,405.20001220703125,394.70001220703125,401.79998779296875,24431248
2019-05-06 05:30:00+05:30,ICICIBANK.NS,396.5,404.8999938964844,394.6499938964844,401.29998779296875,20751521
2019-05-07 05:30:00+05:30,ICICIBANK.NS,398.0,407.3500061035156,384.29998779296875,386.5,41519416
2019-05-08 05:30:00+05:30,ICICIBANK.NS,386.29998779296875,390.0,380.1000061035156,382.20001220703125,22509400
2019-05-09 05:30:00+05:30,ICICIBANK.NS,380.95001220703125,385.70001220703125,377.54998779296875,381.3999938964844,19739885
2019-05-10 05:30:00+05:30,ICICIBANK.NS,383.5,389.20001220703125,382.25,385.1000061035156,18361701
2019-05-13 05:30:00+05:30,ICICIBANK.NS,385.0,385.75,375.25,376.29998779296875,13828080
2019-05-14 05:30:00+05:30,ICICIBANK.NS,378.1000061035156,386.75,376.5,380.3999938964844,21481226
2019-05-15 05:30:00+05:30,ICICIBANK.NS,382.3500061035156,384.5,375.79998779296875,377.04998779296875,16183425
2019-05-16 05:30:00+05:30,ICICIBANK.NS,379.0,385.0,377.54998779296875,382.5,13430281
2019-05-17 05:30:00+05:30,ICICIBANK.NS,381.20001220703125,392.0,380.75,389.70001220703125,19096980
2019-05-20 05:30:00+05:30,ICICIBANK.NS,405.25,414.0,402.0,407.70001220703125,33350816
2019-05-21 05:30:00+05:30,ICICIBANK.NS,408.6000061035156,410.79998779296875,397.6000061035156,400.1499938964844,18286421
2019-05-22 05:30:00+05:30,ICICIBANK.NS,403.0,408.3999938964844,401.54998779296875,405.3500061035156,15370847
2019-05-23 05:30:00+05:30,ICICIBANK.NS,414.0,427.95001220703125,407.3999938964844,410.8500061035156,43279956
2019-05-24 05:30:00+05:30,ICICIBANK.NS,415.5,433.54998779296875,412.6499938964844,431.75,37708344
2019-05-27 05:30:00+05:30,ICICIBANK.NS,432.25,438.79998779296875,429.6499938964844,435.5,23397222
2019-05-28 05:30:00+05:30,ICICIBANK.NS,435.04998779296875,439.20001220703125,428.1000061035156,434.29998779296875,23389724
2019-05-29 05:30:00+05:30,ICICIBANK.NS,428.6000061035156,430.45001220703125,422.1000061035156,423.29998779296875,22132254
2019-05-30 05:30:00+05:30,ICICIBANK.NS,420.8500061035156,428.0,419.6000061035156,426.20001220703125,18281037
2019-05-31 05:30:00+05:30,ICICIBANK.NS,427.0,430.20001220703125,414.29998779296875,423.70001220703125,24644955
2019-06-03 05:30:00+05:30,ICICIBANK.NS,426.0,426.3999938964844,419.6000061035156,422.8999938964844,17125380
2019-06-04 05:30:00+05:30,ICICIBANK.NS,417.70001220703125,422.75,417.5,419.1000061035156,14514451
2019-06-06 05:30:00+05:30,ICICIBANK.NS,417.3999938964844,417.8500061035156,410.3500061035156,411.54998779296875,17762399
2019-06-07 05:30:00+05:30,ICICIBANK.NS,413.5,418.95001220703125,407.8999938964844,416.6000061035156,14107696
2019-06-10 05:30:00+05:30,ICICIBANK.NS,418.8999938964844,422.75,413.0,416.1000061035156,13074522
2019-06-11 05:30:00+05:30,ICICIBANK.NS,418.45001220703125,423.70001220703125,413.04998779296875,421.3500061035156,10939138
2019-06-12 05:30:00+05:30,ICICIBANK.NS,422.0,422.0,414.79998779296875,418.0,11136959
2019-06-13 05:30:00+05:30,ICICIBANK.NS,416.70001220703125,422.29998779296875,415.29998779296875,419.6000061035156,12164077
2019-06-14 05:30:00+05:30,ICICIBANK.NS,420.29998779296875,422.0,416.1000061035156,417.75,8601256
2019-06-17 05:30:00+05:30,ICICIBANK.NS,418.95001220703125,419.70001220703125,413.1499938964844,414.20001220703125,9539802
2019-06-18 05:30:00+05:30,ICICIBANK.NS,415.45001220703125,426.04998779296875,415.1000061035156,422.1499938964844,17761348
2019-06-19 05:30:00+05:30,ICICIBANK.NS,423.75,426.0,417.3500061035156,419.79998779296875,17010384
2019-06-20 05:30:00+05:30,ICICIBANK.NS,419.75,434.6499938964844,419.0,433.3999938964844,24315929
2019-06-21 05:30:00+05:30,ICICIBANK.NS,434.20001220703125,435.20001220703125,428.8500061035156,430.79998779296875,13909654
2019-06-24 05:30:00+05:30,ICICIBANK.NS,431.45001220703125,433.79998779296875,428.20001220703125,429.45001220703125,8545999
2019-06-25 05:30:00+05:30,ICICIBANK.NS,427.8999938964844,434.79998779296875,424.6000061035156,433.6499938964844,12964387
2019-06-26 05:30:00+05:30,ICICIBANK.NS,432.5,440.0,432.5,438.6499938964844,12261068
2019-06-27 05:30:00+05:30,ICICIBANK.NS,438.0,443.8999938964844,437.6000061035156,440.95001220703125,18787957
2019-06-28 05:30:00+05:30,ICICIBANK.NS,439.5,440.5,433.6000061035156,437.1000061035156,13459208
2019-07-01 05:30:00+05:30,ICICIBANK.NS,439.5,442.0,437.70001220703125,439.0,6871979
2019-07-02 05:30:00+05:30,ICICIBANK.NS,439.0,440.0,433.6000061035156,436.75,7787303
2019-07-03 05:30:00+05:30,ICICIBANK.NS,437.8999938964844,440.0,434.20001220703125,435.95001220703125,10415896
2019-07-04 05:30:00+05:30,ICICIBANK.NS,438.0,441.3999938964844,434.1000061035156,436.20001220703125,11810688
2019-07-05 05:30:00+05:30,ICICIBANK.NS,436.45001220703125,439.8999938964844,433.20001220703125,436.3500061035156,12154330
2019-07-08 05:30:00+05:30,ICICIBANK.NS,434.0,435.3500061035156,422.0,425.8999938964844,12184946
2019-07-09 05:30:00+05:30,ICICIBANK.NS,426.0,429.79998779296875,424.6499938964844,428.5,11679067
2019-07-10 05:30:00+05:30,ICICIBANK.NS,430.0,432.70001220703125,427.20001220703125,430.8999938964844,16494282
2019-07-11 05:30:00+05:30,ICICIBANK.NS,432.6499938964844,432.8999938964844,424.79998779296875,426.54998779296875,16535185
2019-07-12 05:30:00+05:30,ICICIBANK.NS,427.29998779296875,433.0,424.0,427.04998779296875,8824728
2019-07-15 05:30:00+05:30,ICICIBANK.NS,428.3999938964844,428.3999938964844,421.6000061035156,422.29998779296875,7825336
2019-07-16 05:30:00+05:30,ICICIBANK.NS,421.54998779296875,430.54998779296875,421.54998779296875,424.6000061035156,12149205
2019-07-17 05:30:00+05:30,ICICIBANK.NS,424.6000061035156,427.04998779296875,422.5,424.70001220703125,10961022
2019-07-18 05:30:00+05:30,ICICIBANK.NS,425.0,425.5,417.5,418.6499938964844,10651654
2019-07-19 05:30:00+05:30,ICICIBANK.NS,419.8999938964844,420.3500061035156,408.5,410.29998779296875,12260757
2019-07-22 05:30:00+05:30,ICICIBANK.NS,409.75,412.95001220703125,404.25,411.5,17937246
2019-07-23 05:30:00+05:30,ICICIBANK.NS,412.79998779296875,416.0,409.75,411.95001220703125,14207080
2019-07-24 05:30:00+05:30,ICICIBANK.NS,411.8500061035156,411.8500061035156,401.70001220703125,408.5,16505930
2019-07-25 05:30:00+05:30,ICICIBANK.NS,409.20001220703125,413.8500061035156,405.29998779296875,409.0,16852479
2019-07-26 05:30:00+05:30,ICICIBANK.NS,410.25,419.3999938964844,408.54998779296875,415.75,17493739
2019-07-29 05:30:00+05:30,ICICIBANK.NS,433.0,435.3500061035156,425.29998779296875,429.3500061035156,46754670
2019-07-30 05:30:00+05:30,ICICIBANK.NS,433.0,438.70001220703125,422.75,425.3500061035156,23617273
2019-07-31 05:30:00+05:30,ICICIBANK.NS,423.8999938964844,430.20001220703125,421.20001220703125,424.6000061035156,22329888
2019-08-01 05:30:00+05:30,ICICIBANK.NS,423.25,426.3500061035156,410.6499938964844,417.04998779296875,18269866
2019-08-02 05:30:00+05:30,ICICIBANK.NS,413.8999938964844,417.8500061035156,405.5,410.6000061035156,30939803
2019-08-05 05:30:00+05:30,ICICIBANK.NS,403.6499938964844,406.6499938964844,395.75,402.6499938964844,25033370
2019-08-06 05:30:00+05:30,ICICIBANK.NS,401.0,411.5,400.8999938964844,410.25,30665326
2019-08-07 05:30:00+05:30,ICICIBANK.NS,409.29998779296875,415.0,406.29998779296875,408.3999938964844,20977349
2019-08-08 05:30:00+05:30,ICICIBANK.NS,411.0,416.6000061035156,404.1499938964844,414.3999938964844,19046657
2019-08-09 05:30:00+05:30,ICICIBANK.NS,416.5,422.3999938964844,414.5,420.1499938964844,17664017
2019-08-13 05:30:00+05:30,ICICIBANK.NS,417.0,421.70001220703125,409.1499938964844,410.25,18389104
2019-08-14 05:30:00+05:30,ICICIBANK.NS,411.8999938964844,422.20001220703125,411.25,417.29998779296875,13307755
2019-08-16 05:30:00+05:30,ICICIBANK.NS,417.79998779296875,420.0,412.1000061035156,418.95001220703125,15154141
2019-08-19 05:30:00+05:30,ICICIBANK.NS,420.1000061035156,427.8999938964844,420.1000061035156,423.3999938964844,12304262
2019-08-20 05:30:00+05:30,ICICIBANK.NS,420.79998779296875,423.20001220703125,412.5,416.8999938964844,16181488
2019-08-21 05:30:00+05:30,ICICIBANK.NS,416.0,418.70001220703125,410.54998779296875,412.04998779296875,12868183
2019-08-22 05:30:00+05:30,ICICIBANK.NS,411.0,412.5,398.0,399.1000061035156,18182520
2019-08-23 05:30:00+05:30,ICICIBANK.NS,389.0,403.5,385.79998779296875,395.3999938964844,26883695
2019-08-26 05:30:00+05:30,ICICIBANK.NS,407.0,414.0,392.8500061035156,411.6499938964844,26701988
2019-08-27 05:30:00+05:30,ICICIBANK.NS,412.79998779296875,420.5,411.25,418.6000061035156,28793372
2019-08-28 05:30:00+05:30,ICICIBANK.NS,418.0,418.25,409.70001220703125,412.95001220703125,12154347
2019-08-29 05:30:00+05:30,ICICIBANK.NS,409.8999938964844,410.79998779296875,399.3500061035156,404.3999938964844,30331105
2019-08-30 05:30:00+05:30,ICICIBANK.NS,406.5,412.8500061035156,402.6499938964844,409.6499938964844,18314194
2019-09-03 05:30:00+05:30,ICICIBANK.NS,405.04998779296875,406.3999938964844,391.04998779296875,392.1499938964844,20194305
2019-09-04 05:30:00+05:30,ICICIBANK.NS,391.0,399.6499938964844,389.8999938964844,397.5,18614965
2019-09-05 05:30:00+05:30,ICICIBANK.NS,389.54998779296875,394.0,388.0,389.0,25022673
2019-09-06 05:30:00+05:30,ICICIBANK.NS,391.0,394.5,389.20001220703125,391.3500061035156,17564286
2019-09-09 05:30:00+05:30,ICICIBANK.NS,393.0,400.3999938964844,389.1000061035156,395.45001220703125,18651819
2019-09-11 05:30:00+05:30,ICICIBANK.NS,394.8999938964844,399.0,393.3500061035156,394.6000061035156,17463978
2019-09-12 05:30:00+05:30,ICICIBANK.NS,399.6499938964844,407.20001220703125,399.6499938964844,402.70001220703125,19577114
2019-09-13 05:30:00+05:30,ICICIBANK.NS,406.79998779296875,414.8999938964844,400.6499938964844,413.3999938964844,17775449
2019-09-16 05:30:00+05:30,ICICIBANK.NS,408.5,415.6499938964844,406.75,412.1499938964844,17629622
2019-09-17 05:30:00+05:30,ICICIBANK.NS,405.8500061035156,411.8999938964844,398.29998779296875,400.6499938964844,20793363
2019-09-18 05:30:00+05:30,ICICIBANK.NS,405.45001220703125,405.45001220703125,396.5,399.3500061035156,18477377
2019-09-19 05:30:00+05:30,ICICIBANK.NS,395.70001220703125,395.70001220703125,384.3500061035156,386.6000061035156,22647508
2019-09-20 05:30:00+05:30,ICICIBANK.NS,389.0,424.0,386.6499938964844,417.5,75217723
2019-09-23 05:30:00+05:30,ICICIBANK.NS,435.79998779296875,450.0,428.45001220703125,446.29998779296875,57490445
2019-09-24 05:30:00+05:30,ICICIBANK.NS,441.5,448.6499938964844,433.3500061035156,440.8999938964844,26639931
2019-09-25 05:30:00+05:30,ICICIBANK.NS,439.1000061035156,440.95001220703125,429.6000061035156,434.20001220703125,19987241
2019-09-26 05:30:00+05:30,ICICIBANK.NS,439.0,458.6499938964844,438.54998779296875,451.95001220703125,40909369
2019-09-27 05:30:00+05:30,ICICIBANK.NS,449.5,451.8500061035156,443.29998779296875,449.20001220703125,19432963
2019-09-30 05:30:00+05:30,ICICIBANK.NS,443.29998779296875,445.1499938964844,431.0,433.70001220703125,27524660
2019-10-01 05:30:00+05:30,ICICIBANK.NS,436.95001220703125,443.20001220703125,416.70001220703125,424.6000061035156,30623906
2019-10-03 05:30:00+05:30,ICICIBANK.NS,424.0,434.6000061035156,422.29998779296875,427.29998779296875,23275379
2019-10-04 05:30:00+05:30,ICICIBANK.NS,428.5,429.29998779296875,412.04998779296875,413.8999938964844,17952697
2019-10-07 05:30:00+05:30,ICICIBANK.NS,415.1000061035156,423.5,411.5,416.1000061035156,21933703
2019-10-09 05:30:00+05:30,ICICIBANK.NS,420.25,438.3999938964844,417.1000061035156,436.70001220703125,34533981
2019-10-10 05:30:00+05:30,ICICIBANK.NS,430.0,431.5,420.5,423.70001220703125,19074005
2019-10-11 05:30:00+05:30,ICICIBANK.NS,427.95001220703125,433.25,422.1000061035156,428.54998779296875,18004922
2019-10-14 05:30:00+05:30,ICICIBANK.NS,430.0,436.3999938964844,426.0,428.8500061035156,17211042
2019-10-15 05:30:00+05:30,ICICIBANK.NS,430.0,435.45001220703125,428.20001220703125,431.8500061035156,14971985
2019-10-16 05:30:00+05:30,ICICIBANK.NS,434.5,439.5,431.1499938964844,435.29998779296875,17833051
2019-10-17 05:30:00+05:30,ICICIBANK.NS,436.0,443.3500061035156,433.70001220703125,440.6000061035156,12452421
2019-10-18 05:30:00+05:30,ICICIBANK.NS,437.70001220703125,443.70001220703125,435.25,437.79998779296875,15988455
2019-10-22 05:30:00+05:30,ICICIBANK.NS,440.5,458.70001220703125,437.54998779296875,451.1499938964844,34966169
2019-10-23 05:30:00+05:30,ICICIBANK.NS,452.0,459.0,448.20001220703125,455.1000061035156,25196183
2019-10-24 05:30:00+05:30,ICICIBANK.NS,457.3999938964844,459.0,451.0,454.75,23542540
2019-10-25 05:30:00+05:30,ICICIBANK.NS,457.70001220703125,470.6499938964844,454.3999938964844,469.1000061035156,34397573
2019-10-27 05:30:00+05:30,ICICIBANK.NS,471.0,473.5,465.0,469.54998779296875,8206762
2019-10-29 05:30:00+05:30,ICICIBANK.NS,470.20001220703125,482.0,466.8500061035156,477.3999938964844,33686172
2019-10-30 05:30:00+05:30,ICICIBANK.NS,479.0,479.0,470.0,471.1499938964844,22396012
2019-10-31 05:30:00+05:30,ICICIBANK.NS,475.0,476.75,461.29998779296875,463.04998779296875,21198377
2019-11-01 05:30:00+05:30,ICICIBANK.NS,466.6499938964844,466.95001220703125,460.5,462.25,13522994
2019-11-04 05:30:00+05:30,ICICIBANK.NS,463.0,472.29998779296875,463.0,470.5,16254715
2019-11-05 05:30:00+05:30,ICICIBANK.NS,472.1000061035156,474.0,466.8999938964844,468.3500061035156,14952189
2019-11-06 05:30:00+05:30,ICICIBANK.NS,467.1499938964844,483.8999938964844,464.75,480.70001220703125,24922680
2019-11-07 05:30:00+05:30,ICICIBANK.NS,483.0,483.0,475.6499938964844,478.54998779296875,18312032
2019-11-08 05:30:00+05:30,ICICIBANK.NS,480.75,496.0,480.29998779296875,489.45001220703125,52207121
2019-11-11 05:30:00+05:30,ICICIBANK.NS,488.0,499.0,484.6000061035156,496.79998779296875,24766065
2019-11-13 05:30:00+05:30,ICICIBANK.NS,496.79998779296875,497.5,483.29998779296875,485.75,24272664
2019-11-14 05:30:00+05:30,ICICIBANK.NS,489.75,499.8500061035156,483.75,498.6499938964844,35396276
2019-11-15 05:30:00+05:30,ICICIBANK.NS,497.8500061035156,509.70001220703125,496.0,499.8500061035156,42074833
2019-11-18 05:30:00+05:30,ICICIBANK.NS,498.75,504.45001220703125,496.6499938964844,498.3500061035156,22910109
2019-11-19 05:30:00+05:30,ICICIBANK.NS,497.95001220703125,502.0,489.8500061035156,493.5,27939336
2019-11-20 05:30:00+05:30,ICICIBANK.NS,495.20001220703125,498.0,492.5,495.0,22606112
2019-11-21 05:30:00+05:30,ICICIBANK.NS,498.1000061035156,503.79998779296875,491.25,498.25,25745594
2019-11-22 05:30:00+05:30,ICICIBANK.NS,501.1000061035156,501.75,492.1499938964844,496.79998779296875,18462401
2019-11-25 05:30:00+05:30,ICICIBANK.NS,492.0,500.0,491.54998779296875,497.79998779296875,25692878
2019-11-26 05:30:00+05:30,ICICIBANK.NS,501.79998779296875,517.5499877929688,501.0,510.70001220703125,286857658
2019-11-27 05:30:00+05:30,ICICIBANK.NS,513.9000244140625,515.8499755859375,504.29998779296875,505.5,29866539
2019-11-28 05:30:00+05:30,ICICIBANK.NS,509.54998779296875,520.0,508.0,519.1500244140625,35706498
2019-11-29 05:30:00+05:30,ICICIBANK.NS,516.0,516.5,510.29998779296875,512.5999755859375,13324549
2019-12-02 05:30:00+05:30,ICICIBANK.NS,513.4500122070312,514.0,507.25,510.8999938964844,10130049
2019-12-03 05:30:00+05:30,ICICIBANK.NS,509.75,511.25,504.6499938964844,509.3500061035156,12795657
2019-12-04 05:30:00+05:30,ICICIBANK.NS,510.0,531.3499755859375,509.29998779296875,529.25,30992538
2019-12-05 05:30:00+05:30,ICICIBANK.NS,532.5499877929688,537.5,526.0499877929688,528.0999755859375,32354118
2019-12-06 05:30:00+05:30,ICICIBANK.NS,530.0499877929688,533.5,521.6500244140625,524.7999877929688,24868376
2019-12-09 05:30:00+05:30,ICICIBANK.NS,524.0499877929688,529.2999877929688,522.2000122070312,526.5,12980877
2019-12-10 05:30:00+05:30,ICICIBANK.NS,526.0499877929688,530.25,524.7000122070312,528.7000122070312,12021443
2019-12-11 05:30:00+05:30,ICICIBANK.NS,530.5999755859375,535.2000122070312,527.2000122070312,533.5499877929688,13768156
2019-12-12 05:30:00+05:30,ICICIBANK.NS,534.8499755859375,537.0999755859375,529.7999877929688,535.3499755859375,12385216
2019-12-13 05:30:00+05:30,ICICIBANK.NS,537.9000244140625,542.7999877929688,535.7000122070312,537.0499877929688,17884861
2019-12-16 05:30:00+05:30,ICICIBANK.NS,539.5,541.4000244140625,536.7000122070312,539.25,13070575
2019-12-17 05:30:00+05:30,ICICIBANK.NS,540.9500122070312,543.0,538.75,541.1500244140625,11516163
2019-12-18 05:30:00+05:30,ICICIBANK.NS,542.0499877929688,542.9000244140625,535.9500122070312,541.4000244140625,12906168
2019-12-19 05:30:00+05:30,ICICIBANK.NS,537.2000122070312,541.2000122070312,533.7000122070312,540.2000122070312,12082790
2019-12-20 05:30:00+05:30,ICICIBANK.NS,540.9500122070312,549.5,539.25,546.0999755859375,27691592
2019-12-23 05:30:00+05:30,ICICIBANK.NS,547.0,548.8499755859375,537.5999755859375,541.2999877929688,11521942
2019-12-24 05:30:00+05:30,ICICIBANK.NS,542.0,543.9500122070312,539.2999877929688,541.0999755859375,6715007
2019-12-26 05:30:00+05:30,ICICIBANK.NS,541.0999755859375,542.4000244140625,537.6500244140625,538.75,7831074
2019-12-27 05:30:00+05:30,ICICIBANK.NS,541.0,550.5,538.3499755859375,549.4000244140625,11247684
2019-12-30 05:30:00+05:30,ICICIBANK.NS,549.5999755859375,552.2000122070312,542.5999755859375,543.9500122070312,13180302
2019-12-31 05:30:00+05:30,ICICIBANK.NS,543.7999877929688,543.7999877929688,538.0,538.9000244140625,12491978
2020-01-01 05:30:00+05:30,ICICIBANK.NS,539.9000244140625,542.5,535.7000122070312,536.75,7642793
2020-01-02 05:30:00+05:30,ICICIBANK.NS,536.0,541.9000244140625,535.8499755859375,540.5999755859375,10264223
2020-01-03 05:30:00+05:30,ICICIBANK.NS,538.0,540.7999877929688,536.25,538.8499755859375,9594690
2020-01-06 05:30:00+05:30,ICICIBANK.NS,537.25,537.25,523.7999877929688,525.7000122070312,12534334
2020-01-07 05:30:00+05:30,ICICIBANK.NS,531.2999877929688,535.5999755859375,521.6500244140625,522.9000244140625,16101835
2020-01-08 05:30:00+05:30,ICICIBANK.NS,516.0,527.3499755859375,515.0,525.9500122070312,16094310
2020-01-09 05:30:00+05:30,ICICIBANK.NS,530.7000122070312,547.4000244140625,530.2999877929688,546.2999877929688,18934019
2020-01-10 05:30:00+05:30,ICICIBANK.NS,544.9000244140625,546.5,538.5,540.25,12335407
2020-01-13 05:30:00+05:30,ICICIBANK.NS,539.4000244140625,546.0499877929688,538.0,538.5999755859375,7901800
2020-01-14 05:30:00+05:30,ICICIBANK.NS,536.2000122070312,538.9500122070312,534.1500244140625,537.5999755859375,13939440
2020-01-15 05:30:00+05:30,ICICIBANK.NS,535.0999755859375,536.9500122070312,530.6500244140625,535.5999755859375,12353176
2020-01-16 05:30:00+05:30,ICICIBANK.NS,533.9000244140625,540.0,533.2000122070312,537.1500244140625,11249232
2020-01-17 05:30:00+05:30,ICICIBANK.NS,534.5,538.0,530.5999755859375,532.0499877929688,18312609
2020-01-20 05:30:00+05:30,ICICIBANK.NS,533.0,544.0,531.0,534.8499755859375,19159996
2020-01-21 05:30:00+05:30,ICICIBANK.NS,532.9500122070312,540.25,530.2000122070312,531.0499877929688,13477994
2020-01-22 05:30:00+05:30,ICICIBANK.NS,531.5,534.9500122070312,520.75,522.8499755859375,17527408
2020-01-23 05:30:00+05:30,ICICIBANK.NS,521.4000244140625,530.25,517.0499877929688,527.7000122070312,17061293
2020-01-24 05:30:00+05:30,ICICIBANK.NS,529.25,537.4000244140625,527.0,533.8499755859375,17851868
2020-01-27 05:30:00+05:30,ICICIBANK.NS,538.5,545.0,531.5,537.25,38149166
2020-01-28 05:30:00+05:30,ICICIBANK.NS,538.0999755859375,540.5999755859375,524.4500122070312,528.2000122070312,24009224
2020-01-29 05:30:00+05:30,ICICIBANK.NS,531.5499877929688,534.7999877929688,525.2999877929688,526.5999755859375,16400827
2020-01-30 05:30:00+05:30,ICICIBANK.NS,527.6500244140625,533.9500122070312,524.1500244140625,532.2000122070312,14319317
2020-01-31 05:30:00+05:30,ICICIBANK.NS,530.0,532.75,522.4000244140625,525.6500244140625,16292578
2020-02-03 05:30:00+05:30,ICICIBANK.NS,504.0,519.1500244140625,502.0,515.5499877929688,22531888
2020-02-04 05:30:00+05:30,ICICIBANK.NS,520.0,534.6500244140625,516.6500244140625,530.7999877929688,17781475
2020-02-05 05:30:00+05:30,ICICIBANK.NS,529.0499877929688,540.4000244140625,525.7000122070312,539.0999755859375,18782476
2020-02-06 05:30:00+05:30,ICICIBANK.NS,540.3499755859375,547.0,536.25,541.5999755859375,15296851
2020-02-07 05:30:00+05:30,ICICIBANK.NS,540.9500122070312,541.75,535.1500244140625,536.4500122070312,8297149
2020-02-10 05:30:00+05:30,ICICIBANK.NS,538.6500244140625,542.25,530.5,533.9500122070312,12536053
2020-02-11 05:30:00+05:30,ICICIBANK.NS,537.7000122070312,544.7999877929688,537.5,539.75,11243552
2020-02-12 05:30:00+05:30,ICICIBANK.NS,545.7999877929688,550.7000122070312,542.7000122070312,549.2999877929688,14026335
2020-02-13 05:30:00+05:30,ICICIBANK.NS,549.0,549.0,538.0,541.0,9227235
2020-02-14 05:30:00+05:30,ICICIBANK.NS,541.25,548.6500244140625,536.5499877929688,545.7999877929688,14458649
2020-02-17 05:30:00+05:30,ICICIBANK.NS,543.0,545.3499755859375,537.75,541.5999755859375,7793293
2020-02-18 05:30:00+05:30,ICICIBANK.NS,541.0,544.4000244140625,536.0,541.2000122070312,15918303
2020-02-19 05:30:00+05:30,ICICIBANK.NS,543.5,546.5,540.5,544.7999877929688,8704234
2020-02-20 05:30:00+05:30,ICICIBANK.NS,545.5,549.3499755859375,541.7999877929688,547.0,13588526
2020-02-24 05:30:00+05:30,ICICIBANK.NS,539.5,541.8499755859375,527.5499877929688,529.8499755859375,16940750
2020-02-25 05:30:00+05:30,ICICIBANK.NS,532.4500122070312,538.7999877929688,525.2999877929688,530.9500122070312,14942960
2020-02-26 05:30:00+05:30,ICICIBANK.NS,526.8499755859375,529.3499755859375,522.2000122070312,523.7000122070312,15743918
2020-02-27 05:30:00+05:30,ICICIBANK.NS,522.7999877929688,523.2999877929688,512.6500244140625,515.3499755859375,26315054
2020-02-28 05:30:00+05:30,ICICIBANK.NS,501.6000061035156,506.8500061035156,492.20001220703125,497.25,32737933
2020-03-02 05:30:00+05:30,ICICIBANK.NS,508.25,520.5499877929688,498.45001220703125,506.1000061035156,28642076
2020-03-03 05:30:00+05:30,ICICIBANK.NS,509.8500061035156,519.5,508.5,514.75,19661945
2020-03-04 05:30:00+05:30,ICICIBANK.NS,517.5,517.5,497.04998779296875,508.3500061035156,21883404
2020-03-05 05:30:00+05:30,ICICIBANK.NS,509.75,511.1499938964844,500.0,504.5,16671516
2020-03-06 05:30:00+05:30,ICICIBANK.NS,485.0,496.79998779296875,477.29998779296875,486.3500061035156,31024353
2020-03-09 05:30:00+05:30,ICICIBANK.NS,475.0,475.0,442.95001220703125,457.75,42027175
2020-03-11 05:30:00+05:30,ICICIBANK.NS,450.0,471.75,449.6000061035156,465.6499938964844,31018779
2020-03-12 05:30:00+05:30,ICICIBANK.NS,438.0,445.95001220703125,416.0,425.6499938964844,50757033
2020-03-13 05:30:00+05:30,ICICIBANK.NS,401.0,464.75,395.20001220703125,447.20001220703125,67104335
2020-03-16 05:30:00+05:30,ICICIBANK.NS,424.20001220703125,424.20001220703125,397.45001220703125,402.8999938964844,34833637
2020-03-17 05:30:00+05:30,ICICIBANK.NS,407.0,408.45001220703125,364.0,367.25,47232699
2020-03-18 05:30:00+05:30,ICICIBANK.NS,369.1000061035156,375.5,342.29998779296875,355.04998779296875,61202289
2020-03-19 05:30:00+05:30,ICICIBANK.NS,336.1000061035156,369.6000061035156,323.0,338.54998779296875,57985870
2020-03-20 05:30:00+05:30,ICICIBANK.NS,328.0,359.79998779296875,323.0,345.70001220703125,88640642
2020-03-23 05:30:00+05:30,ICICIBANK.NS,311.1499938964844,313.70001220703125,280.0,284.0,56867949
2020-03-24 05:30:00+05:30,ICICIBANK.NS,295.29998779296875,305.0,268.29998779296875,296.5,67895418
2020-03-25 05:30:00+05:30,ICICIBANK.NS,284.0,334.1499938964844,281.6000061035156,316.8999938964844,66544138
2020-03-26 05:30:00+05:30,ICICIBANK.NS,322.0,364.3999938964844,314.25,330.25,76173940
2020-03-27 05:30:00+05:30,ICICIBANK.NS,355.79998779296875,359.54998779296875,326.0,339.8500061035156,72889985
2020-03-30 05:30:00+05:30,ICICIBANK.NS,330.1000061035156,333.8999938964844,311.1000061035156,313.3999938964844,36559880
2020-03-31 05:30:00+05:30,ICICIBANK.NS,324.70001220703125,334.8500061035156,316.0,323.75,46279768
2020-04-01 05:30:00+05:30,ICICIBANK.NS,319.0,323.75,308.1000061035156,311.1499938964844,33141186
2020-04-03 05:30:00+05:30,ICICIBANK.NS,309.5,309.5,281.5,286.6499938964844,57326314
2020-04-07 05:30:00+05:30,ICICIBANK.NS,308.29998779296875,329.6000061035156,296.8500061035156,326.1000061035156,57661076
2020-04-08 05:30:00+05:30,ICICIBANK.NS,322.8500061035156,352.75,315.1000061035156,318.95001220703125,73931321
2020-04-09 05:30:00+05:30,ICICIBANK.NS,332.3999938964844,345.0,322.6499938964844,342.70001220703125,52431174
2020-04-13 05:30:00+05:30,ICICIBANK.NS,341.04998779296875,345.79998779296875,329.25,330.6499938964844,30994190
2020-04-15 05:30:00+05:30,ICICIBANK.NS,342.70001220703125,351.8999938964844,325.0,327.3500061035156,49132329
2020-04-16 05:30:00+05:30,ICICIBANK.NS,325.29998779296875,347.79998779296875,319.3500061035156,342.0,56494027
2020-04-17 05:30:00+05:30,ICICIBANK.NS,362.0,385.5,349.04998779296875,375.54998779296875,69006835
2020-04-20 05:30:00+05:30,ICICIBANK.NS,376.0,378.8999938964844,357.0,361.29998779296875,55810736
2020-04-21 05:30:00+05:30,ICICIBANK.NS,341.0,346.20001220703125,328.0,331.8500061035156,50118175
2020-04-22 05:30:00+05:30,ICICIBANK.NS,326.0,338.0,323.04998779296875,335.95001220703125,49115085
2020-04-23 05:30:00+05:30,ICICIBANK.NS,340.25,354.79998779296875,338.0,352.95001220703125,45953398
2020-04-24 05:30:00+05:30,ICICIBANK.NS,337.8999938964844,343.25,331.5,334.8500061035156,38513206
2020-04-27 05:30:00+05:30,ICICIBANK.NS,339.29998779296875,352.8999938964844,338.0,347.8999938964844,38980019
2020-04-28 05:30:00+05:30,ICICIBANK.NS,353.75,362.8500061035156,350.25,359.8500061035156,32933194
2020-04-29 05:30:00+05:30,ICICIBANK.NS,353.0,376.5,351.6499938964844,370.45001220703125,39341745
2020-04-30 05:30:00+05:30,ICICIBANK.NS,382.0,392.95001220703125,374.1499938964844,380.1499938964844,45734705
2020-05-04 05:30:00+05:30,ICICIBANK.NS,359.0,359.0,336.0,338.04998779296875,38837299
2020-05-05 05:30:00+05:30,ICICIBANK.NS,348.0,348.0,329.54998779296875,330.8500061035156,45069968
2020-05-06 05:30:00+05:30,ICICIBANK.NS,331.5,345.54998779296875,325.25,341.3999938964844,49952812
2020-05-07 05:30:00+05:30,ICICIBANK.NS,337.0,342.8999938964844,333.70001220703125,336.75,27656346
2020-05-08 05:30:00+05:30,ICICIBANK.NS,344.0,352.5,333.70001220703125,337.70001220703125,42968091
2020-05-11 05:30:00+05:30,ICICIBANK.NS,341.0,343.54998779296875,318.20001220703125,320.1499938964844,83665601
2020-05-12 05:30:00+05:30,ICICIBANK.NS,318.29998779296875,324.3999938964844,308.0,321.20001220703125,69072308
2020-05-13 05:30:00+05:30,ICICIBANK.NS,343.5,348.3999938964844,332.29998779296875,338.04998779296875,72816461
2020-05-14 05:30:00+05:30,ICICIBANK.NS,330.0,334.5,325.6499938964844,327.3999938964844,33999095
2020-05-15 05:30:00+05:30,ICICIBANK.NS,329.29998779296875,330.54998779296875,318.79998779296875,322.70001220703125,31828868
2020-05-18 05:30:00+05:30,ICICIBANK.NS,320.0,320.5,293.25,298.5,74034133
2020-05-19 05:30:00+05:30,ICICIBANK.NS,307.04998779296875,311.5,297.1000061035156,300.29998779296875,61827491
2020-05-20 05:30:00+05:30,ICICIBANK.NS,299.0,308.25,297.5,305.6499938964844,42238419
2020-05-21 05:30:00+05:30,ICICIBANK.NS,306.0,312.79998779296875,302.0,304.3999938964844,43075357
2020-05-22 05:30:00+05:30,ICICIBANK.NS,301.0,307.70001220703125,285.54998779296875,291.04998779296875,80358245
2020-05-26 05:30:00+05:30,ICICIBANK.NS,296.04998779296875,297.8999938964844,290.0,292.70001220703125,46681705
2020-05-27 05:30:00+05:30,ICICIBANK.NS,296.1000061035156,321.95001220703125,294.8500061035156,318.8500061035156,80541990
2020-05-28 05:30:00+05:30,ICICIBANK.NS,322.25,329.75,320.75,326.8500061035156,66136408
2020-05-29 05:30:00+05:30,ICICIBANK.NS,322.8999938964844,334.29998779296875,320.0,331.95001220703125,60487477
2020-06-01 05:30:00+05:30,ICICIBANK.NS,339.0,348.0,336.20001220703125,339.25,44024770
2020-06-02 05:30:00+05:30,ICICIBANK.NS,337.0,350.0,332.5,348.3999938964844,47558213
2020-06-03 05:30:00+05:30,ICICIBANK.NS,357.8999938964844,373.0,353.79998779296875,356.8500061035156,69689299
2020-06-04 05:30:00+05:30,ICICIBANK.NS,357.0,363.0,345.5,347.8500061035156,57061575
2020-06-05 05:30:00+05:30,ICICIBANK.NS,350.0,360.0,347.0,357.20001220703125,37251097
2020-06-08 05:30:00+05:30,ICICIBANK.NS,366.54998779296875,373.75,353.1499938964844,359.79998779296875,46827341
2020-06-09 05:30:00+05:30,ICICIBANK.NS,360.04998779296875,369.3500061035156,345.25,348.54998779296875,47621969
2020-06-10 05:30:00+05:30,ICICIBANK.NS,348.54998779296875,356.8500061035156,345.29998779296875,353.0,36292403
2020-06-11 05:30:00+05:30,ICICIBANK.NS,352.45001220703125,354.20001220703125,340.1000061035156,341.25,36999490
2020-06-12 05:30:00+05:30,ICICIBANK.NS,324.20001220703125,346.1499938964844,324.1000061035156,344.20001220703125,47509067
2020-06-15 05:30:00+05:30,ICICIBANK.NS,341.20001220703125,342.25,325.5,331.1000061035156,43500660
2020-06-16 05:30:00+05:30,ICICIBANK.NS,342.25,347.8999938964844,326.04998779296875,342.95001220703125,57511237
2020-06-17 05:30:00+05:30,ICICIBANK.NS,338.6000061035156,351.0,336.1000061035156,341.95001220703125,37107002
2020-06-18 05:30:00+05:30,ICICIBANK.NS,340.0,354.70001220703125,337.20001220703125,352.0,39285919
2020-06-19 05:30:00+05:30,ICICIBANK.NS,351.0,365.45001220703125,349.20001220703125,363.79998779296875,51367236
2020-06-22 05:30:00+05:30,ICICIBANK.NS,367.0,375.25,365.1499938964844,367.54998779296875,40133602
2020-06-23 05:30:00+05:30,ICICIBANK.NS,369.0,378.29998779296875,364.20001220703125,376.1499938964844,32493320
2020-06-24 05:30:00+05:30,ICICIBANK.NS,380.0,380.0,345.0,348.1000061035156,57955780
2020-06-25 05:30:00+05:30,ICICIBANK.NS,345.8999938964844,355.6000061035156,338.5,351.0,69902888
2020-06-26 05:30:00+05:30,ICICIBANK.NS,355.6000061035156,358.5,346.1000061035156,349.1000061035156,34596104
2020-06-29 05:30:00+05:30,ICICIBANK.NS,345.25,345.6000061035156,338.5,343.1000061035156,27384244
2020-06-30 05:30:00+05:30,ICICIBANK.NS,347.0,354.45001220703125,346.29998779296875,351.45001220703125,47526095
2020-07-01 05:30:00+05:30,ICICIBANK.NS,354.25,365.75,351.6000061035156,364.04998779296875,36922617
2020-07-02 05:30:00+05:30,ICICIBANK.NS,366.0,370.8999938964844,361.3500061035156,362.8500061035156,50964311
2020-07-03 05:30:00+05:30,ICICIBANK.NS,364.6499938964844,367.1499938964844,359.79998779296875,361.0,28779044
2020-07-06 05:30:00+05:30,ICICIBANK.NS,367.8500061035156,367.8500061035156,360.5,361.8500061035156,33334074
2020-07-07 05:30:00+05:30,ICICIBANK.NS,363.0,378.0,362.1000061035156,376.04998779296875,46030825
2020-07-08 05:30:00+05:30,ICICIBANK.NS,377.8999938964844,379.0,367.54998779296875,368.95001220703125,46315597
2020-07-09 05:30:00+05:30,ICICIBANK.NS,373.45001220703125,376.0,365.29998779296875,370.3500061035156,35144463
2020-07-10 05:30:00+05:30,ICICIBANK.NS,364.8999938964844,368.20001220703125,359.0,360.3500061035156,27864858
2020-07-13 05:30:00+05:30,ICICIBANK.NS,364.1000061035156,367.0,352.5,353.6000061035156,32379935
2020-07-14 05:30:00+05:30,ICICIBANK.NS,351.5,352.45001220703125,340.6000061035156,345.54998779296875,34031256
2020-07-15 05:30:00+05:30,ICICIBANK.NS,349.5,356.79998779296875,343.75,345.79998779296875,30442553
2020-07-16 05:30:00+05:30,ICICIBANK.NS,347.95001220703125,348.6000061035156,341.0,344.6499938964844,35535437
2020-07-17 05:30:00+05:30,ICICIBANK.NS,346.0,356.0,345.45001220703125,353.79998779296875,27511781
2020-07-20 05:30:00+05:30,ICICIBANK.NS,358.0,366.3500061035156,355.25,363.0,36312529
2020-07-21 05:30:00+05:30,ICICIBANK.NS,371.0,379.8999938964844,370.04998779296875,378.79998779296875,45559912
2020-07-22 05:30:00+05:30,ICICIBANK.NS,386.8999938964844,389.5,375.29998779296875,381.1000061035156,45500191
2020-07-23 05:30:00+05:30,ICICIBANK.NS,382.54998779296875,395.6499938964844,378.8500061035156,392.25,37838027
2020-07-24 05:30:00+05:30,ICICIBANK.NS,388.29998779296875,388.70001220703125,372.1499938964844,381.79998779296875,52980980
2020-07-27 05:30:00+05:30,ICICIBANK.NS,385.0,385.79998779296875,356.6000061035156,358.5,73275058
2020-07-28 05:30:00+05:30,ICICIBANK.NS,361.1000061035156,362.75,343.20001220703125,352.1000061035156,125939354
2020-07-29 05:30:00+05:30,ICICIBANK.NS,353.20001220703125,357.6499938964844,348.20001220703125,351.04998779296875,50194622
2020-07-30 05:30:00+05:30,ICICIBANK.NS,353.3999938964844,354.6000061035156,340.3999938964844,344.95001220703125,40820253
2020-07-31 05:30:00+05:30,ICICIBANK.NS,346.45001220703125,353.0,342.04998779296875,346.79998779296875,37345191
2020-08-03 05:30:00+05:30,ICICIBANK.NS,346.79998779296875,349.3500061035156,340.5,343.25,32119883
2020-08-04 05:30:00+05:30,ICICIBANK.NS,347.0,353.20001220703125,344.20001220703125,351.0,30811518
2020-08-05 05:30:00+05:30,ICICIBANK.NS,353.3999938964844,360.0,350.75,352.20001220703125,37057881
2020-08-06 05:30:00+05:30,ICICIBANK.NS,353.45001220703125,363.75,348.6000061035156,358.75,48021824
2020-08-07 05:30:00+05:30,ICICIBANK.NS,359.45001220703125,359.6499938964844,353.1499938964844,357.95001220703125,28510964
2020-08-10 05:30:00+05:30,ICICIBANK.NS,359.5,364.95001220703125,357.3500061035156,363.54998779296875,22856010
2020-08-11 05:30:00+05:30,ICICIBANK.NS,370.0,374.29998779296875,364.04998779296875,367.3500061035156,45446107
2020-08-12 05:30:00+05:30,ICICIBANK.NS,365.75,368.75,363.75,366.8500061035156,25706005
2020-08-13 05:30:00+05:30,ICICIBANK.NS,368.95001220703125,372.3500061035156,366.25,368.04998779296875,26257336
2020-08-14 05:30:00+05:30,ICICIBANK.NS,371.79998779296875,371.79998779296875,354.20001220703125,361.3999938964844,28893259
2020-08-17 05:30:00+05:30,ICICIBANK.NS,366.0,366.3500061035156,354.3500061035156,360.20001220703125,24232497
2020-08-18 05:30:00+05:30,ICICIBANK.NS,361.8999938964844,370.0,361.6000061035156,369.54998779296875,26517363
2020-08-19 05:30:00+05:30,ICICIBANK.NS,374.0,375.8500061035156,370.3999938964844,374.45001220703125,35790233
2020-08-20 05:30:00+05:30,ICICIBANK.NS,367.0,369.6499938964844,362.6000061035156,367.75,68444775
2020-08-21 05:30:00+05:30,ICICIBANK.NS,370.0,373.0,367.04998779296875,371.1499938964844,34109928
2020-08-24 05:30:00+05:30,ICICIBANK.NS,374.8500061035156,381.20001220703125,373.8500061035156,380.3500061035156,32907235
2020-08-25 05:30:00+05:30,ICICIBANK.NS,382.5,389.79998779296875,381.3999938964844,386.3500061035156,53072303
2020-08-26 05:30:00+05:30,ICICIBANK.NS,388.20001220703125,391.6499938964844,384.20001220703125,389.3500061035156,37163882
2020-08-27 05:30:00+05:30,ICICIBANK.NS,389.95001220703125,397.45001220703125,387.6000061035156,392.20001220703125,36910405
2020-08-28 05:30:00+05:30,ICICIBANK.NS,393.8999938964844,411.8999938964844,392.8999938964844,409.70001220703125,83472297
2020-08-31 05:30:00+05:30,ICICIBANK.NS,414.8500061035156,422.0,387.5,394.6000061035156,72744175
2020-09-01 05:30:00+05:30,ICICIBANK.NS,394.70001220703125,399.6499938964844,385.29998779296875,390.95001220703125,34872793
2020-09-02 05:30:00+05:30,ICICIBANK.NS,387.25,394.0,381.1000061035156,392.3999938964844,31295799
2020-09-03 05:30:00+05:30,ICICIBANK.NS,392.3999938964844,392.54998779296875,381.04998779296875,382.75,26135555
2020-09-04 05:30:00+05:30,ICICIBANK.NS,375.0,379.95001220703125,368.3500061035156,372.54998779296875,33118984
2020-09-07 05:30:00+05:30,ICICIBANK.NS,374.1000061035156,376.8500061035156,369.0,373.3999938964844,22323904
2020-09-08 05:30:00+05:30,ICICIBANK.NS,372.3999938964844,381.29998779296875,369.1499938964844,375.70001220703125,32052920
2020-09-09 05:30:00+05:30,ICICIBANK.NS,370.79998779296875,372.3999938964844,361.8999938964844,367.6000061035156,25285238
2020-09-10 05:30:00+05:30,ICICIBANK.NS,371.70001220703125,375.0,365.45001220703125,370.70001220703125,24852274
2020-09-11 05:30:00+05:30,ICICIBANK.NS,373.0,373.6499938964844,365.1000061035156,370.5,22678353
2020-09-14 05:30:00+05:30,ICICIBANK.NS,373.5,373.8500061035156,359.3500061035156,363.70001220703125,27140598
2020-09-15 05:30:00+05:30,ICICIBANK.NS,364.04998779296875,372.25,363.70001220703125,371.54998779296875,24967618
2020-09-16 05:30:00+05:30,ICICIBANK.NS,371.3500061035156,376.70001220703125,365.0,374.70001220703125,22068622
2020-09-17 05:30:00+05:30,ICICIBANK.NS,370.0,371.75,367.3999938964844,369.0,24084936
2020-09-18 05:30:00+05:30,ICICIBANK.NS,370.0,374.6499938964844,364.54998779296875,369.54998779296875,78166508
2020-09-21 05:30:00+05:30,ICICIBANK.NS,366.6499938964844,367.3999938964844,348.5,350.70001220703125,28932482
2020-09-22 05:30:00+05:30,ICICIBANK.NS,354.0,356.1499938964844,349.5,354.3999938964844,28593292
2020-09-23 05:30:00+05:30,ICICIBANK.NS,356.6000061035156,357.1000061035156,342.45001220703125,351.8500061035156,22740143
2020-09-24 05:30:00+05:30,ICICIBANK.NS,344.95001220703125,346.95001220703125,333.75,335.70001220703125,25840472
2020-09-25 05:30:00+05:30,ICICIBANK.NS,339.04998779296875,350.5,336.6000061035156,348.6499938964844,23231600
2020-09-28 05:30:00+05:30,ICICIBANK.NS,351.5,363.95001220703125,349.1000061035156,363.0,18495592
2020-09-29 05:30:00+05:30,ICICIBANK.NS,363.75,363.75,354.25,357.04998779296875,17080848
2020-09-30 05:30:00+05:30,ICICIBANK.NS,356.95001220703125,357.5,349.3500061035156,354.75,19565058
2020-10-01 05:30:00+05:30,ICICIBANK.NS,358.25,371.20001220703125,358.25,369.20001220703125,23237122
2020-10-05 05:30:00+05:30,ICICIBANK.NS,370.75,382.6499938964844,370.75,373.1000061035156,26530105
2020-10-06 05:30:00+05:30,ICICIBANK.NS,377.1000061035156,381.79998779296875,375.1000061035156,380.6000061035156,18093629
2020-10-07 05:30:00+05:30,ICICIBANK.NS,379.29998779296875,384.3500061035156,374.1000061035156,382.6499938964844,21845743
2020-10-08 05:30:00+05:30,ICICIBANK.NS,385.0,389.70001220703125,382.6499938964844,387.5,21085500
2020-10-09 05:30:00+05:30,ICICIBANK.NS,390.70001220703125,403.5,386.8999938964844,401.5,41641237
2020-10-12 05:30:00+05:30,ICICIBANK.NS,403.45001220703125,410.0,400.70001220703125,404.04998779296875,25742564
2020-10-13 05:30:00+05:30,ICICIBANK.NS,401.0,401.0,393.5,396.25,19922778
2020-10-14 05:30:00+05:30,ICICIBANK.NS,394.3500061035156,409.25,389.0,406.79998779296875,23368177
2020-10-15 05:30:00+05:30,ICICIBANK.NS,406.8999938964844,409.8999938964844,389.1499938964844,391.0,34234586
2020-10-16 05:30:00+05:30,ICICIBANK.NS,394.0,401.29998779296875,390.5,396.1000061035156,25339096
2020-10-19 05:30:00+05:30,ICICIBANK.NS,402.04998779296875,418.75,401.1499938964844,417.1000061035156,41072871
2020-10-20 05:30:00+05:30,ICICIBANK.NS,413.5,416.8999938964844,411.0,414.6000061035156,26158669
2020-10-21 05:30:00+05:30,ICICIBANK.NS,416.0,428.5,410.29998779296875,420.29998779296875,43124966
2020-10-22 05:30:00+05:30,ICICIBANK.NS,416.3999938964844,419.6499938964844,407.6499938964844,412.8999938964844,33088074
2020-10-23 05:30:00+05:30,ICICIBANK.NS,417.0,420.5,411.75,416.95001220703125,22151463
2020-10-26 05:30:00+05:30,ICICIBANK.NS,418.04998779296875,419.1499938964844,401.45001220703125,404.45001220703125,21712057
2020-10-27 05:30:00+05:30,ICICIBANK.NS,406.3500061035156,412.3999938964844,393.25,409.95001220703125,33571163
2020-10-28 05:30:00+05:30,ICICIBANK.NS,409.8999938964844,409.8999938964844,394.79998779296875,396.04998779296875,28145103
2020-10-29 05:30:00+05:30,ICICIBANK.NS,392.25,402.8999938964844,389.6499938964844,399.8999938964844,32615425
2020-10-30 05:30:00+05:30,ICICIBANK.NS,399.3999938964844,402.70001220703125,388.04998779296875,392.6000061035156,27225165
2020-11-02 05:30:00+05:30,ICICIBANK.NS,417.0,422.79998779296875,407.0,417.45001220703125,72698777
2020-11-03 05:30:00+05:30,ICICIBANK.NS,425.0,446.8999938964844,424.20001220703125,443.8500061035156,61813071
2020-11-04 05:30:00+05:30,ICICIBANK.NS,437.29998779296875,442.0,425.29998779296875,437.04998779296875,43426662
2020-11-05 05:30:00+05:30,ICICIBANK.NS,445.0,446.25,435.6000061035156,438.5,30129938
2020-11-06 05:30:00+05:30,ICICIBANK.NS,439.8500061035156,444.8999938964844,436.20001220703125,442.79998779296875,27831424
2020-11-09 05:30:00+05:30,ICICIBANK.NS,450.0,464.6000061035156,449.0,462.70001220703125,40995422
2020-11-10 05:30:00+05:30,ICICIBANK.NS,485.79998779296875,487.04998779296875,473.0,483.8500061035156,57535138
2020-11-11 05:30:00+05:30,ICICIBANK.NS,484.75,490.54998779296875,472.1000061035156,486.54998779296875,45609279
2020-11-12 05:30:00+05:30,ICICIBANK.NS,481.6000061035156,483.54998779296875,471.3500061035156,476.70001220703125,31071572
2020-11-13 05:30:00+05:30,ICICIBANK.NS,472.70001220703125,487.1000061035156,467.54998779296875,485.54998779296875,34815091
2020-11-14 05:30:00+05:30,ICICIBANK.NS,489.8500061035156,489.8500061035156,484.6499938964844,486.8999938964844,3636073
2020-11-17 05:30:00+05:30,ICICIBANK.NS,490.5,493.0,478.1499938964844,486.3999938964844,36127378
2020-11-18 05:30:00+05:30,ICICIBANK.NS,488.0,499.0,486.25,497.6499938964844,29156543
2020-11-19 05:30:00+05:30,ICICIBANK.NS,490.0,493.3500061035156,475.79998779296875,478.75,31896908
2020-11-20 05:30:00+05:30,ICICIBANK.NS,479.5,483.45001220703125,468.1000061035156,480.20001220703125,30089190
2020-11-23 05:30:00+05:30,ICICIBANK.NS,481.79998779296875,483.3500061035156,466.5,468.25,29513544
2020-11-24 05:30:00+05:30,ICICIBANK.NS,474.0,480.0,471.20001220703125,478.20001220703125,23135994
2020-11-25 05:30:00+05:30,ICICIBANK.NS,485.0,489.95001220703125,471.1000061035156,472.70001220703125,34168305
2020-11-26 05:30:00+05:30,ICICIBANK.NS,475.1000061035156,477.20001220703125,465.79998779296875,475.29998779296875,28707911
2020-11-27 05:30:00+05:30,ICICIBANK.NS,476.3999938964844,479.54998779296875,471.29998779296875,473.3500061035156,48390771
2020-12-01 05:30:00+05:30,ICICIBANK.NS,479.70001220703125,488.5,474.29998779296875,485.1000061035156,20120049
2020-12-02 05:30:00+05:30,ICICIBANK.NS,486.3500061035156,487.0,472.20001220703125,480.45001220703125,21244707
2020-12-03 05:30:00+05:30,ICICIBANK.NS,482.1000061035156,485.0,478.8500061035156,481.8500061035156,22701738
2020-12-04 05:30:00+05:30,ICICIBANK.NS,483.70001220703125,504.0,483.0,502.04998779296875,39547014
2020-12-07 05:30:00+05:30,ICICIBANK.NS,505.0,515.5999755859375,504.1499938964844,510.45001220703125,37778332
2020-12-08 05:30:00+05:30,ICICIBANK.NS,511.5,512.0,505.3999938964844,508.3999938964844,19339943
2020-12-09 05:30:00+05:30,ICICIBANK.NS,510.0,515.0,506.04998779296875,511.5,21272782
2020-12-10 05:30:00+05:30,ICICIBANK.NS,508.1000061035156,514.4000244140625,498.75,506.95001220703125,20419020
2020-12-11 05:30:00+05:30,ICICIBANK.NS,509.25,516.9000244140625,506.1000061035156,515.4500122070312,25335765
2020-12-14 05:30:00+05:30,ICICIBANK.NS,518.0999755859375,527.7999877929688,518.0999755859375,525.7999877929688,26369591
2020-12-15 05:30:00+05:30,ICICIBANK.NS,524.0,524.25,513.0999755859375,518.0499877929688,26969145
2020-12-16 05:30:00+05:30,ICICIBANK.NS,520.0499877929688,521.7000122070312,511.1000061035156,512.4500122070312,24263586
2020-12-17 05:30:00+05:30,ICICIBANK.NS,514.0,516.5,509.1000061035156,510.3999938964844,23883288
2020-12-18 05:30:00+05:30,ICICIBANK.NS,514.0,518.25,509.1499938964844,517.1500244140625,21735833
2020-12-21 05:30:00+05:30,ICICIBANK.NS,514.5999755859375,514.7000122070312,488.20001220703125,494.5,29157759
2020-12-22 05:30:00+05:30,ICICIBANK.NS,497.29998779296875,501.79998779296875,489.1000061035156,500.29998779296875,32328041
2020-12-23 05:30:00+05:30,ICICIBANK.NS,499.0,505.5,496.54998779296875,503.6000061035156,19205951
2020-12-24 05:30:00+05:30,ICICIBANK.NS,506.75,515.9500122070312,505.1000061035156,513.5499877929688,17576807
2020-12-28 05:30:00+05:30,ICICIBANK.NS,515.9000244140625,521.2000122070312,513.5999755859375,520.0999755859375,14470472
2020-12-29 05:30:00+05:30,ICICIBANK.NS,522.5499877929688,530.7999877929688,517.8499755859375,528.7999877929688,19092649
2020-12-30 05:30:00+05:30,ICICIBANK.NS,531.6500244140625,533.0,524.5499877929688,528.75,21365141
2020-12-31 05:30:00+05:30,ICICIBANK.NS,530.0999755859375,538.5,526.5,535.0499877929688,27817770
2021-01-01 05:30:00+05:30,ICICIBANK.NS,535.5499877929688,537.0,526.0999755859375,527.5,13592625
2021-01-04 05:30:00+05:30,ICICIBANK.NS,532.2999877929688,535.0,524.2999877929688,531.7000122070312,16549750
2021-01-05 05:30:00+05:30,ICICIBANK.NS,526.6500244140625,539.9500122070312,523.0,537.25,23311516
2021-01-06 05:30:00+05:30,ICICIBANK.NS,538.75,550.5999755859375,535.8499755859375,546.7000122070312,28178838
2021-01-07 05:30:00+05:30,ICICIBANK.NS,552.1500244140625,554.4000244140625,539.75,541.0999755859375,21138034
2021-01-08 05:30:00+05:30,ICICIBANK.NS,547.0,547.0999755859375,536.3499755859375,542.0499877929688,21937965
2021-01-11 05:30:00+05:30,ICICIBANK.NS,545.1500244140625,546.0,535.0,544.7000122070312,19394393
2021-01-12 05:30:00+05:30,ICICIBANK.NS,541.0,550.6500244140625,537.0999755859375,548.0,16388310
2021-01-13 05:30:00+05:30,ICICIBANK.NS,551.5,561.0,548.25,556.5,21920297
2021-01-14 05:30:00+05:30,ICICIBANK.NS,554.0499877929688,558.4500122070312,550.5999755859375,553.2999877929688,13330898
2021-01-15 05:30:00+05:30,ICICIBANK.NS,550.0,551.0,541.5,543.0,15708956
2021-01-18 05:30:00+05:30,ICICIBANK.NS,544.5,548.4000244140625,528.9000244140625,533.1500244140625,21580313
2021-01-19 05:30:00+05:30,ICICIBANK.NS,539.0,547.75,533.9000244140625,546.4500122070312,20575358
2021-01-20 05:30:00+05:30,ICICIBANK.NS,546.4500122070312,554.5999755859375,546.0,551.0,16097138
2021-01-21 05:30:00+05:30,ICICIBANK.NS,555.0,561.0,549.7000122070312,552.7000122070312,18189277
2021-01-22 05:30:00+05:30,ICICIBANK.NS,553.0999755859375,553.5,530.5999755859375,533.7999877929688,24515997
2021-01-25 05:30:00+05:30,ICICIBANK.NS,536.5499877929688,542.2999877929688,531.2000122070312,538.0499877929688,23415249
2021-01-27 05:30:00+05:30,ICICIBANK.NS,537.7999877929688,539.2000122070312,519.0999755859375,522.3499755859375,28049286
2021-01-28 05:30:00+05:30,ICICIBANK.NS,514.5999755859375,529.8499755859375,512.0,528.25,29836591
2021-01-29 05:30:00+05:30,ICICIBANK.NS,533.3499755859375,544.9500122070312,529.4500122070312,537.0,33172808
2021-02-01 05:30:00+05:30,ICICIBANK.NS,552.0,609.4500122070312,551.0,603.7999877929688,69354326
2021-02-02 05:30:00+05:30,ICICIBANK.NS,613.0,624.0,598.7000122070312,617.3499755859375,42362384
2021-02-03 05:30:00+05:30,ICICIBANK.NS,623.4000244140625,627.5,614.0,622.3499755859375,27155908
2021-02-04 05:30:00+05:30,ICICIBANK.NS,618.7999877929688,631.6500244140625,609.0,628.2999877929688,29982222
2021-02-05 05:30:00+05:30,ICICIBANK.NS,628.2999877929688,635.2999877929688,611.0,614.1500244140625,32015570
2021-02-08 05:30:00+05:30,ICICIBANK.NS,622.3499755859375,633.9500122070312,622.3499755859375,629.5999755859375,18230551
2021-02-09 05:30:00+05:30,ICICIBANK.NS,631.3499755859375,643.2000122070312,628.5999755859375,633.3499755859375,27155615
2021-02-10 05:30:00+05:30,ICICIBANK.NS,633.3499755859375,638.2000122070312,626.4000244140625,632.1500244140625,23967387
2021-02-11 05:30:00+05:30,ICICIBANK.NS,626.75,633.5999755859375,624.0999755859375,630.6500244140625,16072702
2021-02-12 05:30:00+05:30,ICICIBANK.NS,629.9000244140625,649.9000244140625,629.4000244140625,647.5999755859375,19049709
2021-02-15 05:30:00+05:30,ICICIBANK.NS,655.0,676.7999877929688,652.0,673.9500122070312,27155194
2021-02-16 05:30:00+05:30,ICICIBANK.NS,673.4000244140625,679.4000244140625,649.5499877929688,658.3499755859375,24966739
2021-02-17 05:30:00+05:30,ICICIBANK.NS,654.7999877929688,664.9500122070312,649.3499755859375,657.3499755859375,21684753
2021-02-18 05:30:00+05:30,ICICIBANK.NS,650.0,652.4000244140625,637.5999755859375,644.6500244140625,27845347
2021-02-19 05:30:00+05:30,ICICIBANK.NS,635.5,635.5,619.0,624.0499877929688,24055811
2021-02-22 05:30:00+05:30,ICICIBANK.NS,622.0,629.2999877929688,607.2999877929688,609.8499755859375,27092321
2021-02-23 05:30:00+05:30,ICICIBANK.NS,614.75,623.0499877929688,609.0499877929688,616.2999877929688,23534585
2021-02-24 05:30:00+05:30,ICICIBANK.NS,615.0999755859375,645.0,615.0999755859375,641.0999755859375,17762047
2021-02-25 05:30:00+05:30,ICICIBANK.NS,642.7000122070312,648.4000244140625,626.2999877929688,628.0,38571809
2021-02-26 05:30:00+05:30,ICICIBANK.NS,615.0,615.0,590.9000244140625,597.75,57349273
2021-03-01 05:30:00+05:30,ICICIBANK.NS,607.5499877929688,611.8499755859375,600.2000122070312,608.3499755859375,21527318
2021-03-02 05:30:00+05:30,ICICIBANK.NS,610.0,616.5,599.0,610.5,24051433
2021-03-03 05:30:00+05:30,ICICIBANK.NS,618.0,633.75,613.8499755859375,632.0999755859375,21036174
2021-03-04 05:30:00+05:30,ICICIBANK.NS,618.75,630.9000244140625,615.7999877929688,620.75,25057198
2021-03-05 05:30:00+05:30,ICICIBANK.NS,613.2000122070312,614.7000122070312,601.5,609.4500122070312,26645968
2021-03-08 05:30:00+05:30,ICICIBANK.NS,611.5999755859375,616.0,601.1500244140625,608.0499877929688,19632433
2021-03-09 05:30:00+05:30,ICICIBANK.NS,614.8499755859375,628.3499755859375,612.2999877929688,625.0999755859375,23056249
2021-03-10 05:30:00+05:30,ICICIBANK.NS,628.75,630.5,621.7999877929688,625.5999755859375,15838994
2021-03-12 05:30:00+05:30,ICICIBANK.NS,631.4500122070312,638.0,608.3499755859375,612.8499755859375,21757862
2021-03-15 05:30:00+05:30,ICICIBANK.NS,611.9000244140625,612.8499755859375,590.5999755859375,603.5,24347946
2021-03-16 05:30:00+05:30,ICICIBANK.NS,606.8499755859375,607.0,593.6500244140625,594.9500122070312,17925629
2021-03-17 05:30:00+05:30,ICICIBANK.NS,597.5499877929688,603.6500244140625,587.0,589.5,20214082
2021-03-18 05:30:00+05:30,ICICIBANK.NS,594.75,601.4000244140625,575.5,578.5999755859375,22776537
2021-03-19 05:30:00+05:30,ICICIBANK.NS,575.2000122070312,588.9000244140625,570.0,586.6500244140625,29162618
2021-03-22 05:30:00+05:30,ICICIBANK.NS,586.8499755859375,586.8499755859375,569.5,573.4500122070312,21755401
2021-03-23 05:30:00+05:30,ICICIBANK.NS,576.0,589.25,574.2999877929688,586.4000244140625,29486417
2021-03-24 05:30:00+05:30,ICICIBANK.NS,580.0,580.5499877929688,565.0,567.5,24434219
2021-03-25 05:30:00+05:30,ICICIBANK.NS,568.0999755859375,579.0,557.0999755859375,571.5499877929688,27170186
2021-03-26 05:30:00+05:30,ICICIBANK.NS,584.5,584.5,574.2999877929688,578.5499877929688,20724410
2021-03-30 05:30:00+05:30,ICICIBANK.NS,582.0,593.0999755859375,582.0,591.4500122070312,28011943
2021-03-31 05:30:00+05:30,ICICIBANK.NS,586.0,589.6500244140625,579.0,582.0999755859375,20119972
2021-04-01 05:30:00+05:30,ICICIBANK.NS,587.5499877929688,596.0999755859375,580.2000122070312,594.4000244140625,15631940
2021-04-05 05:30:00+05:30,ICICIBANK.NS,592.0,592.0,563.5,571.25,23260127
2021-04-06 05:30:00+05:30,ICICIBANK.NS,574.7000122070312,578.5,564.4000244140625,565.9000244140625,23284697
2021-04-07 05:30:00+05:30,ICICIBANK.NS,566.5499877929688,580.0,559.4000244140625,577.6500244140625,23984399
2021-04-08 05:30:00+05:30,ICICIBANK.NS,582.0,585.8499755859375,573.2999877929688,576.7000122070312,19262565
2021-04-09 05:30:00+05:30,ICICIBANK.NS,573.9500122070312,579.0,565.0,566.2000122070312,23239564
2021-04-12 05:30:00+05:30,ICICIBANK.NS,551.4000244140625,551.9500122070312,531.1500244140625,538.5499877929688,26601702
2021-04-13 05:30:00+05:30,ICICIBANK.NS,541.0,563.7999877929688,537.8499755859375,560.5999755859375,25445897
2021-04-15 05:30:00+05:30,ICICIBANK.NS,565.9500122070312,576.75,554.1500244140625,575.2000122070312,37614884
2021-04-16 05:30:00+05:30,ICICIBANK.NS,574.5999755859375,577.75,564.0999755859375,566.9500122070312,24045008
2021-04-19 05:30:00+05:30,ICICIBANK.NS,550.0,562.2999877929688,534.4000244140625,559.75,28526176
2021-04-20 05:30:00+05:30,ICICIBANK.NS,565.2000122070312,572.6500244140625,552.5999755859375,559.0999755859375,24425842
2021-04-22 05:30:00+05:30,ICICIBANK.NS,552.0,580.5999755859375,546.9000244140625,579.2000122070312,34942633
2021-04-23 05:30:00+05:30,ICICIBANK.NS,569.9000244140625,580.5,567.0499877929688,569.9500122070312,33749097
2021-04-26 05:30:00+05:30,ICICIBANK.NS,602.0,605.5,588.0,591.0999755859375,62584522
2021-04-27 05:30:00+05:30,ICICIBANK.NS,593.25,601.9500122070312,591.0999755859375,598.75,24239685
2021-04-28 05:30:00+05:30,ICICIBANK.NS,598.0,622.7999877929688,598.0,621.3499755859375,33292864
2021-04-29 05:30:00+05:30,ICICIBANK.NS,622.5499877929688,628.4500122070312,609.0,621.4500122070312,34537860
2021-04-30 05:30:00+05:30,ICICIBANK.NS,610.0999755859375,616.3499755859375,598.0999755859375,600.5,23653258
2021-05-03 05:30:00+05:30,ICICIBANK.NS,592.5499877929688,598.8499755859375,587.5,596.75,18010557
2021-05-04 05:30:00+05:30,ICICIBANK.NS,596.6500244140625,608.0,589.0,591.5499877929688,15115127
2021-05-05 05:30:00+05:30,ICICIBANK.NS,595.2999877929688,604.7999877929688,584.7000122070312,602.7999877929688,17253943
2021-05-06 05:30:00+05:30,ICICIBANK.NS,602.7999877929688,610.8499755859375,599.25,608.2000122070312,16949763
2021-05-07 05:30:00+05:30,ICICIBANK.NS,612.0,614.7999877929688,603.7000122070312,607.0999755859375,10941083
2021-05-10 05:30:00+05:30,ICICIBANK.NS,611.0,617.0,611.0,613.25,12060808
2021-05-11 05:30:00+05:30,ICICIBANK.NS,606.4000244140625,612.9000244140625,603.25,609.8499755859375,13818480
2021-05-12 05:30:00+05:30,ICICIBANK.NS,603.2000122070312,606.6500244140625,593.2000122070312,594.75,14785569
2021-05-14 05:30:00+05:30,ICICIBANK.NS,592.0,601.9500122070312,591.0999755859375,597.2999877929688,12675754
2021-05-17 05:30:00+05:30,ICICIBANK.NS,603.25,624.5,601.2000122070312,623.5999755859375,20453101
2021-05-18 05:30:00+05:30,ICICIBANK.NS,628.0,635.5,626.0,633.2000122070312,19242627
2021-05-19 05:30:00+05:30,ICICIBANK.NS,627.0999755859375,634.0,623.3499755859375,625.4500122070312,13911576
2021-05-20 05:30:00+05:30,ICICIBANK.NS,628.0499877929688,632.9000244140625,616.6500244140625,618.5999755859375,13900762
2021-05-21 05:30:00+05:30,ICICIBANK.NS,622.2999877929688,643.9500122070312,622.2999877929688,642.4500122070312,23975898
2021-05-24 05:30:00+05:30,ICICIBANK.NS,643.25,653.4500122070312,638.0,647.3499755859375,20323003
2021-05-25 05:30:00+05:30,ICICIBANK.NS,650.0999755859375,652.0,642.5,650.2999877929688,14884778
2021-05-26 05:30:00+05:30,ICICIBANK.NS,649.3499755859375,656.6500244140625,643.2999877929688,652.5,14487031
2021-05-27 05:30:00+05:30,ICICIBANK.NS,651.0999755859375,656.5,648.0999755859375,652.25,23349546
2021-05-28 05:30:00+05:30,ICICIBANK.NS,658.0499877929688,660.0,639.25,643.0499877929688,14191446
2021-05-31 05:30:00+05:30,ICICIBANK.NS,643.75,665.0,643.75,662.75,21786138
2021-06-01 05:30:00+05:30,ICICIBANK.NS,664.5499877929688,664.9000244140625,648.3499755859375,650.0999755859375,14123196
2021-06-02 05:30:00+05:30,ICICIBANK.NS,648.5,649.3499755859375,641.0999755859375,648.3499755859375,16025108
2021-06-03 05:30:00+05:30,ICICIBANK.NS,653.4500122070312,653.6500244140625,644.75,650.25,11805702
2021-06-04 05:30:00+05:30,ICICIBANK.NS,653.0,654.9000244140625,639.4000244140625,642.7000122070312,15111572
2021-06-07 05:30:00+05:30,ICICIBANK.NS,645.2000122070312,650.0,644.25,648.2000122070312,7556341
2021-06-08 05:30:00+05:30,ICICIBANK.NS,648.0,648.0,637.4000244140625,642.4000244140625,11912935
2021-06-09 05:30:00+05:30,ICICIBANK.NS,644.4000244140625,645.5999755859375,628.7999877929688,636.0999755859375,15823094
2021-06-10 05:30:00+05:30,ICICIBANK.NS,635.4500122070312,642.4000244140625,631.0,640.4000244140625,10712418
2021-06-11 05:30:00+05:30,ICICIBANK.NS,644.0,644.5499877929688,631.5,635.7000122070312,9015059
2021-06-14 05:30:00+05:30,ICICIBANK.NS,635.7000122070312,636.0999755859375,623.3499755859375,635.1500244140625,10170497
2021-06-15 05:30:00+05:30,ICICIBANK.NS,636.3499755859375,646.2000122070312,636.0,645.2999877929688,11039987
2021-06-16 05:30:00+05:30,ICICIBANK.NS,644.9000244140625,649.2000122070312,637.5999755859375,640.0999755859375,8601339
2021-06-17 05:30:00+05:30,ICICIBANK.NS,633.0499877929688,637.5499877929688,626.7000122070312,633.0,9720060
2021-06-18 05:30:00+05:30,ICICIBANK.NS,632.5999755859375,636.5999755859375,620.7000122070312,630.4000244140625,13820690
2021-06-21 05:30:00+05:30,ICICIBANK.NS,622.8499755859375,633.0999755859375,616.25,631.25,13407446
2021-06-22 05:30:00+05:30,ICICIBANK.NS,635.0,644.0999755859375,629.5499877929688,630.8499755859375,15270093
2021-06-23 05:30:00+05:30,ICICIBANK.NS,633.75,635.0,623.4500122070312,624.7000122070312,10950633
2021-06-24 05:30:00+05:30,ICICIBANK.NS,627.0,636.2999877929688,624.4500122070312,634.0499877929688,12815724
2021-06-25 05:30:00+05:30,ICICIBANK.NS,636.0999755859375,650.0,636.0999755859375,649.0,14785922
2021-06-28 05:30:00+05:30,ICICIBANK.NS,651.0,653.0,646.1500244140625,650.2999877929688,12093491
2021-06-29 05:30:00+05:30,ICICIBANK.NS,646.2999877929688,648.75,636.4500122070312,640.0999755859375,12225470
2021-06-30 05:30:00+05:30,ICICIBANK.NS,638.2999877929688,640.7999877929688,629.7999877929688,630.9000244140625,14276494
2021-07-01 05:30:00+05:30,ICICIBANK.NS,633.9500122070312,637.4000244140625,630.0499877929688,630.8499755859375,10517081
2021-07-02 05:30:00+05:30,ICICIBANK.NS,632.25,641.3499755859375,632.25,640.25,10999396
2021-07-05 05:30:00+05:30,ICICIBANK.NS,642.75,648.5,641.2000122070312,647.8499755859375,7358568
2021-07-06 05:30:00+05:30,ICICIBANK.NS,645.2000122070312,655.0,645.2000122070312,650.2999877929688,9209891
2021-07-07 05:30:00+05:30,ICICIBANK.NS,650.9000244140625,654.75,645.9000244140625,654.0,7741559
2021-07-08 05:30:00+05:30,ICICIBANK.NS,650.5,654.0,638.0999755859375,641.9000244140625,10782941
2021-07-09 05:30:00+05:30,ICICIBANK.NS,639.5,641.1500244140625,633.7999877929688,638.5499877929688,7069698
2021-07-12 05:30:00+05:30,ICICIBANK.NS,646.0,650.25,642.4000244140625,646.25,6992783
2021-07-13 05:30:00+05:30,ICICIBANK.NS,655.1500244140625,666.3499755859375,653.0,664.9500122070312,19825411
2021-07-14 05:30:00+05:30,ICICIBANK.NS,662.0,668.0,658.2000122070312,664.3499755859375,11648541
2021-07-15 05:30:00+05:30,ICICIBANK.NS,665.0999755859375,669.5999755859375,661.0999755859375,667.4500122070312,8244429
2021-07-16 05:30:00+05:30,ICICIBANK.NS,667.4500122070312,667.75,657.7000122070312,660.2999877929688,9212875
2021-07-19 05:30:00+05:30,ICICIBANK.NS,645.6500244140625,656.9000244140625,645.5499877929688,655.9000244140625,9121737
2021-07-20 05:30:00+05:30,ICICIBANK.NS,648.6500244140625,651.25,639.0999755859375,641.9000244140625,13169127
2021-07-22 05:30:00+05:30,ICICIBANK.NS,652.5,660.2999877929688,648.2999877929688,655.9500122070312,13123569
2021-07-23 05:30:00+05:30,ICICIBANK.NS,655.9500122070312,677.8499755859375,650.75,676.6500244140625,19298083
2021-07-26 05:30:00+05:30,ICICIBANK.NS,680.0,687.75,663.5999755859375,676.75,31054759
2021-07-27 05:30:00+05:30,ICICIBANK.NS,680.1500244140625,685.5999755859375,673.2999877929688,677.4500122070312,12598869
2021-07-28 05:30:00+05:30,ICICIBANK.NS,677.9000244140625,687.0,670.0499877929688,685.0499877929688,18367497
2021-07-29 05:30:00+05:30,ICICIBANK.NS,692.5,692.5,683.0999755859375,687.5,11043138
2021-07-30 05:30:00+05:30,ICICIBANK.NS,687.0,687.6500244140625,678.0,682.5,14536250
2021-08-02 05:30:00+05:30,ICICIBANK.NS,684.0499877929688,688.0499877929688,677.7000122070312,681.4000244140625,9348206
2021-08-03 05:30:00+05:30,ICICIBANK.NS,683.0,691.9000244140625,676.6500244140625,690.4000244140625,10162609
2021-08-04 05:30:00+05:30,ICICIBANK.NS,694.0,717.4000244140625,693.2000122070312,714.6500244140625,28730606
2021-08-05 05:30:00+05:30,ICICIBANK.NS,715.5,716.5,699.0499877929688,702.4500122070312,17774554
2021-08-06 05:30:00+05:30,ICICIBANK.NS,705.0499877929688,706.0,695.7000122070312,697.6500244140625,14701949
2021-08-09 05:30:00+05:30,ICICIBANK.NS,697.4000244140625,706.2999877929688,694.3499755859375,702.8499755859375,8602980
2021-08-10 05:30:00+05:30,ICICIBANK.NS,704.0999755859375,708.2999877929688,697.2999877929688,700.9000244140625,10843554
2021-08-11 05:30:00+05:30,ICICIBANK.NS,706.25,707.1500244140625,690.0,693.5499877929688,9748084
2021-08-12 05:30:00+05:30,ICICIBANK.NS,693.5,702.9500122070312,693.2999877929688,701.3499755859375,8840339
2021-08-13 05:30:00+05:30,ICICIBANK.NS,707.0499877929688,709.9000244140625,701.0,704.7999877929688,12787590
2021-08-16 05:30:00+05:30,ICICIBANK.NS,702.4000244140625,707.4000244140625,698.6500244140625,702.6500244140625,7920846
2021-08-17 05:30:00+05:30,ICICIBANK.NS,699.7999877929688,702.9000244140625,691.5,701.2000122070312,8669653
2021-08-18 05:30:00+05:30,ICICIBANK.NS,700.8499755859375,700.8499755859375,683.5999755859375,688.2999877929688,11069373
2021-08-20 05:30:00+05:30,ICICIBANK.NS,683.8499755859375,684.4000244140625,675.3499755859375,680.7000122070312,13121808
2021-08-23 05:30:00+05:30,ICICIBANK.NS,689.9500122070312,689.9500122070312,673.8499755859375,682.7000122070312,10917371
2021-08-24 05:30:00+05:30,ICICIBANK.NS,683.25,697.25,680.4000244140625,694.4500122070312,9821388
2021-08-25 05:30:00+05:30,ICICIBANK.NS,699.9500122070312,700.4500122070312,687.1500244140625,691.0499877929688,9535359
2021-08-26 05:30:00+05:30,ICICIBANK.NS,692.0499877929688,701.5499877929688,690.0,698.7999877929688,10756731
2021-08-27 05:30:00+05:30,ICICIBANK.NS,696.0999755859375,700.4500122070312,689.0499877929688,699.75,9135827
2021-08-30 05:30:00+05:30,ICICIBANK.NS,704.5,715.0,700.9000244140625,713.6500244140625,10797869
2021-08-31 05:30:00+05:30,ICICIBANK.NS,714.0,719.9000244140625,709.3499755859375,719.0499877929688,19760246
2021-09-01 05:30:00+05:30,ICICIBANK.NS,727.5999755859375,734.7999877929688,717.2000122070312,719.9000244140625,13729351
2021-09-02 05:30:00+05:30,ICICIBANK.NS,722.2999877929688,728.0499877929688,717.5,725.1500244140625,8627956
2021-09-03 05:30:00+05:30,ICICIBANK.NS,724.75,731.7999877929688,721.0999755859375,724.2999877929688,8993813
2021-09-06 05:30:00+05:30,ICICIBANK.NS,725.4000244140625,728.0,720.0,721.1500244140625,5329995
2021-09-07 05:30:00+05:30,ICICIBANK.NS,720.9000244140625,722.4500122070312,711.6500244140625,716.9000244140625,6242711
2021-09-08 05:30:00+05:30,ICICIBANK.NS,716.5,722.75,715.0,720.9500122070312,7118011
2021-09-09 05:30:00+05:30,ICICIBANK.NS,720.7999877929688,723.9000244140625,717.5999755859375,720.25,6243422
2021-09-13 05:30:00+05:30,ICICIBANK.NS,717.9000244140625,717.9000244140625,705.2000122070312,707.4000244140625,6967906
2021-09-14 05:30:00+05:30,ICICIBANK.NS,713.25,714.0,706.5,707.4500122070312,5241865
2021-09-15 05:30:00+05:30,ICICIBANK.NS,707.0999755859375,716.0,706.2999877929688,714.3499755859375,5936741
2021-09-16 05:30:00+05:30,ICICIBANK.NS,720.0,729.4000244140625,712.8499755859375,727.2000122070312,13557169
2021-09-17 05:30:00+05:30,ICICIBANK.NS,732.9000244140625,734.4000244140625,714.0,720.1500244140625,17075003
2021-09-20 05:30:00+05:30,ICICIBANK.NS,710.0,720.4000244140625,706.5,710.0,7943459
2021-09-21 05:30:00+05:30,ICICIBANK.NS,711.1500244140625,714.5,694.4000244140625,711.8499755859375,10009615
2021-09-22 05:30:00+05:30,ICICIBANK.NS,715.0,715.0,702.25,703.3499755859375,9740470
2021-09-23 05:30:00+05:30,ICICIBANK.NS,711.0,720.0,707.1500244140625,717.0,10412491
2021-09-24 05:30:00+05:30,ICICIBANK.NS,722.5999755859375,724.5999755859375,716.5499877929688,722.9500122070312,11780868
2021-09-27 05:30:00+05:30,ICICIBANK.NS,724.5,731.75,722.2999877929688,730.0,7712240
2021-09-28 05:30:00+05:30,ICICIBANK.NS,734.0999755859375,735.4000244140625,706.5999755859375,717.1500244140625,13491800
2021-09-29 05:30:00+05:30,ICICIBANK.NS,707.3499755859375,711.9500122070312,701.2999877929688,709.5,11453404
2021-09-30 05:30:00+05:30,ICICIBANK.NS,709.5999755859375,713.9000244140625,698.7999877929688,700.8499755859375,18487517
2021-10-01 05:30:00+05:30,ICICIBANK.NS,693.0,694.8499755859375,687.9000244140625,692.3499755859375,10935810
2021-10-04 05:30:00+05:30,ICICIBANK.NS,697.0499877929688,703.3499755859375,694.0499877929688,700.2000122070312,8976533
2021-10-05 05:30:00+05:30,ICICIBANK.NS,693.0,699.0,691.8499755859375,697.0999755859375,7497208
2021-10-06 05:30:00+05:30,ICICIBANK.NS,696.5999755859375,705.0,688.3499755859375,689.5,13200810
2021-10-07 05:30:00+05:30,ICICIBANK.NS,697.5499877929688,704.9500122070312,693.4500122070312,702.2000122070312,10041549
2021-10-08 05:30:00+05:30,ICICIBANK.NS,706.0,710.0,698.2999877929688,703.4000244140625,9383924
2021-10-11 05:30:00+05:30,ICICIBANK.NS,702.0,719.4000244140625,700.2999877929688,713.2999877929688,9337637
2021-10-12 05:30:00+05:30,ICICIBANK.NS,706.5,713.0,704.4000244140625,708.5999755859375,7376091
2021-10-13 05:30:00+05:30,ICICIBANK.NS,713.8499755859375,715.9000244140625,707.9500122070312,709.9500122070312,6357766
2021-10-14 05:30:00+05:30,ICICIBANK.NS,710.25,729.7999877929688,709.0499877929688,727.2999877929688,8950350
2021-10-18 05:30:00+05:30,ICICIBANK.NS,739.0,748.9000244140625,732.0499877929688,745.4500122070312,15345601
2021-10-19 05:30:00+05:30,ICICIBANK.NS,755.0,755.0,738.75,747.4500122070312,11349799
2021-10-20 05:30:00+05:30,ICICIBANK.NS,746.75,757.4500122070312,741.9000244140625,745.8499755859375,12762996
2021-10-21 05:30:00+05:30,ICICIBANK.NS,748.9000244140625,759.8499755859375,737.4000244140625,755.5,12166996
2021-10-22 05:30:00+05:30,ICICIBANK.NS,758.5,765.8499755859375,753.3499755859375,759.2999877929688,13248928
2021-10-25 05:30:00+05:30,ICICIBANK.NS,800.0,867.0,798.4000244140625,841.7000122070312,96124084
2021-10-26 05:30:00+05:30,ICICIBANK.NS,828.7000122070312,841.7000122070312,822.3499755859375,829.4000244140625,16925115
2021-10-27 05:30:00+05:30,ICICIBANK.NS,828.75,849.0,824.2000122070312,835.0,22898400
2021-10-28 05:30:00+05:30,ICICIBANK.NS,830.0999755859375,831.9500122070312,796.25,798.7000122070312,18750423
2021-10-29 05:30:00+05:30,ICICIBANK.NS,798.0,808.75,783.9000244140625,802.0499877929688,15701200
2021-11-01 05:30:00+05:30,ICICIBANK.NS,807.7000122070312,809.7000122070312,793.0,803.9000244140625,11406421
2021-11-02 05:30:00+05:30,ICICIBANK.NS,809.0,810.0,798.0,800.9500122070312,9452457
2021-11-03 05:30:00+05:30,ICICIBANK.NS,806.0,806.0,780.4500122070312,785.9500122070312,11839149
2021-11-04 05:30:00+05:30,ICICIBANK.NS,788.5,789.0,779.0,782.0999755859375,3149310
2021-11-08 05:30:00+05:30,ICICIBANK.NS,793.0,793.0,773.1500244140625,780.1500244140625,13967995
2021-11-09 05:30:00+05:30,ICICIBANK.NS,784.0,788.5999755859375,779.2000122070312,786.5499877929688,10084357
2021-11-10 05:30:00+05:30,ICICIBANK.NS,782.5499877929688,784.2999877929688,773.0999755859375,780.9000244140625,9507347
2021-11-11 05:30:00+05:30,ICICIBANK.NS,776.7000122070312,777.0,766.0999755859375,771.4500122070312,9221059
2021-11-12 05:30:00+05:30,ICICIBANK.NS,772.7000122070312,779.9000244140625,771.2000122070312,776.5999755859375,15380106
2021-11-15 05:30:00+05:30,ICICIBANK.NS,777.0,784.5499877929688,771.5499877929688,773.2999877929688,10934583
2021-11-16 05:30:00+05:30,ICICIBANK.NS,773.2999877929688,775.75,762.0,764.0499877929688,12785837
2021-11-17 05:30:00+05:30,ICICIBANK.NS,760.9000244140625,771.9500122070312,756.2999877929688,761.2999877929688,11657214
2021-11-18 05:30:00+05:30,ICICIBANK.NS,764.9000244140625,767.5,756.4000244140625,762.9000244140625,20644385
2021-11-22 05:30:00+05:30,ICICIBANK.NS,768.2999877929688,770.4500122070312,740.25,752.0,20403786
2021-11-23 05:30:00+05:30,ICICIBANK.NS,740.9500122070312,757.9500122070312,731.2000122070312,751.8499755859375,24913042
2021-11-24 05:30:00+05:30,ICICIBANK.NS,750.25,772.25,746.7000122070312,760.2000122070312,23186419
2021-11-25 05:30:00+05:30,ICICIBANK.NS,754.9000244140625,754.9500122070312,745.2999877929688,751.0499877929688,17749726
2021-11-26 05:30:00+05:30,ICICIBANK.NS,739.0,742.0499877929688,718.5999755859375,722.2000122070312,18987552
2021-11-29 05:30:00+05:30,ICICIBANK.NS,726.75,727.75,710.5,718.4000244140625,15878074
2021-11-30 05:30:00+05:30,ICICIBANK.NS,716.75,732.2999877929688,711.0999755859375,714.3499755859375,23965914
2021-12-01 05:30:00+05:30,ICICIBANK.NS,716.4000244140625,732.75,715.0,727.7000122070312,15214913
2021-12-02 05:30:00+05:30,ICICIBANK.NS,724.5999755859375,727.0999755859375,715.2000122070312,722.4000244140625,21924640
2021-12-03 05:30:00+05:30,ICICIBANK.NS,720.5,729.5,715.0999755859375,716.2999877929688,20130259
2021-12-06 05:30:00+05:30,ICICIBANK.NS,719.0,726.7999877929688,707.5,709.5499877929688,20129080
2021-12-07 05:30:00+05:30,ICICIBANK.NS,717.0,740.9500122070312,712.0,734.6500244140625,30513303
2021-12-08 05:30:00+05:30,ICICIBANK.NS,747.9000244140625,758.7999877929688,744.0999755859375,753.4000244140625,33432411
2021-12-09 05:30:00+05:30,ICICIBANK.NS,759.0499877929688,763.0,748.4000244140625,755.0,16007459
2021-12-10 05:30:00+05:30,ICICIBANK.NS,756.5,759.7999877929688,751.0499877929688,758.0,7627774
2021-12-13 05:30:00+05:30,ICICIBANK.NS,763.0,769.7000122070312,752.5,754.0,16855546
2021-12-14 05:30:00+05:30,ICICIBANK.NS,751.0499877929688,764.3499755859375,746.2999877929688,758.6500244140625,17488089
2021-12-15 05:30:00+05:30,ICICIBANK.NS,757.5999755859375,759.5,750.9000244140625,752.25,7358740
2021-12-16 05:30:00+05:30,ICICIBANK.NS,757.9000244140625,757.9000244140625,738.9500122070312,741.1500244140625,14123215
2021-12-17 05:30:00+05:30,ICICIBANK.NS,742.0,742.0,726.0499877929688,728.2999877929688,13227787
2021-12-20 05:30:00+05:30,ICICIBANK.NS,718.0999755859375,720.2000122070312,698.2000122070312,709.9500122070312,16900016
2021-12-21 05:30:00+05:30,ICICIBANK.NS,720.0,728.9500122070312,716.1500244140625,720.3499755859375,14563335
2021-12-22 05:30:00+05:30,ICICIBANK.NS,726.25,734.9500122070312,720.0499877929688,732.7999877929688,9843359
2021-12-23 05:30:00+05:30,ICICIBANK.NS,739.0499877929688,739.5,727.9500122070312,731.2999877929688,9994049
2021-12-24 05:30:00+05:30,ICICIBANK.NS,733.9000244140625,733.9000244140625,719.5999755859375,727.0999755859375,8800690
2021-12-27 05:30:00+05:30,ICICIBANK.NS,724.0,738.75,716.0999755859375,736.0,7955163
2021-12-28 05:30:00+05:30,ICICIBANK.NS,740.4000244140625,742.4500122070312,732.5,735.7999877929688,17833655
2021-12-29 05:30:00+05:30,ICICIBANK.NS,738.0,744.9500122070312,731.9000244140625,735.7000122070312,7143073
2021-12-30 05:30:00+05:30,ICICIBANK.NS,733.2999877929688,740.5,729.0,735.7000122070312,14326182
2021-12-31 05:30:00+05:30,ICICIBANK.NS,736.5499877929688,746.25,736.5499877929688,740.1500244140625,6973055
2022-01-03 05:30:00+05:30,ICICIBANK.NS,743.0499877929688,766.0,743.0,764.7000122070312,9653095
2022-01-04 05:30:00+05:30,ICICIBANK.NS,767.9500122070312,778.0,763.5999755859375,772.8499755859375,12114437
2022-01-05 05:30:00+05:30,ICICIBANK.NS,773.0,795.8499755859375,771.2000122070312,788.0499877929688,19741360
2022-01-06 05:30:00+05:30,ICICIBANK.NS,775.0499877929688,792.5,774.0,785.0499877929688,13018067
2022-01-07 05:30:00+05:30,ICICIBANK.NS,792.2000122070312,802.2999877929688,786.25,793.25,12250210
2022-01-10 05:30:00+05:30,ICICIBANK.NS,800.25,812.7999877929688,799.0,810.75,10905080
2022-01-11 05:30:00+05:30,ICICIBANK.NS,809.75,814.7000122070312,801.9000244140625,810.6500244140625,9982061
2022-01-12 05:30:00+05:30,ICICIBANK.NS,818.5999755859375,825.4500122070312,812.0499877929688,823.75,13034848
2022-01-13 05:30:00+05:30,ICICIBANK.NS,821.0,828.0,817.4000244140625,824.7000122070312,9372244
2022-01-14 05:30:00+05:30,ICICIBANK.NS,821.0,822.0,811.5999755859375,820.0,7552844
2022-01-17 05:30:00+05:30,ICICIBANK.NS,820.0,828.9000244140625,814.5499877929688,819.2999877929688,6722700
2022-01-18 05:30:00+05:30,ICICIBANK.NS,821.0,836.0,818.2000122070312,823.0999755859375,10835146
2022-01-19 05:30:00+05:30,ICICIBANK.NS,816.0,821.0,803.25,808.5999755859375,16416144
2022-01-20 05:30:00+05:30,ICICIBANK.NS,803.0,812.9500122070312,795.4000244140625,810.25,13567654
2022-01-21 05:30:00+05:30,ICICIBANK.NS,803.0,811.3499755859375,795.5,804.5,12078277
2022-01-24 05:30:00+05:30,ICICIBANK.NS,813.0,816.7000122070312,783.2999877929688,798.4500122070312,29612316
2022-01-25 05:30:00+05:30,ICICIBANK.NS,789.0,804.2999877929688,786.0499877929688,801.6500244140625,19513184
2022-01-27 05:30:00+05:30,ICICIBANK.NS,786.9000244140625,801.5,781.0499877929688,794.6500244140625,23984679
2022-01-28 05:30:00+05:30,ICICIBANK.NS,803.75,805.8499755859375,778.5,781.1500244140625,14072314
2022-01-31 05:30:00+05:30,ICICIBANK.NS,788.9500122070312,798.7000122070312,784.0,788.7999877929688,14824509
2022-02-01 05:30:00+05:30,ICICIBANK.NS,802.0499877929688,812.8499755859375,789.2999877929688,810.2999877929688,20031583
2022-02-02 05:30:00+05:30,ICICIBANK.NS,815.0,818.7000122070312,808.8499755859375,813.75,11214375
2022-02-03 05:30:00+05:30,ICICIBANK.NS,814.0499877929688,818.4000244140625,806.0,808.9500122070312,9755335
2022-02-04 05:30:00+05:30,ICICIBANK.NS,809.7999877929688,812.0,795.7999877929688,805.0499877929688,10314067
2022-02-07 05:30:00+05:30,ICICIBANK.NS,798.0499877929688,805.0,781.4500122070312,786.4000244140625,14659368
2022-02-08 05:30:00+05:30,ICICIBANK.NS,790.0,795.7000122070312,774.2999877929688,792.5,14642455
2022-02-09 05:30:00+05:30,ICICIBANK.NS,797.25,804.25,794.2000122070312,802.7999877929688,8855292
2022-02-10 05:30:00+05:30,ICICIBANK.NS,805.9500122070312,808.7999877929688,796.2999877929688,805.5,13159771
2022-02-11 05:30:00+05:30,ICICIBANK.NS,796.8499755859375,797.4000244140625,787.9000244140625,790.7999877929688,13138408
2022-02-14 05:30:00+05:30,ICICIBANK.NS,772.0,773.9500122070312,751.1500244140625,753.7000122070312,16170656
2022-02-15 05:30:00+05:30,ICICIBANK.NS,752.9500122070312,778.0,743.2000122070312,776.0499877929688,18880659
2022-02-16 05:30:00+05:30,ICICIBANK.NS,775.7000122070312,777.5499877929688,760.4000244140625,764.0499877929688,10549784
2022-02-17 05:30:00+05:30,ICICIBANK.NS,766.5,767.25,746.2999877929688,750.3499755859375,16683808
2022-02-18 05:30:00+05:30,ICICIBANK.NS,746.8499755859375,756.7999877929688,745.5499877929688,748.9000244140625,8945567
2022-02-21 05:30:00+05:30,ICICIBANK.NS,746.25,762.9000244140625,740.0,754.4500122070312,10967164
2022-02-22 05:30:00+05:30,ICICIBANK.NS,738.4000244140625,759.75,737.75,751.2999877929688,13156371
2022-02-23 05:30:00+05:30,ICICIBANK.NS,754.5999755859375,756.4000244140625,742.7000122070312,744.5999755859375,11624282
2022-02-24 05:30:00+05:30,ICICIBANK.NS,712.9000244140625,727.0999755859375,702.2999877929688,707.4000244140625,28023104
2022-02-25 05:30:00+05:30,ICICIBANK.NS,724.9500122070312,739.2999877929688,720.25,730.0499877929688,16935750
2022-02-28 05:30:00+05:30,ICICIBANK.NS,722.9500122070312,744.75,715.4000244140625,742.7000122070312,20547432
2022-03-02 05:30:00+05:30,ICICIBANK.NS,717.0,724.9500122070312,707.75,714.8499755859375,25252492
2022-03-03 05:30:00+05:30,ICICIBANK.NS,717.5999755859375,721.9500122070312,693.4500122070312,698.2999877929688,23190595
2022-03-04 05:30:00+05:30,ICICIBANK.NS,691.0,706.5499877929688,685.0,688.0499877929688,18697223
2022-03-07 05:30:00+05:30,ICICIBANK.NS,663.5,667.0,642.1500244140625,653.75,27799873
2022-03-08 05:30:00+05:30,ICICIBANK.NS,643.2999877929688,669.4500122070312,643.0,665.0,26716975
2022-03-09 05:30:00+05:30,ICICIBANK.NS,664.7000122070312,674.5,658.0,667.4500122070312,33728639
2022-03-10 05:30:00+05:30,ICICIBANK.NS,693.9500122070312,701.0,673.6500244140625,676.5999755859375,35959638
2022-03-11 05:30:00+05:30,ICICIBANK.NS,674.6500244140625,684.7000122070312,670.5999755859375,677.9000244140625,20546724
2022-03-14 05:30:00+05:30,ICICIBANK.NS,678.0999755859375,698.4500122070312,677.25,696.1500244140625,24648981
2022-03-15 05:30:00+05:30,ICICIBANK.NS,701.5,708.0999755859375,688.0,697.3499755859375,27714580
2022-03-16 05:30:00+05:30,ICICIBANK.NS,706.9000244140625,711.4000244140625,701.25,708.0,14621688
2022-03-17 05:30:00+05:30,ICICIBANK.NS,717.7999877929688,725.0,716.2000122070312,720.0999755859375,18329844
2022-03-21 05:30:00+05:30,ICICIBANK.NS,721.0,722.9000244140625,705.5,710.75,12866839
2022-03-22 05:30:00+05:30,ICICIBANK.NS,708.6500244140625,721.0,699.5,718.2000122070312,11761758
2022-03-23 05:30:00+05:30,ICICIBANK.NS,725.0,726.7999877929688,714.25,718.2999877929688,7140403
2022-03-24 05:30:00+05:30,ICICIBANK.NS,702.4500122070312,712.7000122070312,698.0,704.2000122070312,17727969
2022-03-25 05:30:00+05:30,ICICIBANK.NS,705.0,706.0999755859375,696.6500244140625,699.25,15263007
2022-03-28 05:30:00+05:30,ICICIBANK.NS,702.0,713.4000244140625,695.6500244140625,710.3499755859375,13806166
2022-03-29 05:30:00+05:30,ICICIBANK.NS,714.2999877929688,716.9500122070312,705.8499755859375,715.2999877929688,11489374
2022-03-30 05:30:00+05:30,ICICIBANK.NS,721.0499877929688,731.75,719.0999755859375,730.9000244140625,20154520
2022-03-31 05:30:00+05:30,ICICIBANK.NS,739.9000244140625,739.9000244140625,727.7999877929688,730.2999877929688,16046383
2022-04-01 05:30:00+05:30,ICICIBANK.NS,725.0,738.2999877929688,723.0999755859375,736.25,12658848
2022-04-04 05:30:00+05:30,ICICIBANK.NS,742.0,749.7999877929688,725.0,746.5999755859375,17192197
2022-04-05 05:30:00+05:30,ICICIBANK.NS,746.7999877929688,755.4500122070312,738.0,741.7999877929688,12290391
2022-04-06 05:30:00+05:30,ICICIBANK.NS,732.2999877929688,744.9000244140625,732.0999755859375,741.5999755859375,13518142
2022-04-07 05:30:00+05:30,ICICIBANK.NS,737.0999755859375,757.7999877929688,737.0999755859375,748.5499877929688,15087175
2022-04-08 05:30:00+05:30,ICICIBANK.NS,749.8499755859375,756.0,743.5999755859375,754.2999877929688,15480705
2022-04-11 05:30:00+05:30,ICICIBANK.NS,752.2999877929688,765.4500122070312,751.6500244140625,759.5999755859375,13216391
2022-04-12 05:30:00+05:30,ICICIBANK.NS,757.0,768.9000244140625,750.25,763.8499755859375,14020000
2022-04-13 05:30:00+05:30,ICICIBANK.NS,769.5999755859375,772.5499877929688,760.7000122070312,762.25,16119956
2022-04-18 05:30:00+05:30,ICICIBANK.NS,751.0,762.9000244140625,749.2000122070312,757.7999877929688,17651530
2022-04-19 05:30:00+05:30,ICICIBANK.NS,761.7999877929688,777.9000244140625,757.0,766.2999877929688,31088359
2022-04-20 05:30:00+05:30,ICICIBANK.NS,766.7999877929688,770.0,753.7999877929688,755.5499877929688,15984202
2022-04-21 05:30:00+05:30,ICICIBANK.NS,759.0499877929688,764.2000122070312,751.2000122070312,762.3499755859375,8953098
2022-04-22 05:30:00+05:30,ICICIBANK.NS,757.0,758.8499755859375,745.9000244140625,747.6500244140625,14411607
2022-04-25 05:30:00+05:30,ICICIBANK.NS,747.6500244140625,762.2000122070312,744.0,752.2000122070312,35417460
2022-04-26 05:30:00+05:30,ICICIBANK.NS,768.0,768.5499877929688,751.6500244140625,753.75,18727514
2022-04-27 05:30:00+05:30,ICICIBANK.NS,749.0,750.0,732.5499877929688,736.7000122070312,21441480
2022-04-28 05:30:00+05:30,ICICIBANK.NS,739.0999755859375,751.9000244140625,734.6500244140625,747.1500244140625,18649559
2022-04-29 05:30:00+05:30,ICICIBANK.NS,750.0999755859375,759.9500122070312,740.0999755859375,743.2999877929688,19560317
2022-05-02 05:30:00+05:30,ICICIBANK.NS,732.0,743.7999877929688,731.0999755859375,741.0,10903446
2022-05-04 05:30:00+05:30,ICICIBANK.NS,746.2000122070312,747.0,721.1500244140625,724.25,12212165
2022-05-05 05:30:00+05:30,ICICIBANK.NS,730.7999877929688,743.0,726.5,728.7999877929688,9121547
2022-05-06 05:30:00+05:30,ICICIBANK.NS,716.25,723.0,710.2999877929688,719.25,12455025
2022-05-09 05:30:00+05:30,ICICIBANK.NS,705.2999877929688,720.0,704.4500122070312,710.3499755859375,13055889
2022-05-10 05:30:00+05:30,ICICIBANK.NS,705.0,720.0,705.0,711.2999877929688,12797419
2022-05-11 05:30:00+05:30,ICICIBANK.NS,718.0,719.7999877929688,707.1500244140625,714.2000122070312,13516852
2022-05-12 05:30:00+05:30,ICICIBANK.NS,707.5499877929688,710.7000122070312,693.2999877929688,695.7999877929688,16685166
2022-05-13 05:30:00+05:30,ICICIBANK.NS,702.4000244140625,702.4000244140625,675.0,677.3499755859375,15717043
2022-05-16 05:30:00+05:30,ICICIBANK.NS,676.7000122070312,690.9500122070312,675.75,683.0,9025623
2022-05-17 05:30:00+05:30,ICICIBANK.NS,686.0999755859375,712.0,685.1500244140625,710.0,12765052
2022-05-18 05:30:00+05:30,ICICIBANK.NS,712.3499755859375,717.0,706.0999755859375,707.3499755859375,11835013
2022-05-19 05:30:00+05:30,ICICIBANK.NS,693.0999755859375,698.7000122070312,685.5999755859375,690.2999877929688,16661023
2022-05-20 05:30:00+05:30,ICICIBANK.NS,694.7999877929688,711.9000244140625,693.7000122070312,709.5499877929688,11695528
2022-05-23 05:30:00+05:30,ICICIBANK.NS,709.5499877929688,725.9500122070312,707.4500122070312,711.0499877929688,17438451
2022-05-24 05:30:00+05:30,ICICIBANK.NS,711.0499877929688,717.3499755859375,706.0499877929688,708.1500244140625,13779981
2022-05-25 05:30:00+05:30,ICICIBANK.NS,712.0499877929688,720.8499755859375,711.5999755859375,713.3499755859375,10457589
2022-05-26 05:30:00+05:30,ICICIBANK.NS,723.0,733.0,715.4500122070312,728.5,14028733
2022-05-27 05:30:00+05:30,ICICIBANK.NS,733.5499877929688,741.2000122070312,731.25,739.7999877929688,8110620
2022-05-30 05:30:00+05:30,ICICIBANK.NS,748.75,751.9500122070312,744.2999877929688,748.5,7628515
2022-05-31 05:30:00+05:30,ICICIBANK.NS,741.0,756.7000122070312,740.5,752.8499755859375,20272212
2022-06-01 05:30:00+05:30,ICICIBANK.NS,748.0,755.5999755859375,744.2000122070312,752.6500244140625,10102092
2022-06-02 05:30:00+05:30,ICICIBANK.NS,751.0499877929688,751.75,743.2000122070312,749.75,10949759
2022-06-03 05:30:00+05:30,ICICIBANK.NS,756.1500244140625,757.0,741.2000122070312,744.2999877929688,8563791
2022-06-06 05:30:00+05:30,ICICIBANK.NS,740.2000122070312,750.9500122070312,739.5999755859375,746.75,9107831
2022-06-07 05:30:00+05:30,ICICIBANK.NS,741.0,742.9500122070312,732.3499755859375,735.25,9938912
2022-06-08 05:30:00+05:30,ICICIBANK.NS,736.5999755859375,741.0,726.4500122070312,729.5,9369224
2022-06-09 05:30:00+05:30,ICICIBANK.NS,725.0,734.0999755859375,722.1500244140625,732.75,7444368
2022-06-10 05:30:00+05:30,ICICIBANK.NS,724.75,728.2999877929688,718.0,720.0,7990818
2022-06-13 05:30:00+05:30,ICICIBANK.NS,702.25,702.2999877929688,682.0999755859375,688.0,16622521
2022-06-14 05:30:00+05:30,ICICIBANK.NS,682.4000244140625,694.6500244140625,680.6500244140625,685.5,13348598
2022-06-15 05:30:00+05:30,ICICIBANK.NS,687.5,696.3499755859375,686.0999755859375,687.25,9199591
2022-06-16 05:30:00+05:30,ICICIBANK.NS,700.0,700.0499877929688,676.2999877929688,678.5,13237239
2022-06-17 05:30:00+05:30,ICICIBANK.NS,671.25,692.6500244140625,669.9500122070312,686.8499755859375,16335613
2022-06-20 05:30:00+05:30,ICICIBANK.NS,686.0,687.7999877929688,677.5999755859375,685.9500122070312,10981042
2022-06-21 05:30:00+05:30,ICICIBANK.NS,690.5499877929688,708.0,688.5999755859375,696.0999755859375,13319648
2022-06-22 05:30:00+05:30,ICICIBANK.NS,694.25,698.9000244140625,685.0999755859375,686.5999755859375,6838249
2022-06-23 05:30:00+05:30,ICICIBANK.NS,690.2000122070312,706.0,687.0,699.1500244140625,14960412
2022-06-24 05:30:00+05:30,ICICIBANK.NS,710.9000244140625,715.25,706.5499877929688,713.4500122070312,10856736
2022-06-27 05:30:00+05:30,ICICIBANK.NS,728.8499755859375,728.8499755859375,716.0999755859375,717.3499755859375,8285225
2022-06-28 05:30:00+05:30,ICICIBANK.NS,711.0499877929688,717.2999877929688,707.0,710.2999877929688,8339931
2022-06-29 05:30:00+05:30,ICICIBANK.NS,704.9500122070312,706.7000122070312,700.9500122070312,702.75,9570557
2022-06-30 05:30:00+05:30,ICICIBANK.NS,702.75,711.9000244140625,701.2000122070312,707.2000122070312,11970404
2022-07-01 05:30:00+05:30,ICICIBANK.NS,703.4500122070312,706.75,694.0999755859375,703.9000244140625,9884899
2022-07-04 05:30:00+05:30,ICICIBANK.NS,704.8499755859375,721.0999755859375,704.8499755859375,720.0999755859375,8303732
2022-07-05 05:30:00+05:30,ICICIBANK.NS,723.0499877929688,732.1500244140625,718.0999755859375,719.4500122070312,11460367
2022-07-06 05:30:00+05:30,ICICIBANK.NS,723.0,731.9000244140625,722.0,725.9500122070312,12163533
2022-07-07 05:30:00+05:30,ICICIBANK.NS,735.9500122070312,744.0,733.0,742.0,10374018
2022-07-08 05:30:00+05:30,ICICIBANK.NS,751.2999877929688,757.5,744.5499877929688,755.7000122070312,9797700
2022-07-11 05:30:00+05:30,ICICIBANK.NS,755.0,771.5499877929688,755.0,769.5,12440573
2022-07-12 05:30:00+05:30,ICICIBANK.NS,765.3499755859375,767.4500122070312,757.7000122070312,759.9000244140625,10219829
2022-07-13 05:30:00+05:30,ICICIBANK.NS,764.75,764.75,749.9000244140625,753.2000122070312,8674121
2022-07-14 05:30:00+05:30,ICICIBANK.NS,750.0,759.5,748.7999877929688,752.4000244140625,7044542
2022-07-15 05:30:00+05:30,ICICIBANK.NS,753.25,759.0,744.2000122070312,751.2000122070312,6358018
2022-07-18 05:30:00+05:30,ICICIBANK.NS,759.25,773.1500244140625,757.8499755859375,772.0,8045363
2022-07-19 05:30:00+05:30,ICICIBANK.NS,767.7999877929688,782.0,767.1500244140625,780.6500244140625,12825591
2022-07-20 05:30:00+05:30,ICICIBANK.NS,789.5,789.5499877929688,780.2999877929688,783.0999755859375,8152179
2022-07-21 05:30:00+05:30,ICICIBANK.NS,784.9000244140625,788.9500122070312,780.0999755859375,786.0,8312338
2022-07-22 05:30:00+05:30,ICICIBANK.NS,789.0999755859375,803.9000244140625,789.0999755859375,800.0499877929688,12267898
2022-07-25 05:30:00+05:30,ICICIBANK.NS,803.0,817.7999877929688,797.0999755859375,800.9000244140625,21034148
2022-07-26 05:30:00+05:30,ICICIBANK.NS,801.5999755859375,802.7999877929688,791.6500244140625,796.2999877929688,7374145
2022-07-27 05:30:00+05:30,ICICIBANK.NS,795.0,803.7999877929688,794.6500244140625,800.5,9536564
2022-07-28 05:30:00+05:30,ICICIBANK.NS,806.9500122070312,815.5,805.2999877929688,814.5999755859375,11124518
2022-07-29 05:30:00+05:30,ICICIBANK.NS,820.6500244140625,823.4000244140625,808.0,818.5999755859375,11095993
2022-08-01 05:30:00+05:30,ICICIBANK.NS,820.7000122070312,825.0,817.2999877929688,823.4000244140625,7974903
2022-08-02 05:30:00+05:30,ICICIBANK.NS,820.0,822.0,812.2000122070312,817.75,11106772
2022-08-03 05:30:00+05:30,ICICIBANK.NS,817.75,828.0,811.5499877929688,824.7999877929688,11073975
2022-08-04 05:30:00+05:30,ICICIBANK.NS,824.0,829.9500122070312,808.3499755859375,820.25,11113742
2022-08-05 05:30:00+05:30,ICICIBANK.NS,823.0999755859375,840.9000244140625,823.0999755859375,838.2000122070312,16056522
2022-08-08 05:30:00+05:30,ICICIBANK.NS,836.5999755859375,842.2999877929688,831.1500244140625,836.9500122070312,12142951
2022-08-10 05:30:00+05:30,ICICIBANK.NS,842.1500244140625,853.0,842.1500244140625,848.75,23658553
2022-08-11 05:30:00+05:30,ICICIBANK.NS,860.0499877929688,866.5,858.0999755859375,859.7000122070312,22787391
2022-08-12 05:30:00+05:30,ICICIBANK.NS,863.9500122070312,877.25,858.5,874.4000244140625,10792853
2022-08-16 05:30:00+05:30,ICICIBANK.NS,881.4500122070312,884.5,876.4000244140625,879.25,13804836
2022-08-17 05:30:00+05:30,ICICIBANK.NS,881.7999877929688,885.5,878.4000244140625,883.25,9058040
2022-08-18 05:30:00+05:30,ICICIBANK.NS,880.5499877929688,887.6500244140625,875.0499877929688,885.0999755859375,13137856
2022-08-19 05:30:00+05:30,ICICIBANK.NS,885.0,886.9000244140625,864.2999877929688,870.4000244140625,10787199
2022-08-22 05:30:00+05:30,ICICIBANK.NS,865.5499877929688,867.4000244140625,849.5999755859375,852.25,13848023
2022-08-23 05:30:00+05:30,ICICIBANK.NS,845.3499755859375,868.0,842.7999877929688,863.9000244140625,13254855
2022-08-24 05:30:00+05:30,ICICIBANK.NS,857.0499877929688,875.3499755859375,857.0499877929688,873.2999877929688,10494109
2022-08-25 05:30:00+05:30,ICICIBANK.NS,873.2999877929688,881.4500122070312,866.7000122070312,872.3499755859375,9827829
2022-08-26 05:30:00+05:30,ICICIBANK.NS,874.1500244140625,877.5,867.2999877929688,870.8499755859375,5976725
2022-08-29 05:30:00+05:30,ICICIBANK.NS,850.0499877929688,861.0,847.0,855.8499755859375,7755134
2022-08-30 05:30:00+05:30,ICICIBANK.NS,860.5,890.75,859.0999755859375,887.2999877929688,12544701
2022-09-01 05:30:00+05:30,ICICIBANK.NS,863.0,885.7000122070312,863.0,874.3499755859375,15877583
2022-09-02 05:30:00+05:30,ICICIBANK.NS,874.0999755859375,881.2999877929688,867.0,872.4000244140625,8401284
2022-09-05 05:30:00+05:30,ICICIBANK.NS,871.5499877929688,885.9000244140625,871.5499877929688,882.4500122070312,8744999
2022-09-06 05:30:00+05:30,ICICIBANK.NS,882.5,889.9500122070312,878.0999755859375,883.6500244140625,9879326
2022-09-07 05:30:00+05:30,ICICIBANK.NS,878.5499877929688,882.6500244140625,872.5,876.2000122070312,8814960
2022-09-08 05:30:00+05:30,ICICIBANK.NS,885.5,900.7999877929688,885.5,898.7999877929688,12163106
2022-09-09 05:30:00+05:30,ICICIBANK.NS,910.1500244140625,911.9500122070312,897.7000122070312,901.25,9936230
2022-09-12 05:30:00+05:30,ICICIBANK.NS,905.0499877929688,908.9000244140625,902.7999877929688,907.2000122070312,6016978
2022-09-13 05:30:00+05:30,ICICIBANK.NS,913.9500122070312,913.9500122070312,905.2999877929688,910.0,10400475
2022-09-14 05:30:00+05:30,ICICIBANK.NS,898.25,922.25,898.0499877929688,918.0999755859375,14712947
2022-09-15 05:30:00+05:30,ICICIBANK.NS,920.0,936.6500244140625,915.75,917.5999755859375,16253099
2022-09-16 05:30:00+05:30,ICICIBANK.NS,914.9000244140625,917.5999755859375,905.2000122070312,909.0999755859375,11966860
2022-09-19 05:30:00+05:30,ICICIBANK.NS,904.9500122070312,912.5,895.3499755859375,899.2000122070312,11235656
2022-09-20 05:30:00+05:30,ICICIBANK.NS,909.2000122070312,922.5,907.3499755859375,916.75,12090663
2022-09-21 05:30:00+05:30,ICICIBANK.NS,912.0,917.0,905.6500244140625,915.25,8917640
2022-09-22 05:30:00+05:30,ICICIBANK.NS,906.0,911.7000122070312,895.2999877929688,903.4000244140625,11125669
2022-09-23 05:30:00+05:30,ICICIBANK.NS,901.7000122070312,904.9000244140625,878.75,882.25,15927517
2022-09-26 05:30:00+05:30,ICICIBANK.NS,870.0,877.9000244140625,859.2000122070312,861.0499877929688,14208640
2022-09-27 05:30:00+05:30,ICICIBANK.NS,864.9500122070312,874.8499755859375,848.5999755859375,852.5499877929688,12493809
2022-09-28 05:30:00+05:30,ICICIBANK.NS,844.0,863.25,844.0,849.5,11411458
2022-09-29 05:30:00+05:30,ICICIBANK.NS,858.0,861.5999755859375,841.0999755859375,843.9000244140625,13803629
2022-09-30 05:30:00+05:30,ICICIBANK.NS,843.9000244140625,867.0499877929688,837.5,862.0,13175031
2022-10-03 05:30:00+05:30,ICICIBANK.NS,859.7000122070312,860.9500122070312,845.7000122070312,848.3499755859375,8232026
2022-10-04 05:30:00+05:30,ICICIBANK.NS,865.0,872.6500244140625,860.0999755859375,867.6500244140625,8975095
2022-10-06 05:30:00+05:30,ICICIBANK.NS,873.0499877929688,891.7000122070312,873.0499877929688,885.4500122070312,12116698
2022-10-07 05:30:00+05:30,ICICIBANK.NS,877.2000122070312,884.5,872.7999877929688,882.5499877929688,9705750
2022-10-10 05:30:00+05:30,ICICIBANK.NS,872.0,889.7999877929688,870.7000122070312,881.75,7357588
2022-10-11 05:30:00+05:30,ICICIBANK.NS,883.25,883.25,865.4500122070312,870.5999755859375,11130051
2022-10-12 05:30:00+05:30,ICICIBANK.NS,867.9500122070312,871.7000122070312,861.5,868.3499755859375,14557532
2022-10-13 05:30:00+05:30,ICICIBANK.NS,862.3499755859375,865.4500122070312,850.5,853.5999755859375,11563124
2022-10-14 05:30:00+05:30,ICICIBANK.NS,883.7999877929688,883.7999877929688,868.5499877929688,870.25,8199540
2022-10-17 05:30:00+05:30,ICICIBANK.NS,872.0,887.5,868.5499877929688,885.2000122070312,8936947
2022-10-18 05:30:00+05:30,ICICIBANK.NS,896.0499877929688,900.7000122070312,891.1500244140625,896.9000244140625,8097552
2022-10-19 05:30:00+05:30,ICICIBANK.NS,900.0499877929688,900.6500244140625,885.5499877929688,892.0999755859375,5529462
2022-10-20 05:30:00+05:30,ICICIBANK.NS,889.7000122070312,893.2999877929688,880.0999755859375,888.6500244140625,8107159
2022-10-21 05:30:00+05:30,ICICIBANK.NS,888.0,910.0,885.7000122070312,907.1500244140625,17022807
2022-10-24 05:30:00+05:30,ICICIBANK.NS,925.0,933.5,917.5999755859375,926.2999877929688,4390050
2022-10-25 05:30:00+05:30,ICICIBANK.NS,942.0499877929688,943.25,922.9500122070312,925.0499877929688,15838120
2022-10-27 05:30:00+05:30,ICICIBANK.NS,926.0499877929688,933.7000122070312,920.25,924.4000244140625,16080842
2022-10-28 05:30:00+05:30,ICICIBANK.NS,918.0,927.5,901.0,907.8499755859375,9854094
2022-10-31 05:30:00+05:30,ICICIBANK.NS,912.5999755859375,917.0499877929688,904.5999755859375,908.7000122070312,9000840
2022-11-01 05:30:00+05:30,ICICIBANK.NS,921.0,921.0,899.5499877929688,908.5999755859375,9823761
2022-11-02 05:30:00+05:30,ICICIBANK.NS,920.5999755859375,920.75,902.3499755859375,904.7000122070312,7690974
2022-11-03 05:30:00+05:30,ICICIBANK.NS,901.0499877929688,913.8499755859375,897.0499877929688,908.6500244140625,9022366
2022-11-04 05:30:00+05:30,ICICIBANK.NS,906.2999877929688,913.4000244140625,900.2000122070312,905.2999877929688,7099336
2022-11-07 05:30:00+05:30,ICICIBANK.NS,910.25,920.0999755859375,903.4500122070312,917.5,11100219
2022-11-09 05:30:00+05:30,ICICIBANK.NS,920.0,921.9000244140625,905.75,910.5,11590409
2022-11-10 05:30:00+05:30,ICICIBANK.NS,907.5499877929688,912.9500122070312,903.9500122070312,910.7000122070312,10009741
2022-11-11 05:30:00+05:30,ICICIBANK.NS,925.9000244140625,928.0,903.5,906.5499877929688,17921457
2022-11-14 05:30:00+05:30,ICICIBANK.NS,905.0,906.5499877929688,891.25,894.9500122070312,12641308
2022-11-15 05:30:00+05:30,ICICIBANK.NS,900.5499877929688,913.6500244140625,898.7999877929688,911.7000122070312,15176911
2022-11-16 05:30:00+05:30,ICICIBANK.NS,912.5499877929688,918.0999755859375,908.0999755859375,913.5999755859375,13008311
2022-11-17 05:30:00+05:30,ICICIBANK.NS,913.0,922.2999877929688,910.3499755859375,919.7999877929688,12584194
2022-11-18 05:30:00+05:30,ICICIBANK.NS,919.7999877929688,922.0,910.5499877929688,920.3499755859375,10874061
2022-11-21 05:30:00+05:30,ICICIBANK.NS,914.0499877929688,924.7999877929688,914.0499877929688,921.4000244140625,9245704
2022-11-22 05:30:00+05:30,ICICIBANK.NS,923.75,926.5,920.4000244140625,923.7000122070312,11256509
2022-11-23 05:30:00+05:30,ICICIBANK.NS,927.0,931.8499755859375,923.7000122070312,927.4500122070312,10959704
2022-11-24 05:30:00+05:30,ICICIBANK.NS,927.5499877929688,940.6500244140625,927.5499877929688,938.8499755859375,10844395
2022-11-25 05:30:00+05:30,ICICIBANK.NS,940.2999877929688,942.9000244140625,927.5,930.2999877929688,9815055
2022-11-28 05:30:00+05:30,ICICIBANK.NS,924.0,943.7999877929688,923.9500122070312,937.4000244140625,9381474
2022-11-29 05:30:00+05:30,ICICIBANK.NS,933.5499877929688,949.9000244140625,933.5499877929688,946.75,13096845
2022-11-30 05:30:00+05:30,ICICIBANK.NS,948.0499877929688,958.2000122070312,941.0,952.9000244140625,20858573
2022-12-01 05:30:00+05:30,ICICIBANK.NS,956.0,957.0,936.25,940.2000122070312,15920653
2022-12-02 05:30:00+05:30,ICICIBANK.NS,928.25,934.5,926.0999755859375,930.5999755859375,14228874
2022-12-05 05:30:00+05:30,ICICIBANK.NS,937.0,937.0,928.4000244140625,933.5999755859375,10984608
2022-12-06 05:30:00+05:30,ICICIBANK.NS,925.0,929.75,920.2000122070312,922.6500244140625,18220912
2022-12-07 05:30:00+05:30,ICICIBANK.NS,922.0,933.2000122070312,920.6500244140625,922.1500244140625,15675663
2022-12-08 05:30:00+05:30,ICICIBANK.NS,925.0,933.5499877929688,923.7999877929688,931.9000244140625,10136870
2022-12-09 05:30:00+05:30,ICICIBANK.NS,932.0,934.7999877929688,925.0499877929688,929.9000244140625,9575331
2022-12-12 05:30:00+05:30,ICICIBANK.NS,925.0499877929688,933.9000244140625,925.0499877929688,930.2999877929688,8493863
2022-12-13 05:30:00+05:30,ICICIBANK.NS,929.5,935.9000244140625,927.7999877929688,932.9500122070312,10415140
2022-12-14 05:30:00+05:30,ICICIBANK.NS,936.0,936.0499877929688,920.0,921.75,12319827
2022-12-15 05:30:00+05:30,ICICIBANK.NS,916.0,919.9000244140625,905.0,908.7999877929688,8929748
2022-12-16 05:30:00+05:30,ICICIBANK.NS,905.5,913.7000122070312,899.6500244140625,902.0,9157260
2022-12-19 05:30:00+05:30,ICICIBANK.NS,908.0,910.5999755859375,901.1500244140625,906.4500122070312,7015083
2022-12-20 05:30:00+05:30,ICICIBANK.NS,906.0,912.4500122070312,895.7000122070312,909.7000122070312,6384331
2022-12-21 05:30:00+05:30,ICICIBANK.NS,910.25,915.8499755859375,887.0,892.25,11341147
2022-12-22 05:30:00+05:30,ICICIBANK.NS,900.5,903.8499755859375,886.3499755859375,890.6500244140625,9788367
2022-12-23 05:30:00+05:30,ICICIBANK.NS,883.0499877929688,889.6500244140625,875.2999877929688,878.9000244140625,11059215
2022-12-26 05:30:00+05:30,ICICIBANK.NS,881.0999755859375,897.0,875.25,893.2000122070312,6943159
2022-12-27 05:30:00+05:30,ICICIBANK.NS,897.7000122070312,902.75,888.2000122070312,900.6500244140625,4994381
2022-12-28 05:30:00+05:30,ICICIBANK.NS,896.0,903.9500122070312,895.7999877929688,898.9500122070312,8980300
2022-12-29 05:30:00+05:30,ICICIBANK.NS,897.9000244140625,923.3499755859375,889.3499755859375,908.0499877929688,11994220
2022-12-30 05:30:00+05:30,ICICIBANK.NS,908.5,908.5,888.5499877929688,890.8499755859375,9688527
2023-01-02 05:30:00+05:30,ICICIBANK.NS,894.0,907.0,894.0,902.4500122070312,4315403
2023-01-03 05:30:00+05:30,ICICIBANK.NS,898.5,905.9500122070312,896.75,901.3499755859375,5846855
2023-01-04 05:30:00+05:30,ICICIBANK.NS,899.0,907.9000244140625,894.7999877929688,899.0999755859375,12454582
2023-01-05 05:30:00+05:30,ICICIBANK.NS,900.9000244140625,903.0,872.0,879.1500244140625,16547196
2023-01-06 05:30:00+05:30,ICICIBANK.NS,878.9500122070312,878.9500122070312,860.5,870.0999755859375,14804613
2023-01-09 05:30:00+05:30,ICICIBANK.NS,874.25,878.75,862.2999877929688,873.3499755859375,16811853
2023-01-10 05:30:00+05:30,ICICIBANK.NS,875.4000244140625,878.4000244140625,856.5999755859375,861.3499755859375,13470142
2023-01-11 05:30:00+05:30,ICICIBANK.NS,862.9000244140625,870.8499755859375,854.8499755859375,866.2999877929688,15558460
2023-01-12 05:30:00+05:30,ICICIBANK.NS,865.5,869.3499755859375,854.9500122070312,860.6500244140625,16659001
2023-01-13 05:30:00+05:30,ICICIBANK.NS,864.7000122070312,874.9000244140625,858.2999877929688,873.4500122070312,11223103
2023-01-16 05:30:00+05:30,ICICIBANK.NS,877.25,877.4500122070312,861.0499877929688,865.25,8319812
2023-01-17 05:30:00+05:30,ICICIBANK.NS,866.9500122070312,867.9500122070312,858.0999755859375,865.1500244140625,12624859
2023-01-18 05:30:00+05:30,ICICIBANK.NS,864.4500122070312,872.0,858.6500244140625,869.5,11313898
2023-01-19 05:30:00+05:30,ICICIBANK.NS,868.0,870.5499877929688,862.0,866.1500244140625,6694679
2023-01-20 05:30:00+05:30,ICICIBANK.NS,873.5,876.5,865.5499877929688,870.3499755859375,8127162
2023-01-23 05:30:00+05:30,ICICIBANK.NS,882.0,883.2999877929688,864.5999755859375,871.7000122070312,16882379
2023-01-24 05:30:00+05:30,ICICIBANK.NS,879.0,881.7000122070312,868.0,870.75,11504090
2023-01-25 05:30:00+05:30,ICICIBANK.NS,873.2999877929688,876.7999877929688,848.0,855.2999877929688,14918485
2023-01-27 05:30:00+05:30,ICICIBANK.NS,839.1500244140625,843.0,813.0999755859375,817.2000122070312,39718683
2023-01-30 05:30:00+05:30,ICICIBANK.NS,800.0,826.25,796.0,823.5,36301441
2023-01-31 05:30:00+05:30,ICICIBANK.NS,826.0,838.2999877929688,814.0999755859375,831.9000244140625,27291226
2023-02-01 05:30:00+05:30,ICICIBANK.NS,843.4500122070312,875.2000122070312,823.1500244140625,847.9500122070312,39237711
2023-02-02 05:30:00+05:30,ICICIBANK.NS,828.4000244140625,860.5999755859375,826.0999755859375,857.9000244140625,16798190
2023-02-03 05:30:00+05:30,ICICIBANK.NS,864.6500244140625,872.6500244140625,852.0999755859375,863.7999877929688,14914366
2023-02-06 05:30:00+05:30,ICICIBANK.NS,861.5,867.7999877929688,849.6500244140625,853.7000122070312,8463833
2023-02-07 05:30:00+05:30,ICICIBANK.NS,855.0,856.0,847.2000122070312,852.75,9337066
2023-02-08 05:30:00+05:30,ICICIBANK.NS,852.5,860.7000122070312,851.9000244140625,859.0999755859375,8082983
2023-02-09 05:30:00+05:30,ICICIBANK.NS,858.5,864.9000244140625,851.5999755859375,860.7999877929688,6299265
2023-02-10 05:30:00+05:30,ICICIBANK.NS,855.5499877929688,861.9000244140625,852.0,853.8499755859375,8656405
2023-02-13 05:30:00+05:30,ICICIBANK.NS,853.4000244140625,859.2999877929688,849.3499755859375,850.6500244140625,9394365
2023-02-14 05:30:00+05:30,ICICIBANK.NS,853.9000244140625,867.2999877929688,852.0999755859375,865.2999877929688,13402934
2023-02-15 05:30:00+05:30,ICICIBANK.NS,866.4000244140625,873.25,860.5999755859375,870.7999877929688,12070288
2023-02-16 05:30:00+05:30,ICICIBANK.NS,875.9500122070312,877.7999877929688,864.8499755859375,869.4500122070312,10715685
2023-02-17 05:30:00+05:30,ICICIBANK.NS,867.5499877929688,867.5499877929688,855.1500244140625,862.6500244140625,9990618
2023-02-20 05:30:00+05:30,ICICIBANK.NS,862.6500244140625,866.5499877929688,850.25,852.0999755859375,9013430
2023-02-21 05:30:00+05:30,ICICIBANK.NS,854.4000244140625,859.4500122070312,846.8499755859375,854.2000122070312,11704445
2023-02-22 05:30:00+05:30,ICICIBANK.NS,851.25,854.0999755859375,834.75,839.25,13880984
2023-02-23 05:30:00+05:30,ICICIBANK.NS,836.5499877929688,844.4500122070312,833.5499877929688,839.75,11743574
2023-02-24 05:30:00+05:30,ICICIBANK.NS,843.9500122070312,845.5999755859375,835.5499877929688,839.7000122070312,8246139
2023-02-27 05:30:00+05:30,ICICIBANK.NS,833.5499877929688,858.2999877929688,833.5499877929688,856.4000244140625,14422574
2023-02-28 05:30:00+05:30,ICICIBANK.NS,854.9000244140625,858.0,850.0,854.8499755859375,19600146
2023-03-01 05:30:00+05:30,ICICIBANK.NS,864.0,864.0,851.8499755859375,856.2999877929688,11015843
2023-03-02 05:30:00+05:30,ICICIBANK.NS,853.0,861.8499755859375,851.0999755859375,854.0,12327141
2023-03-03 05:30:00+05:30,ICICIBANK.NS,856.75,873.0,849.8499755859375,868.5499877929688,12823098
2023-03-06 05:30:00+05:30,ICICIBANK.NS,871.75,876.8499755859375,865.3499755859375,867.75,13904231
2023-03-08 05:30:00+05:30,ICICIBANK.NS,866.6500244140625,873.6500244140625,861.5,872.0999755859375,16144568
2023-03-09 05:30:00+05:30,ICICIBANK.NS,867.2000122070312,869.7999877929688,854.1500244140625,855.9500122070312,10624440
2023-03-10 05:30:00+05:30,ICICIBANK.NS,844.7000122070312,845.3499755859375,836.25,842.6500244140625,17273189
2023-03-13 05:30:00+05:30,ICICIBANK.NS,841.4500122070312,855.2999877929688,823.9500122070312,828.4000244140625,16413159
2023-03-14 05:30:00+05:30,ICICIBANK.NS,827.0,834.4500122070312,818.25,830.3499755859375,15456802
2023-03-15 05:30:00+05:30,ICICIBANK.NS,836.4500122070312,843.9500122070312,822.2000122070312,825.9000244140625,12914488
2023-03-16 05:30:00+05:30,ICICIBANK.NS,829.7000122070312,831.2999877929688,810.2999877929688,823.9000244140625,14987868
2023-03-17 05:30:00+05:30,ICICIBANK.NS,831.7999877929688,838.4000244140625,818.6500244140625,836.25,11104490
2023-03-20 05:30:00+05:30,ICICIBANK.NS,837.0,837.7999877929688,825.0,836.4500122070312,14838651
2023-03-21 05:30:00+05:30,ICICIBANK.NS,843.0,854.5,839.0499877929688,852.4000244140625,18755854
2023-03-22 05:30:00+05:30,ICICIBANK.NS,857.6500244140625,862.5499877929688,851.0,860.2000122070312,17431520
2023-03-23 05:30:00+05:30,ICICIBANK.NS,857.0,867.4500122070312,852.7999877929688,855.4500122070312,17920621
2023-03-24 05:30:00+05:30,ICICIBANK.NS,852.5,860.0,849.1500244140625,852.4000244140625,17295696
2023-03-27 05:30:00+05:30,ICICIBANK.NS,854.9500122070312,856.4000244140625,844.0499877929688,848.7000122070312,17047675
2023-03-28 05:30:00+05:30,ICICIBANK.NS,855.5499877929688,858.9000244140625,848.2000122070312,854.75,24469018
2023-03-29 05:30:00+05:30,ICICIBANK.NS,857.0499877929688,862.0999755859375,848.0,851.0,34881515
2023-03-31 05:30:00+05:30,ICICIBANK.NS,861.9500122070312,881.0,858.5,877.25,25739021
2023-04-03 05:30:00+05:30,ICICIBANK.NS,880.2000122070312,887.0999755859375,868.8499755859375,883.7999877929688,26416933
2023-04-05 05:30:00+05:30,ICICIBANK.NS,886.5999755859375,887.75,874.0,884.5999755859375,21068934
2023-04-06 05:30:00+05:30,ICICIBANK.NS,882.0,890.0999755859375,872.7000122070312,875.0,26042745
2023-04-10 05:30:00+05:30,ICICIBANK.NS,880.0499877929688,882.7999877929688,864.4000244140625,868.4500122070312,30906205
2023-04-11 05:30:00+05:30,ICICIBANK.NS,873.7000122070312,885.5999755859375,865.0,881.9000244140625,39504022
2023-04-12 05:30:00+05:30,ICICIBANK.NS,883.4500122070312,892.0,880.2999877929688,890.1500244140625,22686032
2023-04-13 05:30:00+05:30,ICICIBANK.NS,891.0999755859375,901.6500244140625,886.5,899.0,34439635
2023-04-17 05:30:00+05:30,ICICIBANK.NS,917.2999877929688,917.2999877929688,893.1500244140625,901.2999877929688,29957514
2023-04-18 05:30:00+05:30,ICICIBANK.NS,907.9500122070312,907.9500122070312,894.0999755859375,896.8499755859375,26699379
2023-04-19 05:30:00+05:30,ICICIBANK.NS,895.9000244140625,896.9000244140625,887.25,891.9000244140625,24377956
2023-04-20 05:30:00+05:30,ICICIBANK.NS,892.25,899.2999877929688,889.2000122070312,894.4000244140625,16999919
2023-04-21 05:30:00+05:30,ICICIBANK.NS,894.5499877929688,900.7000122070312,882.4000244140625,885.6500244140625,29578071
2023-04-24 05:30:00+05:30,ICICIBANK.NS,905.0,906.5,895.0,904.75,30881665
2023-04-25 05:30:00+05:30,ICICIBANK.NS,906.2999877929688,916.0,903.0999755859375,913.4500122070312,41383839
2023-04-26 05:30:00+05:30,ICICIBANK.NS,911.4500122070312,916.9500122070312,905.75,914.9500122070312,30371555
2023-04-27 05:30:00+05:30,ICICIBANK.NS,909.5,919.9000244140625,908.5499877929688,918.3499755859375,25835108
2023-04-28 05:30:00+05:30,ICICIBANK.NS,915.0999755859375,920.4500122070312,910.25,917.6500244140625,20381002
2023-05-02 05:30:00+05:30,ICICIBANK.NS,924.0,925.7999877929688,918.7000122070312,922.0999755859375,17515017
2023-05-03 05:30:00+05:30,ICICIBANK.NS,919.5499877929688,923.8499755859375,911.5499877929688,922.8499755859375,18715142
2023-05-04 05:30:00+05:30,ICICIBANK.NS,920.0,923.9000244140625,911.7999877929688,921.7000122070312,20485002
2023-05-05 05:30:00+05:30,ICICIBANK.NS,925.0,942.4500122070312,923.4500122070312,926.9500122070312,19002035
2023-05-08 05:30:00+05:30,ICICIBANK.NS,927.0,941.7000122070312,927.0,937.9000244140625,18623913
2023-05-09 05:30:00+05:30,ICICIBANK.NS,941.0,945.0,931.7999877929688,934.4000244140625,21507610
2023-05-10 05:30:00+05:30,ICICIBANK.NS,934.5999755859375,941.0,928.25,936.0499877929688,25910923
2023-05-11 05:30:00+05:30,ICICIBANK.NS,940.0499877929688,947.0,933.8499755859375,939.2000122070312,20027372
2023-05-12 05:30:00+05:30,ICICIBANK.NS,939.75,948.0,935.0999755859375,943.9000244140625,13873480
2023-05-15 05:30:00+05:30,ICICIBANK.NS,943.75,949.0,938.2000122070312,945.75,10453762
2023-05-16 05:30:00+05:30,ICICIBANK.NS,950.0,952.2000122070312,943.0,946.3499755859375,19612293
2023-05-17 05:30:00+05:30,ICICIBANK.NS,947.2999877929688,948.4000244140625,935.7999877929688,939.3499755859375,19273344
2023-05-18 05:30:00+05:30,ICICIBANK.NS,947.9500122070312,952.25,942.0999755859375,946.5,21550141
2023-05-19 05:30:00+05:30,ICICIBANK.NS,951.4500122070312,956.0,941.5999755859375,954.2999877929688,15427412
2023-05-22 05:30:00+05:30,ICICIBANK.NS,951.0499877929688,954.25,946.1500244140625,950.3499755859375,15509525
2023-05-23 05:30:00+05:30,ICICIBANK.NS,952.0,958.8499755859375,945.0,953.4000244140625,16579935
2023-05-24 05:30:00+05:30,ICICIBANK.NS,946.7000122070312,953.8499755859375,938.5,940.6500244140625,18049620
2023-05-25 05:30:00+05:30,ICICIBANK.NS,937.0,941.5999755859375,932.9500122070312,939.8499755859375,19328582
2023-05-26 05:30:00+05:30,ICICIBANK.NS,939.7999877929688,952.4500122070312,935.5499877929688,950.7000122070312,10957182
2023-05-29 05:30:00+05:30,ICICIBANK.NS,953.8499755859375,957.5999755859375,946.7999877929688,948.1500244140625,12108079
2023-05-30 05:30:00+05:30,ICICIBANK.NS,945.3499755859375,952.2999877929688,944.6500244140625,949.9500122070312,18483624
2023-05-31 05:30:00+05:30,ICICIBANK.NS,949.5,952.0,940.5,949.1500244140625,27254425
2023-06-01 05:30:00+05:30,ICICIBANK.NS,954.25,954.25,932.7999877929688,936.0999755859375,21650700
2023-06-02 05:30:00+05:30,ICICIBANK.NS,943.0,944.6500244140625,935.0499877929688,938.1500244140625,12494376
2023-06-05 05:30:00+05:30,ICICIBANK.NS,943.0,951.7999877929688,943.0,946.75,10751684
2023-06-06 05:30:00+05:30,ICICIBANK.NS,946.5,947.7999877929688,938.0999755859375,942.0999755859375,11894330
2023-06-07 05:30:00+05:30,ICICIBANK.NS,944.3499755859375,945.8499755859375,933.7999877929688,940.2000122070312,16486469
2023-06-08 05:30:00+05:30,ICICIBANK.NS,936.5999755859375,950.5,935.2000122070312,937.9000244140625,17608140
2023-06-09 05:30:00+05:30,ICICIBANK.NS,941.4000244140625,944.0,936.2000122070312,938.0499877929688,12253128
2023-06-12 05:30:00+05:30,ICICIBANK.NS,938.0,943.5,933.2999877929688,935.9500122070312,10520125
2023-06-13 05:30:00+05:30,ICICIBANK.NS,935.9000244140625,946.25,934.0999755859375,943.5499877929688,13528776
2023-06-14 05:30:00+05:30,ICICIBANK.NS,946.0499877929688,946.9500122070312,936.25,939.7999877929688,13489262
2023-06-15 05:30:00+05:30,ICICIBANK.NS,940.7000122070312,942.9500122070312,924.3499755859375,926.5999755859375,19366819
2023-06-16 05:30:00+05:30,ICICIBANK.NS,929.2999877929688,937.75,927.0,934.2000122070312,11249387
2023-06-19 05:30:00+05:30,ICICIBANK.NS,933.5,933.9500122070312,918.7000122070312,923.1500244140625,19351375
2023-06-20 05:30:00+05:30,ICICIBANK.NS,920.9500122070312,928.5499877929688,914.7999877929688,925.5499877929688,15212286
2023-06-21 05:30:00+05:30,ICICIBANK.NS,928.0,928.4000244140625,920.0,924.7000122070312,9210553
2023-06-22 05:30:00+05:30,ICICIBANK.NS,924.4000244140625,935.5499877929688,920.7000122070312,925.75,27291569
2023-06-23 05:30:00+05:30,ICICIBANK.NS,926.0499877929688,931.9000244140625,919.0,923.5,8767733
2023-06-26 05:30:00+05:30,ICICIBANK.NS,927.0999755859375,931.7999877929688,923.2000122070312,927.4500122070312,11749040
2023-06-27 05:30:00+05:30,ICICIBANK.NS,930.0,939.9500122070312,922.2000122070312,936.0999755859375,13422726
2023-06-28 05:30:00+05:30,ICICIBANK.NS,944.0,944.0,934.2999877929688,937.4500122070312,25708001
2023-06-30 05:30:00+05:30,ICICIBANK.NS,940.5,942.2000122070312,930.6500244140625,934.5999755859375,13843218
2023-07-03 05:30:00+05:30,ICICIBANK.NS,937.0,945.75,936.5,942.5499877929688,12350359
2023-07-04 05:30:00+05:30,ICICIBANK.NS,947.25,951.2999877929688,942.0,944.7000122070312,14041699
2023-07-05 05:30:00+05:30,ICICIBANK.NS,942.0499877929688,964.75,941.0,958.0,13817767
2023-07-06 05:30:00+05:30,ICICIBANK.NS,954.7000122070312,963.9000244140625,954.0,959.4000244140625,16334427
2023-07-07 05:30:00+05:30,ICICIBANK.NS,953.0,955.0499877929688,943.7999877929688,946.4000244140625,8593807
2023-07-10 05:30:00+05:30,ICICIBANK.NS,946.0,952.9000244140625,941.3499755859375,948.4000244140625,12069184
2023-07-11 05:30:00+05:30,ICICIBANK.NS,948.4000244140625,952.7000122070312,941.9000244140625,944.9500122070312,16977595
2023-07-12 05:30:00+05:30,ICICIBANK.NS,948.4000244140625,951.1500244140625,941.25,944.4000244140625,21511161
2023-07-13 05:30:00+05:30,ICICIBANK.NS,947.7000122070312,959.25,942.2000122070312,955.7000122070312,23222286
2023-07-14 05:30:00+05:30,ICICIBANK.NS,959.75,965.0,951.3499755859375,960.0499877929688,12871569
2023-07-17 05:30:00+05:30,ICICIBANK.NS,962.9000244140625,973.7999877929688,952.8499755859375,968.7000122070312,16290763
2023-07-18 05:30:00+05:30,ICICIBANK.NS,978.0,987.9500122070312,971.1500244140625,975.4500122070312,29709508
2023-07-19 05:30:00+05:30,ICICIBANK.NS,980.0,980.0,967.5499877929688,973.4500122070312,15994261
2023-07-20 05:30:00+05:30,ICICIBANK.NS,976.0499877929688,998.1500244140625,972.0999755859375,995.5999755859375,26487838
2023-07-21 05:30:00+05:30,ICICIBANK.NS,995.2999877929688,1001.4500122070312,988.7999877929688,997.0,16903003
2023-07-24 05:30:00+05:30,ICICIBANK.NS,1004.9500122070312,1008.7000122070312,990.0999755859375,992.0,21687719
2023-07-25 05:30:00+05:30,ICICIBANK.NS,999.0,999.0,988.25,994.7000122070312,29325327
2023-07-26 05:30:00+05:30,ICICIBANK.NS,993.0999755859375,997.75,990.0,996.4500122070312,12780537
2023-07-27 05:30:00+05:30,ICICIBANK.NS,1002.5499877929688,1006.5,987.2000122070312,990.25,25932395
2023-07-28 05:30:00+05:30,ICICIBANK.NS,988.0,998.7000122070312,977.0499877929688,996.2000122070312,12584130
2023-07-31 05:30:00+05:30,ICICIBANK.NS,996.0,999.4000244140625,988.5999755859375,998.2999877929688,14303116
2023-08-01 05:30:00+05:30,ICICIBANK.NS,1001.6500244140625,1003.7000122070312,990.4500122070312,994.5499877929688,15508569
2023-08-02 05:30:00+05:30,ICICIBANK.NS,985.25,994.0999755859375,977.5,986.9500122070312,15787996
2023-08-03 05:30:00+05:30,ICICIBANK.NS,976.5499877929688,983.0,960.0499877929688,965.0,30994707
2023-08-04 05:30:00+05:30,ICICIBANK.NS,968.6500244140625,976.0,961.25,970.5,20582882
2023-08-07 05:30:00+05:30,ICICIBANK.NS,970.9500122070312,981.5,968.2000122070312,975.6500244140625,16686062
2023-08-08 05:30:00+05:30,ICICIBANK.NS,975.75,986.5999755859375,972.2999877929688,979.9000244140625,23784778
2023-08-09 05:30:00+05:30,ICICIBANK.NS,974.9500122070312,975.2999877929688,963.5999755859375,972.7000122070312,19317331
2023-08-10 05:30:00+05:30,ICICIBANK.NS,971.5499877929688,973.6500244140625,959.4500122070312,964.0999755859375,24858441
2023-08-11 05:30:00+05:30,ICICIBANK.NS,963.4000244140625,963.5,950.0,952.8499755859375,17162177
2023-08-14 05:30:00+05:30,ICICIBANK.NS,949.0,962.9000244140625,946.0,959.5499877929688,19026691
2023-08-16 05:30:00+05:30,ICICIBANK.NS,954.4500122070312,959.7999877929688,946.5999755859375,956.5,17930805
2023-08-17 05:30:00+05:30,ICICIBANK.NS,956.9500122070312,957.7999877929688,946.4500122070312,951.6500244140625,27077611
2023-08-18 05:30:00+05:30,ICICIBANK.NS,947.9000244140625,955.0,946.0,950.6500244140625,13257508
2023-08-21 05:30:00+05:30,ICICIBANK.NS,950.7000122070312,959.2999877929688,948.4000244140625,955.2000122070312,13358017
2023-08-22 05:30:00+05:30,ICICIBANK.NS,956.4000244140625,956.9500122070312,949.2999877929688,952.0,16872719
2023-08-23 05:30:00+05:30,ICICIBANK.NS,954.0,968.0499877929688,949.8499755859375,966.8499755859375,14707331
2023-08-24 05:30:00+05:30,ICICIBANK.NS,972.5,982.4000244140625,966.75,968.9500122070312,28389740
2023-08-25 05:30:00+05:30,ICICIBANK.NS,962.9500122070312,972.5999755859375,960.2000122070312,970.4000244140625,10275758
2023-08-28 05:30:00+05:30,ICICIBANK.NS,969.9500122070312,975.0,965.0499877929688,970.5499877929688,10481574
2023-08-29 05:30:00+05:30,ICICIBANK.NS,973.2999877929688,977.25,965.6500244140625,967.75,13209913
2023-08-30 05:30:00+05:30,ICICIBANK.NS,970.4500122070312,975.9000244140625,955.4000244140625,958.9000244140625,13936165
2023-08-31 05:30:00+05:30,ICICIBANK.NS,960.0,966.2000122070312,954.0499877929688,958.75,36675400
2023-09-01 05:30:00+05:30,ICICIBANK.NS,956.9000244140625,973.0499877929688,952.7999877929688,968.7000122070312,16268147
2023-09-04 05:30:00+05:30,ICICIBANK.NS,968.7000122070312,969.0499877929688,960.5499877929688,967.3499755859375,9512956
2023-09-05 05:30:00+05:30,ICICIBANK.NS,964.0999755859375,970.0,962.25,968.4000244140625,16623486
2023-09-06 05:30:00+05:30,ICICIBANK.NS,962.5499877929688,969.5,950.7999877929688,957.5,30802100
2023-09-07 05:30:00+05:30,ICICIBANK.NS,957.4000244140625,969.5,954.7000122070312,965.6500244140625,13462347
2023-09-08 05:30:00+05:30,ICICIBANK.NS,967.5,975.0,961.25,970.5499877929688,13086915
2023-09-11 05:30:00+05:30,ICICIBANK.NS,974.9500122070312,982.0,969.3499755859375,978.25,7894110
2023-09-12 05:30:00+05:30,ICICIBANK.NS,990.0999755859375,995.1500244140625,982.6500244140625,990.5,20959591
2023-09-13 05:30:00+05:30,ICICIBANK.NS,989.7999877929688,994.8499755859375,980.5499877929688,989.7999877929688,21997553
2023-09-14 05:30:00+05:30,ICICIBANK.NS,992.2999877929688,992.9000244140625,982.25,987.7000122070312,11464188
2023-09-15 05:30:00+05:30,ICICIBANK.NS,990.3499755859375,997.5,988.5999755859375,992.4500122070312,13307980
2023-09-18 05:30:00+05:30,ICICIBANK.NS,990.0999755859375,996.25,987.2999877929688,990.2000122070312,16713222
2023-09-20 05:30:00+05:30,ICICIBANK.NS,981.5499877929688,996.0,980.6500244140625,987.1500244140625,25741856
2023-09-21 05:30:00+05:30,ICICIBANK.NS,979.9500122070312,982.5,957.4500122070312,959.2999877929688,19742813
2023-09-22 05:30:00+05:30,ICICIBANK.NS,956.5,960.9000244140625,947.4000244140625,950.2999877929688,12701888
2023-09-25 05:30:00+05:30,ICICIBANK.NS,950.2999877929688,961.2000122070312,941.5,956.3499755859375,8997098
2023-09-26 05:30:00+05:30,ICICIBANK.NS,958.9500122070312,958.9500122070312,947.0999755859375,948.7000122070312,10521409
2023-09-27 05:30:00+05:30,ICICIBANK.NS,946.2999877929688,946.5,934.4000244140625,943.0999755859375,15152973
2023-09-28 05:30:00+05:30,ICICIBANK.NS,945.5,947.25,934.75,942.5999755859375,25991282
2023-09-29 05:30:00+05:30,ICICIBANK.NS,946.7000122070312,956.0,943.7000122070312,951.9000244140625,10447334
2023-10-03 05:30:00+05:30,ICICIBANK.NS,951.5999755859375,951.5999755859375,939.0,940.2999877929688,11131636
2023-10-04 05:30:00+05:30,ICICIBANK.NS,935.0,935.5,925.0,930.0499877929688,17334739
2023-10-05 05:30:00+05:30,ICICIBANK.NS,935.2000122070312,943.9500122070312,934.5499877929688,940.8499755859375,10478856
2023-10-06 05:30:00+05:30,ICICIBANK.NS,946.0,946.5499877929688,938.0,945.2000122070312,6355755
2023-10-09 05:30:00+05:30,ICICIBANK.NS,940.25,942.0499877929688,936.2999877929688,938.5999755859375,6725306
2023-10-10 05:30:00+05:30,ICICIBANK.NS,940.4000244140625,957.5,940.3499755859375,951.2000122070312,11452715
2023-10-11 05:30:00+05:30,ICICIBANK.NS,954.9000244140625,962.0499877929688,950.75,953.0999755859375,12233117
2023-10-12 05:30:00+05:30,ICICIBANK.NS,952.8499755859375,960.0999755859375,948.4000244140625,954.25,7836818
2023-10-13 05:30:00+05:30,ICICIBANK.NS,949.9500122070312,957.4000244140625,944.5499877929688,951.2999877929688,6650442
2023-10-16 05:30:00+05:30,ICICIBANK.NS,948.5,954.8499755859375,946.1500244140625,951.4000244140625,5763024
2023-10-17 05:30:00+05:30,ICICIBANK.NS,955.4000244140625,960.9500122070312,951.5,953.9000244140625,7747527
2023-10-18 05:30:00+05:30,ICICIBANK.NS,949.2000122070312,950.6500244140625,939.0999755859375,943.75,12000153
2023-10-19 05:30:00+05:30,ICICIBANK.NS,936.0,945.0,934.0,935.75,8612676
2023-10-20 05:30:00+05:30,ICICIBANK.NS,932.0,940.0,930.0,932.75,6586576
2023-10-23 05:30:00+05:30,ICICIBANK.NS,942.0,944.7999877929688,925.4000244140625,929.9500122070312,11856890
2023-10-25 05:30:00+05:30,ICICIBANK.NS,926.0499877929688,933.7999877929688,911.4000244140625,916.0999755859375,12593434
2023-10-26 05:30:00+05:30,ICICIBANK.NS,914.2999877929688,916.5999755859375,899.0,908.6500244140625,21693345
2023-10-27 05:30:00+05:30,ICICIBANK.NS,916.0,918.1500244140625,911.2999877929688,912.75,8645505
2023-10-30 05:30:00+05:30,ICICIBANK.NS,909.0999755859375,926.2999877929688,908.2000122070312,924.9000244140625,7687791
2023-10-31 05:30:00+05:30,ICICIBANK.NS,929.2999877929688,931.0,914.0999755859375,915.3499755859375,17211107
2023-11-01 05:30:00+05:30,ICICIBANK.NS,913.7999877929688,917.5999755859375,909.2999877929688,914.0499877929688,12927203
2023-11-02 05:30:00+05:30,ICICIBANK.NS,920.0499877929688,924.7999877929688,912.7999877929688,919.9500122070312,9747311
2023-11-03 05:30:00+05:30,ICICIBANK.NS,928.5499877929688,934.5,926.7999877929688,933.7999877929688,7146961
2023-11-06 05:30:00+05:30,ICICIBANK.NS,941.0,947.75,937.4000244140625,945.4500122070312,10338367
2023-11-07 05:30:00+05:30,ICICIBANK.NS,943.5999755859375,950.4500122070312,930.4500122070312,948.0999755859375,15704942
2023-11-08 05:30:00+05:30,ICICIBANK.NS,948.4500122070312,948.4500122070312,934.0999755859375,935.75,17606074
2023-11-09 05:30:00+05:30,ICICIBANK.NS,934.0,942.3499755859375,933.0,937.3499755859375,9406117
2023-11-10 05:30:00+05:30,ICICIBANK.NS,934.9000244140625,941.4500122070312,932.4000244140625,938.5999755859375,9560455
2023-11-13 05:30:00+05:30,ICICIBANK.NS,940.9000244140625,940.9000244140625,932.0,934.4500122070312,11470096
2023-11-15 05:30:00+05:30,ICICIBANK.NS,944.4000244140625,944.4000244140625,938.75,941.0999755859375,19492138
2023-11-16 05:30:00+05:30,ICICIBANK.NS,939.0,946.2000122070312,934.0,936.0,19706373
2023-11-17 05:30:00+05:30,ICICIBANK.NS,926.5499877929688,938.4000244140625,920.1500244140625,921.8499755859375,10956653
2023-11-20 05:30:00+05:30,ICICIBANK.NS,922.0,926.75,917.5,921.4500122070312,10562301
2023-11-21 05:30:00+05:30,ICICIBANK.NS,924.4000244140625,928.0499877929688,922.0,926.0999755859375,8989572
2023-11-22 05:30:00+05:30,ICICIBANK.NS,923.25,925.2000122070312,914.75,922.75,12197979
2023-11-23 05:30:00+05:30,ICICIBANK.NS,923.0,925.3499755859375,918.5,923.0,5534614
2023-11-24 05:30:00+05:30,ICICIBANK.NS,921.5,930.4000244140625,920.2000122070312,929.4000244140625,7452002
2023-11-28 05:30:00+05:30,ICICIBANK.NS,928.9000244140625,931.0499877929688,921.7000122070312,925.5,14231987
2023-11-29 05:30:00+05:30,ICICIBANK.NS,930.9000244140625,941.0999755859375,926.0,939.5999755859375,11680078
2023-11-30 05:30:00+05:30,ICICIBANK.NS,938.9500122070312,940.8499755859375,928.2000122070312,934.9500122070312,23950292
2023-12-01 05:30:00+05:30,ICICIBANK.NS,935.9500122070312,952.0,933.0,946.7000122070312,16986046
2023-12-04 05:30:00+05:30,ICICIBANK.NS,963.7000122070312,994.8499755859375,961.4000244140625,991.2000122070312,33131257
2023-12-05 05:30:00+05:30,ICICIBANK.NS,1002.5,1015.75,995.0499877929688,1013.4500122070312,31378461
2023-12-06 05:30:00+05:30,ICICIBANK.NS,1014.0,1016.25,1000.25,1003.25,18786590
2023-12-07 05:30:00+05:30,ICICIBANK.NS,996.3499755859375,1002.2000122070312,988.1500244140625,999.0,11841945
2023-12-08 05:30:00+05:30,ICICIBANK.NS,994.5,1012.8499755859375,993.25,1010.8499755859375,16116363
2023-12-11 05:30:00+05:30,ICICIBANK.NS,1007.0999755859375,1020.0,1004.6500244140625,1017.0999755859375,11714606
2023-12-12 05:30:00+05:30,ICICIBANK.NS,1017.0999755859375,1021.0,1008.5999755859375,1015.7000122070312,12380856
2023-12-13 05:30:00+05:30,ICICIBANK.NS,1014.7999877929688,1020.7000122070312,1009.2000122070312,1013.9000244140625,15887040
2023-12-14 05:30:00+05:30,ICICIBANK.NS,1022.25,1040.0,1021.25,1033.6500244140625,16317672
2023-12-15 05:30:00+05:30,ICICIBANK.NS,1043.6500244140625,1043.699951171875,1025.699951171875,1037.4000244140625,14306067
2023-12-18 05:30:00+05:30,ICICIBANK.NS,1029.949951171875,1029.949951171875,1018.0,1021.4500122070312,8592711
2023-12-19 05:30:00+05:30,ICICIBANK.NS,1025.5,1025.5,1012.5999755859375,1015.4500122070312,10094256
2023-12-20 05:30:00+05:30,ICICIBANK.NS,1022.0,1022.0,1002.0,1006.6500244140625,16490281
2023-12-21 05:30:00+05:30,ICICIBANK.NS,996.5499877929688,1010.9000244140625,989.2000122070312,1004.4000244140625,18064916
2023-12-22 05:30:00+05:30,ICICIBANK.NS,1002.9500122070312,1009.5499877929688,991.5999755859375,994.2999877929688,20881976
2023-12-26 05:30:00+05:30,ICICIBANK.NS,994.9000244140625,997.5,989.9000244140625,995.0999755859375,14339699
2023-12-27 05:30:00+05:30,ICICIBANK.NS,997.9500122070312,1004.9000244140625,992.0,1002.25,12996468
2023-12-28 05:30:00+05:30,ICICIBANK.NS,1008.0,1011.7000122070312,999.0999755859375,1005.9000244140625,24915990
2023-12-29 05:30:00+05:30,ICICIBANK.NS,1004.0499877929688,1008.5499877929688,993.7000122070312,996.5999755859375,12280140
