timestamp,symbol,open,high,low,close,volume
2015-01-01 05:30:00+05:30,INFY.NS,492.23748779296875,495.5,489.2250061035156,493.6000061035156,2002764
2015-01-02 05:30:00+05:30,INFY.NS,493.0,504.76251220703125,493.0,503.29998779296875,6778320
2015-01-05 05:30:00+05:30,INFY.NS,502.4750061035156,507.5,494.375,498.9750061035156,9937024
2015-01-06 05:30:00+05:30,INFY.NS,495.0,496.25,483.5249938964844,488.54998779296875,9667316
2015-01-07 05:30:00+05:30,INFY.NS,491.25,493.6875,487.5,490.88751220703125,7249916
2015-01-08 05:30:00+05:30,INFY.NS,496.3999938964844,499.25,487.5,493.36248779296875,13564920
2015-01-09 05:30:00+05:30,INFY.NS,495.0249938964844,527.25,478.26251220703125,518.6124877929688,44863328
2015-01-12 05:30:00+05:30,INFY.NS,523.0,529.7999877929688,518.75,528.9874877929688,12758888
2015-01-13 05:30:00+05:30,INFY.NS,526.9500122070312,526.9500122070312,518.75,522.2249755859375,8801236
2015-01-14 05:30:00+05:30,INFY.NS,524.625,533.25,523.1500244140625,532.1624755859375,9921260
2015-01-15 05:30:00+05:30,INFY.NS,533.7999877929688,538.2000122070312,528.0625,533.5625,8342452
2015-01-16 05:30:00+05:30,INFY.NS,537.0,540.0,528.0,529.5750122070312,6690960
2015-01-19 05:30:00+05:30,INFY.NS,530.0,533.0875244140625,523.6500244140625,525.625,4087744
2015-01-20 05:30:00+05:30,INFY.NS,526.75,533.25,525.3624877929688,531.0499877929688,6804504
2015-01-21 05:30:00+05:30,INFY.NS,532.875,543.9874877929688,529.5,542.4749755859375,8494908
2015-01-22 05:30:00+05:30,INFY.NS,543.7000122070312,550.75,540.3250122070312,549.1124877929688,9958396
2015-01-23 05:30:00+05:30,INFY.NS,550.0,556.25,541.2750244140625,553.7625122070312,9486328
2015-01-27 05:30:00+05:30,INFY.NS,555.25,555.25,532.5250244140625,534.125,13739968
2015-01-28 05:30:00+05:30,INFY.NS,537.5,538.7000122070312,532.5750122070312,536.1375122070312,13134356
2015-01-29 05:30:00+05:30,INFY.NS,536.25,537.4749755859375,531.9000244140625,536.375,15369424
2015-01-30 05:30:00+05:30,INFY.NS,540.375,540.6375122070312,531.7374877929688,535.4749755859375,10833744
2015-02-02 05:30:00+05:30,INFY.NS,535.375,538.0,531.5125122070312,534.2125244140625,8702540
2015-02-03 05:30:00+05:30,INFY.NS,534.2125244140625,534.9874877929688,525.5,530.2249755859375,5265956
2015-02-04 05:30:00+05:30,INFY.NS,534.9749755859375,537.5,531.5999755859375,535.7125244140625,5160016
2015-02-05 05:30:00+05:30,INFY.NS,537.7000122070312,555.0,537.0,548.4500122070312,11875936
2015-02-06 05:30:00+05:30,INFY.NS,551.25,561.9500122070312,547.125,557.625,7453728
2015-02-09 05:30:00+05:30,INFY.NS,550.0,563.5,550.0,562.2249755859375,6536868
2015-02-10 05:30:00+05:30,INFY.NS,560.75,574.5,560.25,569.5750122070312,8516920
2015-02-11 05:30:00+05:30,INFY.NS,570.125,573.2999877929688,564.0625,571.2125244140625,5796972
2015-02-12 05:30:00+05:30,INFY.NS,570.75,580.4874877929688,568.25,577.7999877929688,6287536
2015-02-13 05:30:00+05:30,INFY.NS,574.9000244140625,581.6749877929688,571.5,574.0250244140625,5657516
2015-02-16 05:30:00+05:30,INFY.NS,570.0750122070312,576.7249755859375,566.3125,569.6875,6244276
2015-02-18 05:30:00+05:30,INFY.NS,572.6375122070312,576.2374877929688,564.5374755859375,574.125,8613764
2015-02-19 05:30:00+05:30,INFY.NS,573.5,583.5,573.0125122070312,581.1749877929688,9673624
2015-02-20 05:30:00+05:30,INFY.NS,582.125,584.0,569.2249755859375,570.7750244140625,6971628
2015-02-23 05:30:00+05:30,INFY.NS,575.0,577.2999877929688,562.0250244140625,566.4000244140625,5090488
2015-02-24 05:30:00+05:30,INFY.NS,569.75,573.9874877929688,564.4000244140625,568.2000122070312,6437676
2015-02-25 05:30:00+05:30,INFY.NS,572.2249755859375,583.7000122070312,570.0,579.4000244140625,6044972
2015-02-26 05:30:00+05:30,INFY.NS,576.875,577.25,561.3499755859375,564.5250244140625,6445776
2015-02-27 05:30:00+05:30,INFY.NS,568.7249755859375,570.1624755859375,562.875,566.4375,7801076
2015-03-02 05:30:00+05:30,INFY.NS,575.75,577.125,569.5125122070312,572.9249877929688,7040992
2015-03-03 05:30:00+05:30,INFY.NS,572.5,575.7374877929688,569.5750122070312,574.4625244140625,4905552
2015-03-04 05:30:00+05:30,INFY.NS,575.0,578.4749755859375,562.9749755859375,568.6624755859375,4375228
2015-03-05 05:30:00+05:30,INFY.NS,566.7625122070312,574.6875,558.3375244140625,561.9000244140625,5684916
2015-03-09 05:30:00+05:30,INFY.NS,564.75,564.75,544.75,547.5125122070312,7984720
2015-03-10 05:30:00+05:30,INFY.NS,549.5250244140625,551.7374877929688,540.0499877929688,549.5,6329916
2015-03-11 05:30:00+05:30,INFY.NS,548.5250244140625,560.0,542.2750244140625,545.5499877929688,6780912
2015-03-12 05:30:00+05:30,INFY.NS,544.75,556.6124877929688,544.25,554.5750122070312,5688564
2015-03-13 05:30:00+05:30,INFY.NS,556.25,557.5,548.0999755859375,555.0999755859375,6179684
2015-03-16 05:30:00+05:30,INFY.NS,552.6375122070312,570.5,552.6375122070312,566.6624755859375,6818632
2015-03-17 05:30:00+05:30,INFY.NS,566.6624755859375,569.875,554.3125,560.125,5539312
2015-03-18 05:30:00+05:30,INFY.NS,563.625,565.7125244140625,555.6375122070312,557.375,4905564
2015-03-19 05:30:00+05:30,INFY.NS,558.6500244140625,562.25,555.6875,557.6124877929688,6891740
2015-03-20 05:30:00+05:30,INFY.NS,560.25,567.2249755859375,558.2374877929688,564.3624877929688,6430896
2015-03-23 05:30:00+05:30,INFY.NS,563.25,568.75,556.375,558.3624877929688,5078700
2015-03-24 05:30:00+05:30,INFY.NS,558.7249755859375,563.3499755859375,551.5,552.8624877929688,6736532
2015-03-25 05:30:00+05:30,INFY.NS,555.7249755859375,557.2874755859375,550.1875,554.7750244140625,6170968
2015-03-26 05:30:00+05:30,INFY.NS,552.0,553.7249755859375,533.0,536.5875244140625,15740840
2015-03-27 05:30:00+05:30,INFY.NS,541.0,556.1749877929688,540.75,550.5374755859375,10074220
2015-03-30 05:30:00+05:30,INFY.NS,551.4000244140625,560.0,548.7249755859375,557.0,4623088
2015-03-31 05:30:00+05:30,INFY.NS,561.25,568.4124755859375,551.0875244140625,554.5875244140625,8016412
2015-04-01 05:30:00+05:30,INFY.NS,549.7249755859375,549.875,539.4249877929688,543.4874877929688,6738488
2015-04-06 05:30:00+05:30,INFY.NS,544.75,546.1749877929688,540.0999755859375,544.5499877929688,7741752
2015-04-07 05:30:00+05:30,INFY.NS,543.75,545.7000122070312,534.5,539.875,8542268
2015-04-08 05:30:00+05:30,INFY.NS,545.625,551.2249755859375,543.2625122070312,550.1375122070312,10185576
2015-04-09 05:30:00+05:30,INFY.NS,552.8499755859375,554.7249755859375,546.0999755859375,553.75,10581548
2015-04-10 05:30:00+05:30,INFY.NS,552.5499877929688,559.5,552.5499877929688,558.4874877929688,7123776
2015-04-13 05:30:00+05:30,INFY.NS,559.5,561.0,554.0250244140625,559.7000122070312,4872336
2015-04-15 05:30:00+05:30,INFY.NS,559.125,561.25,548.7625122070312,553.4249877929688,6237784
2015-04-16 05:30:00+05:30,INFY.NS,555.5,557.75,540.125,548.6624755859375,9007812
2015-04-17 05:30:00+05:30,INFY.NS,545.0125122070312,548.7374877929688,538.3624877929688,544.8125,6450316
2015-04-20 05:30:00+05:30,INFY.NS,544.0,545.0,528.7874755859375,533.0374755859375,12825384
2015-04-21 05:30:00+05:30,INFY.NS,537.0,538.7750244140625,530.0250244140625,535.6500244140625,8881648
2015-04-22 05:30:00+05:30,INFY.NS,537.7625122070312,538.75,524.4874877929688,534.4249877929688,12350984
2015-04-23 05:30:00+05:30,INFY.NS,537.1749877929688,537.5,528.0,530.5,11891800
2015-04-24 05:30:00+05:30,INFY.NS,533.9749755859375,537.5499877929688,495.0,498.79998779296875,43565452
2015-04-27 05:30:00+05:30,INFY.NS,500.0,500.5,487.0249938964844,496.1625061035156,19822640
2015-04-28 05:30:00+05:30,INFY.NS,495.5,495.5,488.0,490.2250061035156,10393500
2015-04-29 05:30:00+05:30,INFY.NS,490.2250061035156,493.0,484.48748779296875,490.2875061035156,8289056
2015-04-30 05:30:00+05:30,INFY.NS,490.0,491.25,483.07501220703125,485.5625,13134260
2015-05-04 05:30:00+05:30,INFY.NS,489.875,500.0,487.4750061035156,498.2749938964844,13361592
2015-05-05 05:30:00+05:30,INFY.NS,500.0,500.92498779296875,488.01251220703125,490.6875,9408516
2015-05-06 05:30:00+05:30,INFY.NS,493.75,493.75,478.82501220703125,480.51251220703125,10508408
2015-05-07 05:30:00+05:30,INFY.NS,480.5,491.7749938964844,477.5,486.0,6779984
2015-05-08 05:30:00+05:30,INFY.NS,489.5,491.88751220703125,486.3125,489.48748779296875,5777676
2015-05-11 05:30:00+05:30,INFY.NS,491.25,500.0,488.04998779296875,498.4125061035156,4785512
2015-05-12 05:30:00+05:30,INFY.NS,498.4125061035156,498.6499938964844,485.5,486.7749938964844,8284892
2015-05-13 05:30:00+05:30,INFY.NS,487.9375,491.2250061035156,482.125,489.17498779296875,7099084
2015-05-14 05:30:00+05:30,INFY.NS,490.0,490.20001220703125,477.0,483.70001220703125,6233844
2015-05-15 05:30:00+05:30,INFY.NS,483.75,491.6499938964844,483.07501220703125,490.4375,5189344
2015-05-18 05:30:00+05:30,INFY.NS,492.5,499.7250061035156,490.3999938964844,498.26251220703125,6469976
2015-05-19 05:30:00+05:30,INFY.NS,496.82501220703125,508.92498779296875,496.5,505.5874938964844,10272076
2015-05-20 05:30:00+05:30,INFY.NS,510.0,513.0,508.3999938964844,511.82501220703125,5882188
2015-05-21 05:30:00+05:30,INFY.NS,512.2249755859375,515.4749755859375,509.3125,512.1124877929688,10059312
2015-05-22 05:30:00+05:30,INFY.NS,511.0,512.8875122070312,507.5249938964844,511.61248779296875,6888824
2015-05-25 05:30:00+05:30,INFY.NS,512.625,514.1375122070312,501.76251220703125,504.20001220703125,4675808
2015-05-26 05:30:00+05:30,INFY.NS,505.0,507.86248779296875,500.5375061035156,501.82501220703125,3965040
2015-05-27 05:30:00+05:30,INFY.NS,501.75,502.25,488.75,492.125,8454708
2015-05-28 05:30:00+05:30,INFY.NS,493.79998779296875,508.0,493.79998779296875,504.1499938964844,10980540
2015-05-29 05:30:00+05:30,INFY.NS,501.2124938964844,514.1124877929688,500.25,505.7875061035156,18993044
2015-06-01 05:30:00+05:30,INFY.NS,508.20001220703125,516.0,505.8125,511.95001220703125,5724892
2015-06-02 05:30:00+05:30,INFY.NS,512.0250244140625,513.7750244140625,501.25,502.1625061035156,4673140
2015-06-03 05:30:00+05:30,INFY.NS,504.54998779296875,509.86248779296875,502.0,505.2250061035156,5495796
2015-06-04 05:30:00+05:30,INFY.NS,507.5,513.75,503.1499938964844,507.01251220703125,7489464
2015-06-05 05:30:00+05:30,INFY.NS,507.5,511.0,502.0375061035156,502.9125061035156,6125788
2015-06-08 05:30:00+05:30,INFY.NS,505.0,506.1625061035156,496.75,500.01251220703125,6141048
2015-06-09 05:30:00+05:30,INFY.NS,500.9375,501.9125061035156,495.75,498.0249938964844,7561740
2015-06-10 05:30:00+05:30,INFY.NS,497.5,509.8374938964844,496.25,506.625,6385840
2015-06-11 05:30:00+05:30,INFY.NS,508.98748779296875,511.1875,498.76251220703125,499.4125061035156,9229464
2015-06-12 05:30:00+05:30,INFY.NS,501.25,506.38751220703125,488.875,493.76251220703125,9852924
2015-06-15 05:30:00+05:30,INFY.NS,488.4750061035156,499.3999938964844,484.0,495.2250061035156,5236426
2015-06-16 05:30:00+05:30,INFY.NS,497.17498779296875,501.5,492.5,499.67498779296875,5223444
2015-06-17 05:30:00+05:30,INFY.NS,505.5,510.5,496.1000061035156,497.8500061035156,6412068
2015-06-18 05:30:00+05:30,INFY.NS,502.79998779296875,503.9750061035156,497.8999938964844,500.9750061035156,3474426
2015-06-19 05:30:00+05:30,INFY.NS,505.1499938964844,505.20001220703125,496.54998779296875,497.67498779296875,6670458
2015-06-22 05:30:00+05:30,INFY.NS,502.45001220703125,514.375,498.5,511.92498779296875,5710868
2015-06-23 05:30:00+05:30,INFY.NS,512.5,513.7000122070312,499.07501220703125,500.20001220703125,6952116
2015-06-24 05:30:00+05:30,INFY.NS,507.5,507.5,495.6000061035156,497.54998779296875,7073694
2015-06-25 05:30:00+05:30,INFY.NS,499.6000061035156,501.75,493.82501220703125,495.2250061035156,7117466
2015-06-26 05:30:00+05:30,INFY.NS,499.5,505.79998779296875,499.04998779296875,502.625,5320284
2015-06-29 05:30:00+05:30,INFY.NS,493.5,499.75,491.25,495.07501220703125,5690668
2015-06-30 05:30:00+05:30,INFY.NS,495.0,496.7250061035156,490.0,492.17498779296875,6212530
2015-07-01 05:30:00+05:30,INFY.NS,494.5,502.5,493.0,498.70001220703125,6880852
2015-07-02 05:30:00+05:30,INFY.NS,499.5,500.70001220703125,492.5249938964844,494.0,4007568
2015-07-03 05:30:00+05:30,INFY.NS,494.0,496.5,491.0,495.1499938964844,2695306
2015-07-06 05:30:00+05:30,INFY.NS,492.5,494.0,487.5,491.6499938964844,4305602
2015-07-07 05:30:00+05:30,INFY.NS,492.5,495.0,489.5,490.25,3497418
2015-07-08 05:30:00+05:30,INFY.NS,489.5,489.5,477.3999938964844,478.75,7024178
2015-07-09 05:30:00+05:30,INFY.NS,478.75,483.0,467.0249938964844,469.0,8587772
2015-07-10 05:30:00+05:30,INFY.NS,474.04998779296875,476.04998779296875,466.32501220703125,468.75,7411522
2015-07-13 05:30:00+05:30,INFY.NS,470.5,477.5,467.0249938964844,475.07501220703125,6531768
2015-07-14 05:30:00+05:30,INFY.NS,477.5,486.75,472.75,485.625,5367074
2015-07-15 05:30:00+05:30,INFY.NS,485.0,492.9750061035156,484.0,492.0,4129566
2015-07-16 05:30:00+05:30,INFY.NS,493.8500061035156,495.75,489.75,494.5249938964844,3472938
2015-07-17 05:30:00+05:30,INFY.NS,495.5,502.25,494.54998779296875,500.92498779296875,3447978
2015-07-20 05:30:00+05:30,INFY.NS,500.70001220703125,505.3999938964844,493.70001220703125,500.625,4377180
2015-07-21 05:30:00+05:30,INFY.NS,517.5,574.5,517.5,556.3250122070312,38310112
2015-07-22 05:30:00+05:30,INFY.NS,552.5,556.0,538.3250122070312,551.5750122070312,12665660
2015-07-23 05:30:00+05:30,INFY.NS,551.9749755859375,558.5,545.0,549.0,7710748
2015-07-24 05:30:00+05:30,INFY.NS,547.7750244140625,553.2249755859375,541.5499877929688,543.7999877929688,4480302
2015-07-27 05:30:00+05:30,INFY.NS,543.4500122070312,543.9749755859375,530.2249755859375,532.6500244140625,6752244
2015-07-28 05:30:00+05:30,INFY.NS,534.25,538.0,527.125,531.4249877929688,8476602
2015-07-29 05:30:00+05:30,INFY.NS,537.0,546.0,532.5,542.7000122070312,7071334
2015-07-30 05:30:00+05:30,INFY.NS,545.0,545.0,529.0,535.0,11956598
2015-07-31 05:30:00+05:30,INFY.NS,539.2750244140625,540.6749877929688,530.0,538.5250244140625,7931012
2015-08-03 05:30:00+05:30,INFY.NS,539.0,546.0,534.4749755859375,539.4749755859375,7961012
2015-08-04 05:30:00+05:30,INFY.NS,539.0,539.4749755859375,525.5,528.625,9099054
2015-08-05 05:30:00+05:30,INFY.NS,531.0,545.0,530.9749755859375,543.1749877929688,4753476
2015-08-06 05:30:00+05:30,INFY.NS,547.0,552.75,538.5,543.4749755859375,7238252
2015-08-07 05:30:00+05:30,INFY.NS,539.75,550.5,539.25,547.7999877929688,4988058
2015-08-10 05:30:00+05:30,INFY.NS,549.0,553.1749877929688,533.5,543.0,3992754
2015-08-11 05:30:00+05:30,INFY.NS,549.4000244140625,558.4500122070312,547.8499755859375,554.5750122070312,7574406
2015-08-12 05:30:00+05:30,INFY.NS,557.5,574.5,555.5,572.2000122070312,10168440
2015-08-13 05:30:00+05:30,INFY.NS,573.5,583.4249877929688,527.7750244140625,579.0,9787960
2015-08-14 05:30:00+05:30,INFY.NS,582.5,584.3499755859375,571.5499877929688,574.625,5109066
2015-08-17 05:30:00+05:30,INFY.NS,575.0,576.7249755859375,561.25,571.0750122070312,3107436
2015-08-18 05:30:00+05:30,INFY.NS,575.0,588.8499755859375,575.0,582.1749877929688,4150446
2015-08-19 05:30:00+05:30,INFY.NS,585.0,593.0999755859375,581.4000244140625,587.7750244140625,6869518
2015-08-20 05:30:00+05:30,INFY.NS,579.5,584.25,564.0,567.2750244140625,8369114
2015-08-21 05:30:00+05:30,INFY.NS,570.4500122070312,580.4749755859375,558.75,574.9500122070312,10822142
2015-08-24 05:30:00+05:30,INFY.NS,554.9749755859375,561.5,539.2999877929688,546.0250244140625,14122684
2015-08-25 05:30:00+05:30,INFY.NS,550.0,559.5,522.25,542.8250122070312,13735078
2015-08-26 05:30:00+05:30,INFY.NS,544.9000244140625,548.5,529.5,532.2999877929688,11498212
2015-08-27 05:30:00+05:30,INFY.NS,544.0,550.0499877929688,539.0250244140625,541.4000244140625,15343392
2015-08-28 05:30:00+05:30,INFY.NS,550.7999877929688,562.4500122070312,550.7999877929688,555.5250244140625,7208820
2015-08-31 05:30:00+05:30,INFY.NS,567.4249877929688,567.4249877929688,541.25,547.2000122070312,9917064
2015-09-01 05:30:00+05:30,INFY.NS,545.0,557.2999877929688,541.0,544.5,9071550
2015-09-02 05:30:00+05:30,INFY.NS,549.0,557.5,545.0,549.7249755859375,11171830
2015-09-03 05:30:00+05:30,INFY.NS,555.0750122070312,556.0,546.25,549.6749877929688,8590536
2015-09-04 05:30:00+05:30,INFY.NS,551.5,555.5,533.5,536.9749755859375,7318888
2015-09-07 05:30:00+05:30,INFY.NS,542.4749755859375,542.5,527.5,529.375,5180988
2015-09-08 05:30:00+05:30,INFY.NS,531.0,537.0,526.1500244140625,529.4000244140625,5459496
2015-09-09 05:30:00+05:30,INFY.NS,543.5499877929688,549.7999877929688,536.0,544.3499755859375,9148664
2015-09-10 05:30:00+05:30,INFY.NS,542.4500122070312,545.75,530.5,540.2249755859375,8363004
2015-09-11 05:30:00+05:30,INFY.NS,545.7750244140625,553.2000122070312,542.75,545.375,9883810
2015-09-14 05:30:00+05:30,INFY.NS,549.5,552.0,541.3250122070312,549.875,6557076
2015-09-15 05:30:00+05:30,INFY.NS,549.7000122070312,551.5999755859375,544.0750122070312,549.5999755859375,5291886
2015-09-16 05:30:00+05:30,INFY.NS,554.0,554.875,549.1500244140625,550.8250122070312,7478240
2015-09-18 05:30:00+05:30,INFY.NS,555.9000244140625,558.9500122070312,549.5250244140625,552.2249755859375,11576876
2015-09-21 05:30:00+05:30,INFY.NS,550.0,554.4249877929688,546.25,552.3250122070312,4351234
2015-09-22 05:30:00+05:30,INFY.NS,557.5,567.9749755859375,550.5499877929688,553.7249755859375,9626986
2015-09-23 05:30:00+05:30,INFY.NS,553.7249755859375,563.1749877929688,548.7249755859375,558.125,4758254
2015-09-24 05:30:00+05:30,INFY.NS,556.75,576.3499755859375,555.0,570.2750244140625,13399262
2015-09-28 05:30:00+05:30,INFY.NS,569.9749755859375,571.4249877929688,550.5,552.7750244140625,9788464
2015-09-29 05:30:00+05:30,INFY.NS,551.0,566.7000122070312,548.75,560.9249877929688,8699370
2015-09-30 05:30:00+05:30,INFY.NS,567.2000122070312,584.4749755859375,562.9749755859375,580.9749755859375,9495692
2015-10-01 05:30:00+05:30,INFY.NS,584.9500122070312,598.875,580.0,586.5250244140625,10864394
2015-10-05 05:30:00+05:30,INFY.NS,586.5,594.6749877929688,581.0,590.875,6881760
2015-10-06 05:30:00+05:30,INFY.NS,593.5250244140625,596.2750244140625,574.0499877929688,577.2999877929688,8711880
2015-10-07 05:30:00+05:30,INFY.NS,578.0,584.375,564.2249755859375,566.5999755859375,9182488
2015-10-08 05:30:00+05:30,INFY.NS,568.2000122070312,574.7999877929688,563.0250244140625,566.0750122070312,9080874
2015-10-09 05:30:00+05:30,INFY.NS,568.0,586.4500122070312,568.0,583.7000122070312,11782138
2015-10-12 05:30:00+05:30,INFY.NS,599.5,609.9000244140625,554.5,561.4500122070312,30404970
2015-10-13 05:30:00+05:30,INFY.NS,553.7249755859375,555.5,542.5999755859375,549.7000122070312,15326862
2015-10-14 05:30:00+05:30,INFY.NS,545.7249755859375,557.7750244140625,543.5999755859375,548.7999877929688,8865510
2015-10-15 05:30:00+05:30,INFY.NS,549.9500122070312,552.1749877929688,544.5499877929688,548.6749877929688,8255666
2015-10-16 05:30:00+05:30,INFY.NS,549.5,550.7000122070312,545.0,547.4500122070312,6418992
2015-10-19 05:30:00+05:30,INFY.NS,551.0,558.0,550.25,555.9749755859375,7347494
2015-10-20 05:30:00+05:30,INFY.NS,556.5,565.0,555.2999877929688,562.9749755859375,8788310
2015-10-21 05:30:00+05:30,INFY.NS,562.5,573.4249877929688,562.5,569.2000122070312,7278098
2015-10-23 05:30:00+05:30,INFY.NS,570.9000244140625,576.5,562.5499877929688,574.9500122070312,6033362
2015-10-26 05:30:00+05:30,INFY.NS,577.0,579.25,571.5750122070312,576.0750122070312,3195942
2015-10-27 05:30:00+05:30,INFY.NS,575.0,577.5,572.0499877929688,574.7000122070312,5263748
2015-10-28 05:30:00+05:30,INFY.NS,572.25,579.0,569.5,576.5999755859375,5255472
2015-10-29 05:30:00+05:30,INFY.NS,576.5499877929688,577.9500122070312,568.0250244140625,572.5250244140625,5887324
2015-10-30 05:30:00+05:30,INFY.NS,572.5,572.5,565.0,567.7249755859375,4044676
2015-11-02 05:30:00+05:30,INFY.NS,565.0,567.9000244140625,557.0499877929688,565.5999755859375,3544988
2015-11-03 05:30:00+05:30,INFY.NS,566.7000122070312,575.2249755859375,566.7000122070312,572.75,3614682
2015-11-04 05:30:00+05:30,INFY.NS,575.0499877929688,578.7999877929688,566.1500244140625,568.4000244140625,3205572
2015-11-05 05:30:00+05:30,INFY.NS,571.4749755859375,572.5,559.7000122070312,561.4500122070312,2345306
2015-11-06 05:30:00+05:30,INFY.NS,561.5,571.9500122070312,561.4500122070312,569.1500244140625,3026172
2015-11-09 05:30:00+05:30,INFY.NS,560.0,570.0,557.5999755859375,567.2999877929688,6125676
2015-11-10 05:30:00+05:30,INFY.NS,563.75,563.75,550.0499877929688,551.9249877929688,4680052
2015-11-13 05:30:00+05:30,INFY.NS,549.9749755859375,553.0,545.0,550.4000244140625,3520868
2015-11-16 05:30:00+05:30,INFY.NS,541.8250122070312,547.0,533.5999755859375,540.0999755859375,6808334
2015-11-17 05:30:00+05:30,INFY.NS,540.0,541.4500122070312,526.0,530.75,7184106
2015-11-18 05:30:00+05:30,INFY.NS,520.5,522.5750122070312,505.625,510.0,10125252
2015-11-19 05:30:00+05:30,INFY.NS,515.125,526.0,511.8999938964844,523.9000244140625,8539622
2015-11-20 05:30:00+05:30,INFY.NS,524.0,531.5999755859375,521.0250244140625,526.2000122070312,6082978
2015-11-23 05:30:00+05:30,INFY.NS,525.0,531.2000122070312,519.0,526.8499755859375,5616350
2015-11-24 05:30:00+05:30,INFY.NS,525.0,525.4000244140625,518.5,520.5750122070312,4325802
2015-11-26 05:30:00+05:30,INFY.NS,520.4749755859375,529.75,520.0250244140625,526.2000122070312,9853968
2015-11-27 05:30:00+05:30,INFY.NS,529.0,535.0,522.5,533.1749877929688,5142478
2015-11-30 05:30:00+05:30,INFY.NS,535.0,549.1500244140625,528.0999755859375,543.9500122070312,18105534
2015-12-01 05:30:00+05:30,INFY.NS,544.0,547.5,536.4749755859375,539.5,5898550
2015-12-02 05:30:00+05:30,INFY.NS,539.9749755859375,539.9749755859375,529.5,530.3499755859375,6397616
2015-12-03 05:30:00+05:30,INFY.NS,530.5,532.4000244140625,524.5250244140625,528.875,5504726
2015-12-04 05:30:00+05:30,INFY.NS,524.5,532.4500122070312,520.0499877929688,524.5250244140625,8375530
2015-12-07 05:30:00+05:30,INFY.NS,527.6500244140625,529.5,520.0,523.125,4513870
2015-12-08 05:30:00+05:30,INFY.NS,522.5250244140625,531.375,519.6500244140625,522.2000122070312,5724372
2015-12-09 05:30:00+05:30,INFY.NS,521.5,523.4749755859375,511.2749938964844,514.0999755859375,6818254
2015-12-10 05:30:00+05:30,INFY.NS,518.2999877929688,525.7999877929688,515.1500244140625,523.6749877929688,5587746
2015-12-11 05:30:00+05:30,INFY.NS,527.0,530.9500122070312,522.9500122070312,526.4000244140625,5390198
2015-12-14 05:30:00+05:30,INFY.NS,524.75,536.5750122070312,524.0250244140625,534.75,4816672
2015-12-15 05:30:00+05:30,INFY.NS,536.625,539.5499877929688,529.4000244140625,538.7750244140625,5431808
2015-12-16 05:30:00+05:30,INFY.NS,541.7000122070312,549.0,541.7000122070312,547.9249877929688,5495852
2015-12-17 05:30:00+05:30,INFY.NS,550.0,554.9000244140625,544.0,553.5499877929688,4958782
2015-12-18 05:30:00+05:30,INFY.NS,551.7000122070312,551.7000122070312,539.7249755859375,541.5750122070312,7219820
2015-12-21 05:30:00+05:30,INFY.NS,538.5,553.7000122070312,532.9749755859375,551.7249755859375,4331012
2015-12-22 05:30:00+05:30,INFY.NS,548.7249755859375,548.7249755859375,540.0499877929688,541.875,4109254
2015-12-23 05:30:00+05:30,INFY.NS,547.5250244140625,551.25,543.5250244140625,550.4249877929688,2870928
2015-12-24 05:30:00+05:30,INFY.NS,551.0250244140625,552.2249755859375,545.0499877929688,548.1749877929688,1230054
2015-12-28 05:30:00+05:30,INFY.NS,545.0,555.0,545.0,552.375,5526952
2015-12-29 05:30:00+05:30,INFY.NS,550.625,555.0,548.6500244140625,552.3499755859375,3345062
2015-12-30 05:30:00+05:30,INFY.NS,550.5499877929688,553.2999877929688,541.5,543.1500244140625,5153970
2015-12-31 05:30:00+05:30,INFY.NS,545.0750122070312,554.9749755859375,543.5,552.7000122070312,7943938
2016-01-01 05:30:00+05:30,INFY.NS,550.0,554.4749755859375,546.5999755859375,552.625,1806550
2016-01-04 05:30:00+05:30,INFY.NS,549.9749755859375,551.2249755859375,538.0250244140625,539.4500122070312,3975362
2016-01-05 05:30:00+05:30,INFY.NS,542.75,542.75,531.125,537.0250244140625,4949786
2016-01-06 05:30:00+05:30,INFY.NS,537.3250122070312,537.3250122070312,529.4500122070312,534.6749877929688,5588328
2016-01-07 05:30:00+05:30,INFY.NS,530.0250244140625,533.9500122070312,523.9500122070312,525.4000244140625,5294088
2016-01-08 05:30:00+05:30,INFY.NS,530.75,533.7000122070312,527.75,531.6500244140625,3156716
2016-01-11 05:30:00+05:30,INFY.NS,528.1500244140625,534.9749755859375,526.0499877929688,527.8499755859375,5360622
2016-01-12 05:30:00+05:30,INFY.NS,531.0,531.4749755859375,515.4249877929688,524.9749755859375,6565212
2016-01-13 05:30:00+05:30,INFY.NS,528.5,545.5,524.0499877929688,541.7000122070312,8751294
2016-01-14 05:30:00+05:30,INFY.NS,533.0,577.5,527.1749877929688,566.5,30227006
2016-01-15 05:30:00+05:30,INFY.NS,574.0,582.0,568.7750244140625,569.9500122070312,13036614
2016-01-18 05:30:00+05:30,INFY.NS,569.9500122070312,581.0499877929688,564.1749877929688,565.9500122070312,10066612
2016-01-19 05:30:00+05:30,INFY.NS,567.5,579.4749755859375,564.2750244140625,569.8250122070312,7500436
2016-01-20 05:30:00+05:30,INFY.NS,567.0,580.0,558.5,560.625,7507998
2016-01-21 05:30:00+05:30,INFY.NS,567.5,571.25,561.0,568.5250244140625,6743000
2016-01-22 05:30:00+05:30,INFY.NS,574.0499877929688,576.25,565.5,568.125,6436018
2016-01-25 05:30:00+05:30,INFY.NS,570.125,573.4249877929688,562.2750244140625,568.8250122070312,4579262
2016-01-27 05:30:00+05:30,INFY.NS,573.2249755859375,574.7999877929688,567.5,569.25,6971962
2016-01-28 05:30:00+05:30,INFY.NS,568.0,571.2999877929688,563.0999755859375,564.7999877929688,7788598
2016-01-29 05:30:00+05:30,INFY.NS,569.0,585.0,565.7999877929688,582.4500122070312,10232108
2016-02-01 05:30:00+05:30,INFY.NS,585.0,589.9500122070312,580.7999877929688,586.6749877929688,4251126
2016-02-02 05:30:00+05:30,INFY.NS,588.4249877929688,595.0,582.0,587.7750244140625,7632702
2016-02-03 05:30:00+05:30,INFY.NS,583.9000244140625,587.9500122070312,576.375,578.8499755859375,5245966
2016-02-04 05:30:00+05:30,INFY.NS,580.0250244140625,597.4749755859375,580.0250244140625,589.875,5549346
2016-02-05 05:30:00+05:30,INFY.NS,587.75,593.3250122070312,585.9249877929688,587.3499755859375,3984224
2016-02-08 05:30:00+05:30,INFY.NS,581.875,586.0999755859375,571.9000244140625,575.4000244140625,4221044
2016-02-09 05:30:00+05:30,INFY.NS,564.1500244140625,564.1500244140625,546.75,553.8250122070312,7579572
2016-02-10 05:30:00+05:30,INFY.NS,554.0,563.75,552.5,554.2750244140625,5866054
2016-02-11 05:30:00+05:30,INFY.NS,555.5,556.5,535.5750122070312,539.3250122070312,5214378
2016-02-12 05:30:00+05:30,INFY.NS,547.3499755859375,552.2000122070312,533.5,542.3250122070312,7408096
2016-02-15 05:30:00+05:30,INFY.NS,548.125,550.0999755859375,543.2999877929688,545.875,5093478
2016-02-16 05:30:00+05:30,INFY.NS,543.5,546.375,536.8499755859375,539.5750122070312,5125448
2016-02-17 05:30:00+05:30,INFY.NS,540.875,551.5,538.5,548.9249877929688,4164598
2016-02-18 05:30:00+05:30,INFY.NS,550.0,563.5,550.0,561.7000122070312,4189072
2016-02-19 05:30:00+05:30,INFY.NS,559.5999755859375,567.0999755859375,556.9249877929688,563.625,3974018
2016-02-22 05:30:00+05:30,INFY.NS,565.5,566.9749755859375,557.0250244140625,563.3250122070312,3857010
2016-02-23 05:30:00+05:30,INFY.NS,565.125,566.25,558.0250244140625,561.9500122070312,2501960
2016-02-24 05:30:00+05:30,INFY.NS,559.75,571.875,559.1749877929688,562.6749877929688,4950714
2016-02-25 05:30:00+05:30,INFY.NS,562.7000122070312,565.2999877929688,550.5499877929688,555.1500244140625,4484528
2016-02-26 05:30:00+05:30,INFY.NS,560.0750122070312,566.0,558.0,560.5750122070312,4235636
2016-02-29 05:30:00+05:30,INFY.NS,564.75,565.2000122070312,534.1500244140625,542.0250244140625,8166076
2016-03-01 05:30:00+05:30,INFY.NS,547.4000244140625,565.1500244140625,547.4000244140625,562.7249755859375,6386154
2016-03-02 05:30:00+05:30,INFY.NS,568.5250244140625,581.75,562.5,578.0,7214898
2016-03-03 05:30:00+05:30,INFY.NS,584.0,596.4249877929688,577.0,584.6500244140625,5814304
2016-03-04 05:30:00+05:30,INFY.NS,587.7999877929688,592.5,579.5499877929688,585.3250122070312,4281680
2016-03-08 05:30:00+05:30,INFY.NS,581.5,595.25,573.7000122070312,581.7249755859375,7617746
2016-03-09 05:30:00+05:30,INFY.NS,572.5,591.875,571.4749755859375,589.25,6305782
2016-03-10 05:30:00+05:30,INFY.NS,581.4500122070312,581.4500122070312,569.6749877929688,571.25,24381016
2016-03-11 05:30:00+05:30,INFY.NS,573.0999755859375,577.9749755859375,569.0999755859375,571.5,4058548
2016-03-14 05:30:00+05:30,INFY.NS,573.0,577.125,569.25,570.5999755859375,4174262
2016-03-15 05:30:00+05:30,INFY.NS,572.0,577.25,564.4749755859375,567.2000122070312,6720258
2016-03-16 05:30:00+05:30,INFY.NS,570.9500122070312,577.5,565.7750244140625,576.2249755859375,5588850
2016-03-17 05:30:00+05:30,INFY.NS,578.4500122070312,584.875,577.0250244140625,580.875,6474622
2016-03-18 05:30:00+05:30,INFY.NS,581.4000244140625,599.5,581.0,596.7000122070312,8477422
2016-03-21 05:30:00+05:30,INFY.NS,594.0,599.5,590.0250244140625,597.4500122070312,5138392
2016-03-22 05:30:00+05:30,INFY.NS,595.625,597.0,586.0,594.9749755859375,7097950
2016-03-23 05:30:00+05:30,INFY.NS,595.0,605.3499755859375,591.0499877929688,603.9000244140625,6333176
2016-03-28 05:30:00+05:30,INFY.NS,616.2000122070312,618.5,597.875,602.4500122070312,10787510
2016-03-29 05:30:00+05:30,INFY.NS,599.5,609.4500122070312,595.7750244140625,598.625,6995356
2016-03-30 05:30:00+05:30,INFY.NS,598.7999877929688,605.0,597.7750244140625,602.9749755859375,5756818
2016-03-31 05:30:00+05:30,INFY.NS,605.125,614.9500122070312,600.1500244140625,609.1500244140625,17996320
2016-04-01 05:30:00+05:30,INFY.NS,608.0,611.0999755859375,597.5499877929688,602.7249755859375,5511428
2016-04-04 05:30:00+05:30,INFY.NS,606.7750244140625,624.0,606.7750244140625,621.8499755859375,4577054
2016-04-05 05:30:00+05:30,INFY.NS,621.0,621.1500244140625,607.0,609.9000244140625,4790716
2016-04-06 05:30:00+05:30,INFY.NS,614.0,614.0,598.0,600.3499755859375,4931354
2016-04-07 05:30:00+05:30,INFY.NS,604.2000122070312,604.2000122070312,587.5,590.75,5657890
2016-04-08 05:30:00+05:30,INFY.NS,587.9249877929688,588.75,581.0250244140625,582.875,4195578
2016-04-11 05:30:00+05:30,INFY.NS,582.9000244140625,593.375,575.5499877929688,591.9500122070312,5768678
2016-04-12 05:30:00+05:30,INFY.NS,590.25,597.4500122070312,589.2999877929688,591.0999755859375,5842138
2016-04-13 05:30:00+05:30,INFY.NS,597.4749755859375,597.4749755859375,583.1749877929688,586.3499755859375,12511386
2016-04-18 05:30:00+05:30,INFY.NS,625.0,633.9500122070312,616.75,619.3499755859375,25015990
2016-04-20 05:30:00+05:30,INFY.NS,622.0,623.2249755859375,612.9000244140625,621.7999877929688,8072848
2016-04-21 05:30:00+05:30,INFY.NS,625.5,625.5,609.0499877929688,613.1500244140625,5441100
2016-04-22 05:30:00+05:30,INFY.NS,613.1500244140625,614.25,603.5,605.625,5143938
2016-04-25 05:30:00+05:30,INFY.NS,606.0250244140625,612.4000244140625,600.5499877929688,607.9249877929688,5364134
2016-04-26 05:30:00+05:30,INFY.NS,607.7249755859375,619.7750244140625,604.2999877929688,616.0750122070312,5846744
2016-04-27 05:30:00+05:30,INFY.NS,614.5999755859375,621.1749877929688,614.2750244140625,620.0750122070312,4486208
2016-04-28 05:30:00+05:30,INFY.NS,615.5,619.7999877929688,603.5,604.5750122070312,12165168
2016-04-29 05:30:00+05:30,INFY.NS,605.7249755859375,611.7750244140625,602.5,604.0499877929688,5036410
2016-05-02 05:30:00+05:30,INFY.NS,605.0,605.5750122070312,598.0750122070312,600.5250244140625,3615250
2016-05-03 05:30:00+05:30,INFY.NS,601.375,606.0999755859375,585.9000244140625,588.9000244140625,6824810
2016-05-04 05:30:00+05:30,INFY.NS,590.5,596.5,585.3250122070312,594.4249877929688,5812842
2016-05-05 05:30:00+05:30,INFY.NS,597.5750122070312,599.5,590.5499877929688,596.2249755859375,6302668
2016-05-06 05:30:00+05:30,INFY.NS,594.9000244140625,594.9000244140625,588.5250244140625,590.75,2596720
2016-05-09 05:30:00+05:30,INFY.NS,591.0,600.7750244140625,590.2999877929688,599.5250244140625,5123678
2016-05-10 05:30:00+05:30,INFY.NS,601.25,608.3250122070312,598.2999877929688,606.4000244140625,3395704
2016-05-11 05:30:00+05:30,INFY.NS,599.25,607.3499755859375,596.25,600.9249877929688,3709888
2016-05-12 05:30:00+05:30,INFY.NS,601.9500122070312,606.5,598.4000244140625,605.0,3406932
2016-05-13 05:30:00+05:30,INFY.NS,603.0,605.0,596.0750122070312,603.625,5652064
2016-05-16 05:30:00+05:30,INFY.NS,605.0999755859375,611.8250122070312,602.5,607.5,4533878
2016-05-17 05:30:00+05:30,INFY.NS,610.0,612.875,604.0750122070312,607.125,3796294
2016-05-18 05:30:00+05:30,INFY.NS,599.5,607.0,598.9500122070312,604.9249877929688,4256596
2016-05-19 05:30:00+05:30,INFY.NS,605.4749755859375,608.0750122070312,600.5,602.875,3954400
2016-05-20 05:30:00+05:30,INFY.NS,602.5,609.75,600.0,600.7999877929688,3994548
2016-05-23 05:30:00+05:30,INFY.NS,601.7000122070312,602.5750122070312,592.5,594.0,4585946
2016-05-24 05:30:00+05:30,INFY.NS,595.5250244140625,595.875,588.7999877929688,593.875,3485060
2016-05-25 05:30:00+05:30,INFY.NS,597.0499877929688,606.5499877929688,597.0499877929688,604.3250122070312,3857396
2016-05-26 05:30:00+05:30,INFY.NS,605.0499877929688,619.9000244140625,605.0499877929688,617.0750122070312,6136436
2016-05-27 05:30:00+05:30,INFY.NS,615.7999877929688,629.75,615.7999877929688,623.75,6180764
2016-05-30 05:30:00+05:30,INFY.NS,620.75,636.0,620.75,633.7999877929688,5285700
2016-05-31 05:30:00+05:30,INFY.NS,632.5,633.375,619.5,624.3250122070312,13782038
2016-06-01 05:30:00+05:30,INFY.NS,623.0250244140625,634.25,623.0,629.0999755859375,4840534
2016-06-02 05:30:00+05:30,INFY.NS,627.5,637.4500122070312,627.0,630.7750244140625,5053552
2016-06-03 05:30:00+05:30,INFY.NS,630.0250244140625,639.6500244140625,630.0250244140625,633.4500122070312,3998380
2016-06-06 05:30:00+05:30,INFY.NS,632.4500122070312,638.5,630.5499877929688,633.375,4225768
2016-06-07 05:30:00+05:30,INFY.NS,633.5,636.25,627.5499877929688,628.7000122070312,5692420
2016-06-08 05:30:00+05:30,INFY.NS,631.9749755859375,631.9749755859375,617.6749877929688,619.0499877929688,8741370
2016-06-09 05:30:00+05:30,INFY.NS,613.125,613.125,590.0250244140625,592.75,12740804
2016-06-10 05:30:00+05:30,INFY.NS,587.7000122070312,595.0,585.0499877929688,590.2999877929688,6383956
2016-06-13 05:30:00+05:30,INFY.NS,588.4000244140625,592.4500122070312,583.0,590.4500122070312,5286722
2016-06-14 05:30:00+05:30,INFY.NS,591.2000122070312,591.2000122070312,583.625,587.5,2940728
2016-06-15 05:30:00+05:30,INFY.NS,591.8499755859375,596.3250122070312,589.5250244140625,594.9749755859375,6711572
2016-06-16 05:30:00+05:30,INFY.NS,594.75,594.75,585.0499877929688,593.0,5302564
2016-06-17 05:30:00+05:30,INFY.NS,594.5,596.375,587.5499877929688,589.75,8515082
2016-06-20 05:30:00+05:30,INFY.NS,590.5,605.9000244140625,589.8499755859375,604.375,6229566
2016-06-21 05:30:00+05:30,INFY.NS,605.5999755859375,607.4000244140625,597.8250122070312,603.0499877929688,4761724
2016-06-22 05:30:00+05:30,INFY.NS,602.0,605.9749755859375,594.0750122070312,599.75,3031258
2016-06-23 05:30:00+05:30,INFY.NS,598.6500244140625,607.4249877929688,596.6749877929688,605.7999877929688,3828626
2016-06-24 05:30:00+05:30,INFY.NS,594.0,599.5,580.0,597.2750244140625,7808348
2016-06-27 05:30:00+05:30,INFY.NS,586.0250244140625,591.5999755859375,580.0,583.0999755859375,5583778
2016-06-28 05:30:00+05:30,INFY.NS,581.4000244140625,586.25,577.5499877929688,579.5750122070312,7655974
2016-06-29 05:30:00+05:30,INFY.NS,584.5,589.9500122070312,580.0999755859375,588.4249877929688,5459150
2016-06-30 05:30:00+05:30,INFY.NS,590.25,592.25,583.9749755859375,585.4000244140625,9346224
2016-07-01 05:30:00+05:30,INFY.NS,590.0,590.0,585.0499877929688,586.2000122070312,3991912
2016-07-04 05:30:00+05:30,INFY.NS,588.0999755859375,597.2999877929688,588.0999755859375,591.9749755859375,5381322
2016-07-05 05:30:00+05:30,INFY.NS,592.5,593.75,585.5250244140625,587.7249755859375,3596416
2016-07-07 05:30:00+05:30,INFY.NS,584.3499755859375,585.5,577.5,578.625,5954876
2016-07-08 05:30:00+05:30,INFY.NS,581.5,583.5,576.75,579.0999755859375,5551648
2016-07-11 05:30:00+05:30,INFY.NS,583.7000122070312,589.3499755859375,580.0,587.5250244140625,6668882
2016-07-12 05:30:00+05:30,INFY.NS,590.0,590.1749877929688,584.0,588.2750244140625,6197368
2016-07-13 05:30:00+05:30,INFY.NS,590.0,597.9000244140625,587.5999755859375,596.9000244140625,5275420
2016-07-14 05:30:00+05:30,INFY.NS,597.5,598.0250244140625,582.0,588.125,7413328
2016-07-15 05:30:00+05:30,INFY.NS,594.75,594.9500122070312,526.0,536.2750244140625,61484126
2016-07-18 05:30:00+05:30,INFY.NS,538.625,542.4500122070312,527.5750122070312,540.9749755859375,14332824
2016-07-19 05:30:00+05:30,INFY.NS,544.2999877929688,545.0,537.0499877929688,543.4749755859375,10404644
2016-07-20 05:30:00+05:30,INFY.NS,535.0,544.9500122070312,535.0,541.5499877929688,9822896
2016-07-21 05:30:00+05:30,INFY.NS,539.5,543.5999755859375,537.7999877929688,539.9500122070312,8668002
2016-07-22 05:30:00+05:30,INFY.NS,535.0,539.9500122070312,533.3499755859375,536.2249755859375,9386538
2016-07-25 05:30:00+05:30,INFY.NS,531.5,541.625,531.5,540.4249877929688,8469552
2016-07-26 05:30:00+05:30,INFY.NS,535.1749877929688,544.9500122070312,535.1749877929688,544.3499755859375,7189610
2016-07-27 05:30:00+05:30,INFY.NS,542.3499755859375,548.25,539.2750244140625,542.6749877929688,7431820
2016-07-28 05:30:00+05:30,INFY.NS,542.7000122070312,543.4749755859375,537.0250244140625,538.75,11258562
2016-07-29 05:30:00+05:30,INFY.NS,536.2999877929688,538.375,533.25,536.9249877929688,8156784
2016-08-01 05:30:00+05:30,INFY.NS,535.75,543.9249877929688,534.1749877929688,542.625,9096662
2016-08-02 05:30:00+05:30,INFY.NS,539.9500122070312,542.5,537.5,541.9000244140625,6822502
2016-08-03 05:30:00+05:30,INFY.NS,542.8250122070312,543.25,535.1500244140625,542.4500122070312,7213460
2016-08-04 05:30:00+05:30,INFY.NS,543.2000122070312,543.4500122070312,535.0250244140625,535.9000244140625,4237278
2016-08-05 05:30:00+05:30,INFY.NS,536.0,536.7249755859375,530.0,534.0,5609968
2016-08-08 05:30:00+05:30,INFY.NS,534.5,540.5,531.2750244140625,539.3499755859375,4643064
2016-08-09 05:30:00+05:30,INFY.NS,538.5,542.25,535.75,541.7000122070312,7192664
2016-08-10 05:30:00+05:30,INFY.NS,538.0,543.9500122070312,537.5999755859375,541.1749877929688,5576454
2016-08-11 05:30:00+05:30,INFY.NS,540.8499755859375,547.5,537.625,538.6749877929688,5038552
2016-08-12 05:30:00+05:30,INFY.NS,537.5250244140625,539.4000244140625,530.0,531.2750244140625,7449928
2016-08-16 05:30:00+05:30,INFY.NS,521.0,529.0250244140625,514.0,525.9000244140625,16429408
2016-08-17 05:30:00+05:30,INFY.NS,524.9749755859375,526.3250122070312,515.25,516.6500244140625,6599316
2016-08-18 05:30:00+05:30,INFY.NS,518.25,519.5499877929688,510.75,511.70001220703125,8434000
2016-08-19 05:30:00+05:30,INFY.NS,515.0,519.5,509.2250061035156,510.6499938964844,5686016
2016-08-22 05:30:00+05:30,INFY.NS,509.0,515.0,504.54998779296875,507.7250061035156,10253518
2016-08-23 05:30:00+05:30,INFY.NS,510.04998779296875,521.0,510.04998779296875,519.8250122070312,7406138
2016-08-24 05:30:00+05:30,INFY.NS,523.5,531.0250244140625,523.5,528.7000122070312,6129966
2016-08-25 05:30:00+05:30,INFY.NS,527.5,528.7999877929688,516.0499877929688,518.0750122070312,4796562
2016-08-26 05:30:00+05:30,INFY.NS,518.0,523.0,508.5249938964844,510.125,6881054
2016-08-29 05:30:00+05:30,INFY.NS,508.79998779296875,515.0,505.5,511.3999938964844,5220282
2016-08-30 05:30:00+05:30,INFY.NS,516.2249755859375,522.5,512.5,520.2000122070312,4375438
2016-08-31 05:30:00+05:30,INFY.NS,518.5499877929688,522.875,513.9000244140625,517.9249877929688,11139814
2016-09-01 05:30:00+05:30,INFY.NS,519.0,520.2249755859375,516.0,518.7750244140625,2877826
2016-09-02 05:30:00+05:30,INFY.NS,519.5250244140625,520.0,513.0999755859375,515.9249877929688,3332592
2016-09-06 05:30:00+05:30,INFY.NS,519.125,524.4500122070312,517.7999877929688,522.5,8215044
2016-09-07 05:30:00+05:30,INFY.NS,524.0,529.5,522.0,527.1749877929688,7425470
2016-09-08 05:30:00+05:30,INFY.NS,522.5,522.5,512.0,518.8250122070312,9092774
2016-09-09 05:30:00+05:30,INFY.NS,518.5,520.5,513.2750244140625,517.75,5053438
2016-09-12 05:30:00+05:30,INFY.NS,512.625,529.0,512.625,527.0,6203096
2016-09-14 05:30:00+05:30,INFY.NS,526.9749755859375,528.9000244140625,520.3250122070312,522.7999877929688,5152418
2016-09-15 05:30:00+05:30,INFY.NS,522.7999877929688,523.4000244140625,517.6749877929688,521.0999755859375,4701722
2016-09-16 05:30:00+05:30,INFY.NS,524.5,532.25,519.0499877929688,530.0750122070312,9949384
2016-09-19 05:30:00+05:30,INFY.NS,523.0,534.4500122070312,520.6749877929688,530.5999755859375,5809154
2016-09-20 05:30:00+05:30,INFY.NS,526.6500244140625,528.5750122070312,522.875,525.0750122070312,4214004
2016-09-21 05:30:00+05:30,INFY.NS,527.0,530.625,525.5250244140625,527.875,4231532
2016-09-22 05:30:00+05:30,INFY.NS,529.5,530.5,526.0,529.4000244140625,3629514
2016-09-23 05:30:00+05:30,INFY.NS,528.5,529.4000244140625,520.0,521.2750244140625,5205294
2016-09-26 05:30:00+05:30,INFY.NS,521.375,522.0,515.5,517.9500122070312,6371798
2016-09-27 05:30:00+05:30,INFY.NS,517.5250244140625,524.9500122070312,516.6749877929688,519.875,6525660
2016-09-28 05:30:00+05:30,INFY.NS,520.0,521.1500244140625,516.625,519.4749755859375,5434708
2016-09-29 05:30:00+05:30,INFY.NS,522.4749755859375,522.4749755859375,512.0,514.5999755859375,8902638
2016-09-30 05:30:00+05:30,INFY.NS,515.5499877929688,521.9500122070312,515.5499877929688,518.0250244140625,6502354
2016-10-03 05:30:00+05:30,INFY.NS,517.75,520.0,513.0499877929688,519.0499877929688,3656160
2016-10-04 05:30:00+05:30,INFY.NS,520.0,525.7000122070312,519.1500244140625,524.5999755859375,5066586
2016-10-05 05:30:00+05:30,INFY.NS,524.5999755859375,524.9249877929688,518.5,520.75,2307574
2016-10-06 05:30:00+05:30,INFY.NS,522.5,522.5,512.9749755859375,513.7000122070312,3721882
2016-10-07 05:30:00+05:30,INFY.NS,514.9749755859375,516.9000244140625,505.04998779296875,506.2749938964844,6288558
2016-10-10 05:30:00+05:30,INFY.NS,508.5,515.875,505.0,514.9749755859375,5413170
2016-10-13 05:30:00+05:30,INFY.NS,510.70001220703125,529.0,510.70001220703125,526.1749877929688,9778690
2016-10-14 05:30:00+05:30,INFY.NS,526.4500122070312,541.3499755859375,498.125,513.5750122070312,33461690
2016-10-17 05:30:00+05:30,INFY.NS,517.4749755859375,520.9000244140625,508.67498779296875,511.20001220703125,8014858
2016-10-18 05:30:00+05:30,INFY.NS,515.0,520.25,513.6500244140625,519.5250244140625,6388134
2016-10-19 05:30:00+05:30,INFY.NS,521.0,522.8499755859375,518.0,520.9000244140625,3509836
2016-10-20 05:30:00+05:30,INFY.NS,522.375,525.3499755859375,516.9000244140625,518.3250122070312,3535490
2016-10-21 05:30:00+05:30,INFY.NS,517.5,520.5,511.25,519.1500244140625,3863620
2016-10-24 05:30:00+05:30,INFY.NS,518.75,521.3499755859375,512.75,513.5499877929688,2902974
2016-10-25 05:30:00+05:30,INFY.NS,518.25,519.4500122070312,507.6000061035156,508.6000061035156,5636014
2016-10-26 05:30:00+05:30,INFY.NS,508.5,509.92498779296875,504.6499938964844,507.1000061035156,2775216
2016-10-27 05:30:00+05:30,INFY.NS,508.95001220703125,508.9750061035156,500.54998779296875,501.75,7227790
2016-10-28 05:30:00+05:30,INFY.NS,502.6000061035156,505.0,496.57501220703125,498.75,5840706
2016-11-01 05:30:00+05:30,INFY.NS,503.3999938964844,503.3999938964844,493.20001220703125,494.7250061035156,6332798
2016-11-02 05:30:00+05:30,INFY.NS,492.3999938964844,493.75,490.0,490.5249938964844,5377194
2016-11-03 05:30:00+05:30,INFY.NS,490.5249938964844,491.0,482.54998779296875,483.42498779296875,5225108
2016-11-04 05:30:00+05:30,INFY.NS,483.5,489.6000061035156,480.5,485.5,6005548
2016-11-07 05:30:00+05:30,INFY.NS,492.5,493.0,487.5,488.9750061035156,4537672
2016-11-08 05:30:00+05:30,INFY.NS,493.45001220703125,493.875,485.29998779296875,491.29998779296875,5261108
2016-11-09 05:30:00+05:30,INFY.NS,465.0,487.29998779296875,450.5,479.1499938964844,12764158
2016-11-10 05:30:00+05:30,INFY.NS,481.25,481.25,467.5,469.70001220703125,7287330
2016-11-11 05:30:00+05:30,INFY.NS,470.0,472.5,459.3500061035156,460.7749938964844,7096782
2016-11-15 05:30:00+05:30,INFY.NS,462.0,469.9750061035156,454.2749938964844,461.7749938964844,9235850
2016-11-16 05:30:00+05:30,INFY.NS,465.0,478.42498779296875,464.2749938964844,470.45001220703125,12222616
2016-11-17 05:30:00+05:30,INFY.NS,467.125,474.5,463.20001220703125,464.8999938964844,5706730
2016-11-18 05:30:00+05:30,INFY.NS,465.0,466.625,458.75,460.0,6040228
2016-11-21 05:30:00+05:30,INFY.NS,463.45001220703125,463.45001220703125,453.4750061035156,455.54998779296875,7940568
2016-11-22 05:30:00+05:30,INFY.NS,458.45001220703125,464.32501220703125,455.82501220703125,457.1000061035156,5483126
2016-11-23 05:30:00+05:30,INFY.NS,461.04998779296875,461.45001220703125,456.2250061035156,460.125,8251786
2016-11-24 05:30:00+05:30,INFY.NS,464.1000061035156,469.95001220703125,461.6499938964844,465.1499938964844,16780644
2016-11-25 05:30:00+05:30,INFY.NS,465.2250061035156,492.5,465.2250061035156,488.75,12631380
2016-11-28 05:30:00+05:30,INFY.NS,489.6499938964844,491.7250061035156,485.29998779296875,489.875,7365712
2016-11-29 05:30:00+05:30,INFY.NS,489.3999938964844,492.3500061035156,483.54998779296875,486.29998779296875,6125506
2016-11-30 05:30:00+05:30,INFY.NS,486.5,488.5,480.5249938964844,487.7749938964844,8500918
2016-12-01 05:30:00+05:30,INFY.NS,488.0,491.7749938964844,483.5,487.79998779296875,4611590
2016-12-02 05:30:00+05:30,INFY.NS,482.3999938964844,484.79998779296875,480.54998779296875,482.25,4453228
2016-12-05 05:30:00+05:30,INFY.NS,482.95001220703125,484.29998779296875,479.0,480.82501220703125,3659576
2016-12-06 05:30:00+05:30,INFY.NS,480.8999938964844,489.75,480.82501220703125,483.25,3562110
2016-12-07 05:30:00+05:30,INFY.NS,484.0,486.5,480.1000061035156,483.20001220703125,3385980
2016-12-08 05:30:00+05:30,INFY.NS,485.0249938964844,493.04998779296875,485.0249938964844,492.32501220703125,5941662
2016-12-09 05:30:00+05:30,INFY.NS,492.5,504.07501220703125,490.75,494.67498779296875,8648384
2016-12-12 05:30:00+05:30,INFY.NS,491.3999938964844,491.3999938964844,482.6000061035156,488.67498779296875,5345020
2016-12-13 05:30:00+05:30,INFY.NS,490.25,496.42498779296875,485.54998779296875,495.1000061035156,4854282
2016-12-14 05:30:00+05:30,INFY.NS,495.5,502.4750061035156,492.04998779296875,499.875,5382614
2016-12-15 05:30:00+05:30,INFY.NS,498.70001220703125,509.4750061035156,494.5,496.17498779296875,7966416
2016-12-16 05:30:00+05:30,INFY.NS,501.8999938964844,504.8500061035156,498.875,502.57501220703125,6436742
2016-12-19 05:30:00+05:30,INFY.NS,503.04998779296875,504.125,497.04998779296875,502.32501220703125,4124134
2016-12-20 05:30:00+05:30,INFY.NS,501.0,509.5,500.6499938964844,506.07501220703125,7636498
2016-12-21 05:30:00+05:30,INFY.NS,508.0,511.0,499.125,500.7749938964844,7343976
2016-12-22 05:30:00+05:30,INFY.NS,501.25,503.5,484.75,492.3500061035156,7060054
2016-12-23 05:30:00+05:30,INFY.NS,492.45001220703125,503.29998779296875,486.79998779296875,494.2250061035156,7306036
2016-12-26 05:30:00+05:30,INFY.NS,494.0,497.0,487.54998779296875,491.375,3213828
2016-12-27 05:30:00+05:30,INFY.NS,491.375,500.95001220703125,490.0,499.4750061035156,4912816
2016-12-28 05:30:00+05:30,INFY.NS,501.4750061035156,504.8999938964844,497.5,499.25,5476816
2016-12-29 05:30:00+05:30,INFY.NS,501.875,504.0,494.07501220703125,496.17498779296875,6240124
2016-12-30 05:30:00+05:30,INFY.NS,499.0,506.0,496.375,505.29998779296875,7267768
2017-01-02 05:30:00+05:30,INFY.NS,505.54998779296875,506.4750061035156,499.67498779296875,500.54998779296875,2335222
2017-01-03 05:30:00+05:30,INFY.NS,502.04998779296875,502.45001220703125,491.0,496.92498779296875,6778482
2017-01-04 05:30:00+05:30,INFY.NS,497.5249938964844,502.1000061035156,496.125,498.875,7073586
2017-01-05 05:30:00+05:30,INFY.NS,500.79998779296875,504.75,494.375,498.07501220703125,8207074
2017-01-06 05:30:00+05:30,INFY.NS,497.45001220703125,499.42498779296875,484.0249938964844,486.125,14393448
2017-01-09 05:30:00+05:30,INFY.NS,486.125,488.4750061035156,482.5,485.17498779296875,10545692
2017-01-10 05:30:00+05:30,INFY.NS,488.5,490.5,483.9750061035156,485.2749938964844,11939854
2017-01-11 05:30:00+05:30,INFY.NS,487.1000061035156,489.2250061035156,481.9750061035156,484.54998779296875,12241574
2017-01-12 05:30:00+05:30,INFY.NS,488.7749938964844,502.20001220703125,488.7749938964844,500.0249938964844,11855740
2017-01-13 05:30:00+05:30,INFY.NS,515.0,520.0,481.3500061035156,487.8999938964844,31276246
2017-01-16 05:30:00+05:30,INFY.NS,482.5,482.7250061035156,476.2250061035156,477.82501220703125,12351372
2017-01-17 05:30:00+05:30,INFY.NS,478.125,482.0,476.20001220703125,477.70001220703125,5560094
2017-01-18 05:30:00+05:30,INFY.NS,479.04998779296875,480.5,474.8999938964844,475.3999938964844,5952962
2017-01-19 05:30:00+05:30,INFY.NS,475.5,479.79998779296875,474.04998779296875,479.04998779296875,8876480
2017-01-20 05:30:00+05:30,INFY.NS,475.0,476.57501220703125,473.0,474.3500061035156,9124742
2017-01-23 05:30:00+05:30,INFY.NS,472.5,479.0,470.0,476.3500061035156,7948580
2017-01-24 05:30:00+05:30,INFY.NS,475.0,475.0,470.04998779296875,472.7749938964844,6826010
2017-01-25 05:30:00+05:30,INFY.NS,473.04998779296875,473.3999938964844,467.3999938964844,468.29998779296875,9978090
2017-01-27 05:30:00+05:30,INFY.NS,466.92498779296875,473.7749938964844,450.57501220703125,471.07501220703125,10635138
2017-01-30 05:30:00+05:30,INFY.NS,468.75,475.75,464.42498779296875,474.67498779296875,11369208
2017-01-31 05:30:00+05:30,INFY.NS,470.75,470.75,452.17498779296875,464.29998779296875,24068534
2017-02-01 05:30:00+05:30,INFY.NS,460.54998779296875,461.6000061035156,452.57501220703125,458.375,11531782
2017-02-02 05:30:00+05:30,INFY.NS,458.5,472.5,455.04998779296875,467.95001220703125,11828268
2017-02-03 05:30:00+05:30,INFY.NS,466.8999938964844,470.45001220703125,460.5249938964844,468.04998779296875,8423958
2017-02-06 05:30:00+05:30,INFY.NS,468.625,471.875,465.2749938964844,467.625,6727934
2017-02-07 05:30:00+05:30,INFY.NS,466.5,474.8999938964844,464.2749938964844,471.125,9268002
2017-02-08 05:30:00+05:30,INFY.NS,468.0,472.04998779296875,466.2250061035156,468.25,6319962
2017-02-09 05:30:00+05:30,INFY.NS,468.5,475.0,468.2749938964844,473.0,11907266
2017-02-10 05:30:00+05:30,INFY.NS,473.125,486.0,471.6499938964844,484.1499938964844,12252452
2017-02-13 05:30:00+05:30,INFY.NS,486.42498779296875,493.04998779296875,481.42498779296875,492.17498779296875,13724268
2017-02-14 05:30:00+05:30,INFY.NS,490.0,494.5,486.17498779296875,493.8500061035156,9338818
2017-02-15 05:30:00+05:30,INFY.NS,494.6000061035156,499.3999938964844,484.3999938964844,490.8999938964844,7259486
2017-02-16 05:30:00+05:30,INFY.NS,495.5,506.95001220703125,495.0249938964844,506.04998779296875,12815858
2017-02-17 05:30:00+05:30,INFY.NS,506.875,506.875,496.3500061035156,500.04998779296875,4851208
2017-02-20 05:30:00+05:30,INFY.NS,498.25,515.5,496.75,505.125,4650662
2017-02-21 05:30:00+05:30,INFY.NS,511.04998779296875,512.25,500.0249938964844,506.79998779296875,7613996
2017-02-22 05:30:00+05:30,INFY.NS,507.5,507.5,493.20001220703125,495.07501220703125,6607838
2017-02-23 05:30:00+05:30,INFY.NS,499.45001220703125,510.0,496.67498779296875,504.42498779296875,9542656
2017-02-27 05:30:00+05:30,INFY.NS,503.6499938964844,511.5,503.4750061035156,506.20001220703125,5328696
2017-02-28 05:30:00+05:30,INFY.NS,505.92498779296875,511.3500061035156,504.625,506.20001220703125,5940132
2017-03-01 05:30:00+05:30,INFY.NS,506.0,513.5,505.04998779296875,512.5750122070312,4282448
2017-03-02 05:30:00+05:30,INFY.NS,512.2000122070312,514.0,508.25,511.6499938964844,2948498
2017-03-03 05:30:00+05:30,INFY.NS,505.125,517.1500244140625,500.20001220703125,515.5999755859375,5401612
2017-03-06 05:30:00+05:30,INFY.NS,510.0249938964844,517.9749755859375,509.8500061035156,516.9500122070312,5286386
2017-03-07 05:30:00+05:30,INFY.NS,511.0,512.9000244140625,507.3500061035156,509.8999938964844,4644496
2017-03-08 05:30:00+05:30,INFY.NS,508.45001220703125,508.45001220703125,502.2250061035156,503.8999938964844,6179176
2017-03-09 05:30:00+05:30,INFY.NS,503.8999938964844,506.5,499.5,505.7749938964844,3480630
2017-03-10 05:30:00+05:30,INFY.NS,507.5,513.8250122070312,506.70001220703125,510.92498779296875,4550324
2017-03-14 05:30:00+05:30,INFY.NS,511.3999938964844,520.9500122070312,511.3999938964844,517.4000244140625,7878396
2017-03-15 05:30:00+05:30,INFY.NS,517.4500122070312,517.4500122070312,503.75,505.9750061035156,6373978
2017-03-16 05:30:00+05:30,INFY.NS,506.6499938964844,515.8499755859375,506.6499938964844,514.4249877929688,6702956
2017-03-17 05:30:00+05:30,INFY.NS,517.7000122070312,521.4500122070312,509.625,520.1500244140625,9507846
2017-03-20 05:30:00+05:30,INFY.NS,513.2750244140625,513.2750244140625,507.54998779296875,510.75,4427388
2017-03-21 05:30:00+05:30,INFY.NS,510.45001220703125,517.4749755859375,509.3999938964844,516.4249877929688,4869584
2017-03-22 05:30:00+05:30,INFY.NS,511.2250061035156,519.9749755859375,510.20001220703125,513.8499755859375,3990852
2017-03-23 05:30:00+05:30,INFY.NS,514.125,521.5,513.2999877929688,520.2249755859375,4501662
2017-03-24 05:30:00+05:30,INFY.NS,519.0,522.0,513.8499755859375,515.7000122070312,4883896
2017-03-27 05:30:00+05:30,INFY.NS,513.5999755859375,520.9249877929688,512.25,514.4249877929688,7684824
2017-03-28 05:30:00+05:30,INFY.NS,515.75,519.5,515.0250244140625,517.5750122070312,4796796
2017-03-29 05:30:00+05:30,INFY.NS,517.1500244140625,520.75,512.9249877929688,515.9249877929688,6981186
2017-03-30 05:30:00+05:30,INFY.NS,517.0,517.9500122070312,510.125,512.75,12157180
2017-03-31 05:30:00+05:30,INFY.NS,511.625,514.6500244140625,504.0,511.125,14153854
2017-04-03 05:30:00+05:30,INFY.NS,516.0750122070312,516.2249755859375,503.04998779296875,504.3999938964844,4315600
2017-04-05 05:30:00+05:30,INFY.NS,502.5,502.70001220703125,495.5,497.9750061035156,7398338
2017-04-06 05:30:00+05:30,INFY.NS,499.07501220703125,502.8999938964844,496.0,499.79998779296875,5379008
2017-04-07 05:30:00+05:30,INFY.NS,500.45001220703125,500.45001220703125,489.5,490.7749938964844,6404508
2017-04-10 05:30:00+05:30,INFY.NS,492.45001220703125,494.75,475.04998779296875,476.70001220703125,9528472
2017-04-11 05:30:00+05:30,INFY.NS,478.0249938964844,485.8500061035156,478.0249938964844,483.57501220703125,8655466
2017-04-12 05:30:00+05:30,INFY.NS,485.0,488.45001220703125,480.17498779296875,484.42498779296875,6696752
2017-04-13 05:30:00+05:30,INFY.NS,485.0,495.0,463.32501220703125,465.70001220703125,30973188
2017-04-17 05:30:00+05:30,INFY.NS,465.0,466.04998779296875,461.75,462.45001220703125,7213434
2017-04-18 05:30:00+05:30,INFY.NS,462.375,467.0,459.54998779296875,461.32501220703125,4647518
2017-04-19 05:30:00+05:30,INFY.NS,461.5,465.0,456.32501220703125,459.6000061035156,10071702
2017-04-20 05:30:00+05:30,INFY.NS,460.75,464.8500061035156,459.2749938964844,463.6499938964844,4549000
2017-04-21 05:30:00+05:30,INFY.NS,467.3999938964844,467.3999938964844,460.54998779296875,461.8500061035156,3577466
2017-04-24 05:30:00+05:30,INFY.NS,458.75,464.25,456.5,463.2749938964844,5556666
2017-04-25 05:30:00+05:30,INFY.NS,462.95001220703125,466.5,460.2749938964844,464.67498779296875,4737060
2017-04-26 05:30:00+05:30,INFY.NS,464.9750061035156,467.7749938964844,455.1000061035156,457.125,9084496
2017-04-27 05:30:00+05:30,INFY.NS,458.0,464.5,458.0,462.625,7797208
2017-04-28 05:30:00+05:30,INFY.NS,463.42498779296875,463.70001220703125,457.79998779296875,459.4750061035156,5029702
2017-05-02 05:30:00+05:30,INFY.NS,462.0,463.20001220703125,457.54998779296875,461.29998779296875,3231126
2017-05-03 05:30:00+05:30,INFY.NS,463.25,469.54998779296875,458.82501220703125,467.1499938964844,4659448
2017-05-04 05:30:00+05:30,INFY.NS,468.5,469.82501220703125,464.45001220703125,468.82501220703125,5279806
2017-05-05 05:30:00+05:30,INFY.NS,468.0,468.67498779296875,460.0,465.75,4432788
2017-05-08 05:30:00+05:30,INFY.NS,469.0,474.2749938964844,466.0,472.75,4707098
2017-05-09 05:30:00+05:30,INFY.NS,475.29998779296875,475.9750061035156,471.04998779296875,473.32501220703125,5649372
2017-05-10 05:30:00+05:30,INFY.NS,473.57501220703125,475.0,468.57501220703125,471.82501220703125,3364302
2017-05-11 05:30:00+05:30,INFY.NS,473.42498779296875,474.92498779296875,468.7749938964844,472.04998779296875,3229482
2017-05-12 05:30:00+05:30,INFY.NS,476.5,483.0,475.7250061035156,482.125,10979996
2017-05-15 05:30:00+05:30,INFY.NS,481.75,481.75,474.54998779296875,475.7749938964844,7297164
2017-05-16 05:30:00+05:30,INFY.NS,476.54998779296875,480.07501220703125,473.4750061035156,477.5,6130168
2017-05-17 05:30:00+05:30,INFY.NS,475.79998779296875,479.2250061035156,471.92498779296875,476.3999938964844,2915508
2017-05-18 05:30:00+05:30,INFY.NS,471.5,486.95001220703125,471.42498779296875,480.875,8057848
2017-05-19 05:30:00+05:30,INFY.NS,480.75,481.3500061035156,473.92498779296875,478.9750061035156,4257396
2017-05-22 05:30:00+05:30,INFY.NS,479.20001220703125,483.45001220703125,478.2749938964844,480.7250061035156,5503052
2017-05-23 05:30:00+05:30,INFY.NS,482.32501220703125,483.5,477.04998779296875,478.6499938964844,4039982
2017-05-24 05:30:00+05:30,INFY.NS,480.0,482.75,474.79998779296875,477.3999938964844,5636286
2017-05-25 05:30:00+05:30,INFY.NS,480.5,493.29998779296875,480.5,491.6499938964844,10438514
2017-05-26 05:30:00+05:30,INFY.NS,493.5,500.0,490.29998779296875,497.8500061035156,4988004
2017-05-29 05:30:00+05:30,INFY.NS,495.45001220703125,498.3500061035156,487.8500061035156,492.57501220703125,6308434
2017-05-30 05:30:00+05:30,INFY.NS,491.0,500.0,489.32501220703125,498.1000061035156,3716910
2017-05-31 05:30:00+05:30,INFY.NS,496.7749938964844,496.7749938964844,487.42498779296875,488.5249938964844,7763900
2017-06-01 05:30:00+05:30,INFY.NS,484.6499938964844,489.8500061035156,479.2749938964844,485.70001220703125,5508606
2017-06-02 05:30:00+05:30,INFY.NS,486.70001220703125,487.7250061035156,482.1000061035156,484.7250061035156,3917966
2017-06-05 05:30:00+05:30,INFY.NS,485.0,486.0,478.5249938964844,479.375,5462698
2017-06-06 05:30:00+05:30,INFY.NS,482.5,493.75,482.20001220703125,489.67498779296875,7008686
2017-06-07 05:30:00+05:30,INFY.NS,492.5,494.45001220703125,472.5,480.6499938964844,12455046
2017-06-08 05:30:00+05:30,INFY.NS,481.4750061035156,481.4750061035156,474.07501220703125,478.2250061035156,6195352
2017-06-09 05:30:00+05:30,INFY.NS,469.2749938964844,475.4750061035156,461.5,474.29998779296875,14757662
2017-06-12 05:30:00+05:30,INFY.NS,471.67498779296875,482.6000061035156,470.04998779296875,481.92498779296875,8591676
2017-06-13 05:30:00+05:30,INFY.NS,476.75,481.4750061035156,475.79998779296875,478.8999938964844,4937794
2017-06-14 05:30:00+05:30,INFY.NS,480.0,480.95001220703125,475.6000061035156,479.29998779296875,7438110
2017-06-15 05:30:00+05:30,INFY.NS,479.82501220703125,483.9750061035156,474.79998779296875,476.04998779296875,5528062
2017-06-16 05:30:00+05:30,INFY.NS,474.54998779296875,476.92498779296875,468.0,470.125,10948450
2017-06-19 05:30:00+05:30,INFY.NS,469.9750061035156,470.125,464.0,464.92498779296875,6855860
2017-06-20 05:30:00+05:30,INFY.NS,467.5,473.45001220703125,467.0249938964844,471.7749938964844,5184396
2017-06-21 05:30:00+05:30,INFY.NS,472.5,474.5,468.0249938964844,471.67498779296875,3735864
2017-06-22 05:30:00+05:30,INFY.NS,473.8500061035156,484.3500061035156,467.54998779296875,470.07501220703125,9465242
2017-06-23 05:30:00+05:30,INFY.NS,472.5,474.57501220703125,469.0,471.625,6403018
2017-06-27 05:30:00+05:30,INFY.NS,472.5,474.0,461.875,463.5249938964844,6904660
2017-06-28 05:30:00+05:30,INFY.NS,466.3999938964844,466.5,460.5,462.3500061035156,5905224
2017-06-29 05:30:00+05:30,INFY.NS,465.1000061035156,473.9750061035156,463.29998779296875,465.1000061035156,15914040
2017-06-30 05:30:00+05:30,INFY.NS,465.3999938964844,469.0,464.5,467.7749938964844,4216700
2017-07-03 05:30:00+05:30,INFY.NS,470.54998779296875,477.5,467.29998779296875,475.95001220703125,5088924
2017-07-04 05:30:00+05:30,INFY.NS,476.92498779296875,485.0,474.70001220703125,481.07501220703125,5167726
2017-07-05 05:30:00+05:30,INFY.NS,479.5,479.5,472.70001220703125,475.45001220703125,4226228
2017-07-06 05:30:00+05:30,INFY.NS,472.5,478.5,472.1000061035156,473.5,3829720
2017-07-07 05:30:00+05:30,INFY.NS,471.92498779296875,472.7250061035156,466.5249938964844,467.70001220703125,5776886
2017-07-10 05:30:00+05:30,INFY.NS,471.6000061035156,479.8999938964844,470.0,478.5249938964844,1464376
2017-07-11 05:30:00+05:30,INFY.NS,478.32501220703125,494.75,478.32501220703125,487.67498779296875,11539708
2017-07-12 05:30:00+05:30,INFY.NS,487.4750061035156,490.75,484.375,486.17498779296875,6275976
2017-07-13 05:30:00+05:30,INFY.NS,488.625,491.7250061035156,482.04998779296875,488.5249938964844,5170392
2017-07-14 05:30:00+05:30,INFY.NS,499.7250061035156,503.42498779296875,483.0249938964844,486.0249938964844,22478180
2017-07-17 05:30:00+05:30,INFY.NS,487.5,496.0,487.0,492.0249938964844,7698250
2017-07-18 05:30:00+05:30,INFY.NS,493.0249938964844,502.3999938964844,490.54998779296875,492.79998779296875,8260180
2017-07-19 05:30:00+05:30,INFY.NS,490.7250061035156,494.32501220703125,484.54998779296875,489.92498779296875,5890278
2017-07-20 05:30:00+05:30,INFY.NS,489.6499938964844,489.92498779296875,483.4750061035156,484.7250061035156,6809740
2017-07-21 05:30:00+05:30,INFY.NS,486.5,491.2749938964844,485.70001220703125,490.04998779296875,5980754
2017-07-24 05:30:00+05:30,INFY.NS,491.75,497.0,491.29998779296875,495.2749938964844,6129176
2017-07-25 05:30:00+05:30,INFY.NS,495.0,499.5,493.1000061035156,496.92498779296875,7145614
2017-07-26 05:30:00+05:30,INFY.NS,499.04998779296875,499.5,495.20001220703125,497.0249938964844,6870024
2017-07-27 05:30:00+05:30,INFY.NS,498.0,502.0,483.3999938964844,485.5249938964844,12676852
2017-07-28 05:30:00+05:30,INFY.NS,488.0,501.5,481.1499938964844,498.67498779296875,11098428
2017-07-31 05:30:00+05:30,INFY.NS,495.95001220703125,510.8500061035156,493.375,505.6000061035156,19158248
2017-08-01 05:30:00+05:30,INFY.NS,505.5,508.5,499.17498779296875,502.7749938964844,7689398
2017-08-02 05:30:00+05:30,INFY.NS,503.0,506.375,493.6000061035156,496.67498779296875,4257584
2017-08-03 05:30:00+05:30,INFY.NS,495.5,499.375,490.125,492.0,4640348
2017-08-04 05:30:00+05:30,INFY.NS,494.0,494.5,488.0249938964844,491.875,5349018
2017-08-07 05:30:00+05:30,INFY.NS,491.75,491.875,482.8500061035156,484.125,6073744
2017-08-08 05:30:00+05:30,INFY.NS,484.25,485.125,477.5249938964844,481.92498779296875,6004648
2017-08-09 05:30:00+05:30,INFY.NS,483.82501220703125,486.95001220703125,482.2749938964844,484.67498779296875,3922410
2017-08-10 05:30:00+05:30,INFY.NS,484.95001220703125,493.75,484.67498779296875,490.625,9140684
2017-08-11 05:30:00+05:30,INFY.NS,488.0,498.5,484.79998779296875,493.8500061035156,6544156
2017-08-14 05:30:00+05:30,INFY.NS,494.0,494.6000061035156,488.57501220703125,490.7250061035156,3816470
2017-08-16 05:30:00+05:30,INFY.NS,491.0,493.04998779296875,484.5,487.6000061035156,6178080
2017-08-17 05:30:00+05:30,INFY.NS,502.5,514.625,499.0249938964844,510.42498779296875,25784260
2017-08-18 05:30:00+05:30,INFY.NS,508.95001220703125,508.95001220703125,442.1000061035156,461.625,164404960
2017-08-21 05:30:00+05:30,INFY.NS,462.0,462.0,435.0,436.70001220703125,90407176
2017-08-22 05:30:00+05:30,INFY.NS,447.6000061035156,448.5249938964844,430.0,437.70001220703125,49242598
2017-08-23 05:30:00+05:30,INFY.NS,440.0,451.8500061035156,436.95001220703125,446.3999938964844,61284190
2017-08-24 05:30:00+05:30,INFY.NS,455.0,459.125,451.17498779296875,456.07501220703125,42380524
2017-08-28 05:30:00+05:30,INFY.NS,471.9750061035156,476.9750061035156,469.0,470.5,40712108
2017-08-29 05:30:00+05:30,INFY.NS,470.7250061035156,471.0,462.7749938964844,463.7250061035156,13369392
2017-08-30 05:30:00+05:30,INFY.NS,468.6000061035156,469.5,462.04998779296875,463.32501220703125,16149664
2017-08-31 05:30:00+05:30,INFY.NS,464.3999938964844,464.4750061035156,456.45001220703125,457.4750061035156,15022452
2017-09-01 05:30:00+05:30,INFY.NS,457.9750061035156,462.95001220703125,455.0,459.9750061035156,8433922
2017-09-04 05:30:00+05:30,INFY.NS,460.5,460.54998779296875,446.75,450.1000061035156,10177108
2017-09-05 05:30:00+05:30,INFY.NS,451.0,452.5,448.625,450.95001220703125,9783392
2017-09-06 05:30:00+05:30,INFY.NS,450.0,450.1499938964844,445.0,447.79998779296875,7735910
2017-09-07 05:30:00+05:30,INFY.NS,450.0,450.25,446.17498779296875,447.875,6241192
2017-09-08 05:30:00+05:30,INFY.NS,449.5,449.5,441.04998779296875,442.1499938964844,8604542
2017-09-11 05:30:00+05:30,INFY.NS,445.20001220703125,445.8999938964844,436.82501220703125,439.3500061035156,13787642
2017-09-12 05:30:00+05:30,INFY.NS,441.2749938964844,443.875,439.3999938964844,442.0249938964844,17241354
2017-09-13 05:30:00+05:30,INFY.NS,442.75,443.79998779296875,440.5,441.875,11478228
2017-09-14 05:30:00+05:30,INFY.NS,442.25,448.29998779296875,440.79998779296875,446.20001220703125,13698006
2017-09-15 05:30:00+05:30,INFY.NS,446.1499938964844,456.625,446.1000061035156,454.125,13459460
2017-09-18 05:30:00+05:30,INFY.NS,455.0,458.875,453.1499938964844,454.54998779296875,8475860
2017-09-19 05:30:00+05:30,INFY.NS,454.0,458.0,451.75,456.125,6033330
2017-09-20 05:30:00+05:30,INFY.NS,458.5,458.5,453.7250061035156,456.3500061035156,5767830
2017-09-21 05:30:00+05:30,INFY.NS,457.5,457.625,454.07501220703125,454.7749938964844,8204152
2017-09-22 05:30:00+05:30,INFY.NS,454.07501220703125,455.125,444.0,449.1499938964844,17604088
2017-09-25 05:30:00+05:30,INFY.NS,450.5,450.9750061035156,444.54998779296875,447.67498779296875,9088700
2017-09-26 05:30:00+05:30,INFY.NS,448.5,454.20001220703125,447.1499938964844,452.95001220703125,7366478
2017-09-27 05:30:00+05:30,INFY.NS,453.04998779296875,453.95001220703125,447.54998779296875,449.8999938964844,6000138
2017-09-28 05:30:00+05:30,INFY.NS,448.04998779296875,451.95001220703125,447.1499938964844,448.0,17537266
2017-09-29 05:30:00+05:30,INFY.NS,449.0,451.20001220703125,447.5,449.95001220703125,5705832
2017-10-03 05:30:00+05:30,INFY.NS,455.04998779296875,456.0,450.79998779296875,451.7749938964844,4947522
2017-10-04 05:30:00+05:30,INFY.NS,451.5,452.70001220703125,448.57501220703125,449.79998779296875,4991492
2017-10-05 05:30:00+05:30,INFY.NS,450.0,452.4750061035156,449.5,451.5249938964844,8611300
2017-10-06 05:30:00+05:30,INFY.NS,452.0,461.0,451.9750061035156,460.07501220703125,8574308
2017-10-09 05:30:00+05:30,INFY.NS,460.0,464.5,457.0,461.95001220703125,3504832
2017-10-10 05:30:00+05:30,INFY.NS,469.9750061035156,469.9750061035156,464.7749938964844,467.7250061035156,7143220
2017-10-11 05:30:00+05:30,INFY.NS,467.7250061035156,469.0,464.0,465.3500061035156,5982504
2017-10-12 05:30:00+05:30,INFY.NS,465.0,467.17498779296875,459.7749938964844,463.6499938964844,10280972
2017-10-13 05:30:00+05:30,INFY.NS,466.3999938964844,466.75,463.7749938964844,465.04998779296875,7180728
2017-10-16 05:30:00+05:30,INFY.NS,467.9750061035156,471.0,466.5,469.5,5758750
2017-10-17 05:30:00+05:30,INFY.NS,468.3999938964844,468.3999938964844,464.75,465.25,5625102
2017-10-18 05:30:00+05:30,INFY.NS,464.45001220703125,465.0,461.4750061035156,462.17498779296875,7231852
2017-10-19 05:30:00+05:30,INFY.NS,465.0,466.0,462.6000061035156,463.4750061035156,1091434
2017-10-23 05:30:00+05:30,INFY.NS,465.0,471.0,464.04998779296875,469.75,9154096
2017-10-24 05:30:00+05:30,INFY.NS,473.0,473.32501220703125,460.79998779296875,463.25,14529328
2017-10-25 05:30:00+05:30,INFY.NS,459.5,472.3500061035156,457.625,467.6499938964844,13984134
2017-10-26 05:30:00+05:30,INFY.NS,471.0,475.8999938964844,470.04998779296875,473.67498779296875,33659258
2017-10-27 05:30:00+05:30,INFY.NS,477.5,478.8500061035156,472.0,473.17498779296875,8524956
2017-10-30 05:30:00+05:30,INFY.NS,477.32501220703125,477.32501220703125,470.5249938964844,472.04998779296875,12968326
2017-10-31 05:30:00+05:30,INFY.NS,462.5,465.0,460.0,460.92498779296875,9954988
2017-11-01 05:30:00+05:30,INFY.NS,462.5,464.70001220703125,461.6499938964844,463.5249938964844,5633134
2017-11-02 05:30:00+05:30,INFY.NS,461.5249938964844,463.0,460.0,461.45001220703125,4686138
2017-11-03 05:30:00+05:30,INFY.NS,458.5,464.95001220703125,458.4750061035156,463.32501220703125,3699086
2017-11-06 05:30:00+05:30,INFY.NS,461.57501220703125,467.5,461.32501220703125,464.3500061035156,5066534
2017-11-07 05:30:00+05:30,INFY.NS,463.125,480.0,462.92498779296875,477.75,13442820
2017-11-08 05:30:00+05:30,INFY.NS,480.125,480.92498779296875,473.75,476.1499938964844,5369994
2017-11-09 05:30:00+05:30,INFY.NS,476.5,481.5,474.125,477.25,4723232
2017-11-10 05:30:00+05:30,INFY.NS,479.3999938964844,482.17498779296875,475.0,481.0249938964844,6589428
2017-11-13 05:30:00+05:30,INFY.NS,481.0249938964844,484.70001220703125,474.67498779296875,475.9750061035156,5021216
2017-11-14 05:30:00+05:30,INFY.NS,475.9750061035156,477.42498779296875,471.625,474.54998779296875,5733710
2017-11-15 05:30:00+05:30,INFY.NS,472.57501220703125,476.75,472.25,475.8999938964844,7023516
2017-11-16 05:30:00+05:30,INFY.NS,475.8999938964844,497.95001220703125,474.25,494.20001220703125,15687502
2017-11-17 05:30:00+05:30,INFY.NS,492.75,492.75,482.57501220703125,485.4750061035156,8057670
2017-11-20 05:30:00+05:30,INFY.NS,484.5,485.5,478.625,480.2749938964844,5661190
2017-11-21 05:30:00+05:30,INFY.NS,480.6499938964844,485.75,480.0249938964844,483.125,5364656
2017-11-22 05:30:00+05:30,INFY.NS,483.29998779296875,485.5249938964844,481.6499938964844,483.1499938964844,6084920
2017-11-23 05:30:00+05:30,INFY.NS,485.75,497.2250061035156,484.5,495.625,11894618
2017-11-24 05:30:00+05:30,INFY.NS,495.45001220703125,509.6499938964844,495.1000061035156,504.7749938964844,18619912
2017-11-27 05:30:00+05:30,INFY.NS,503.3500061035156,503.3500061035156,496.6499938964844,499.375,6017730
2017-11-28 05:30:00+05:30,INFY.NS,497.20001220703125,499.95001220703125,490.6499938964844,492.3500061035156,4616868
2017-11-29 05:30:00+05:30,INFY.NS,493.82501220703125,495.9750061035156,490.1499938964844,491.3500061035156,3838070
2017-11-30 05:30:00+05:30,INFY.NS,494.7250061035156,494.7250061035156,484.17498779296875,488.04998779296875,17266944
2017-12-01 05:30:00+05:30,INFY.NS,489.70001220703125,491.6000061035156,478.5249938964844,479.3999938964844,4085000
2017-12-04 05:30:00+05:30,INFY.NS,490.0,498.3999938964844,484.2749938964844,492.67498779296875,17811606
2017-12-05 05:30:00+05:30,INFY.NS,492.67498779296875,501.5,489.5,492.17498779296875,9976738
2017-12-06 05:30:00+05:30,INFY.NS,492.5,497.04998779296875,492.0,495.1499938964844,7490094
2017-12-07 05:30:00+05:30,INFY.NS,494.5,501.45001220703125,492.79998779296875,499.8999938964844,7549544
2017-12-08 05:30:00+05:30,INFY.NS,500.5,503.5,497.5,500.92498779296875,5983244
2017-12-11 05:30:00+05:30,INFY.NS,497.4750061035156,503.45001220703125,496.9750061035156,502.6499938964844,5139098
2017-12-12 05:30:00+05:30,INFY.NS,501.0,507.0,501.0,505.25,9320434
2017-12-13 05:30:00+05:30,INFY.NS,505.45001220703125,509.5,498.82501220703125,501.875,5362398
2017-12-14 05:30:00+05:30,INFY.NS,502.625,507.5,499.6499938964844,506.54998779296875,6023572
2017-12-15 05:30:00+05:30,INFY.NS,506.5,513.2000122070312,505.92498779296875,511.45001220703125,10384134
2017-12-18 05:30:00+05:30,INFY.NS,505.95001220703125,515.3499755859375,502.8999938964844,508.29998779296875,4035448
2017-12-19 05:30:00+05:30,INFY.NS,508.7250061035156,508.9750061035156,499.7749938964844,501.9750061035156,7118898
2017-12-20 05:30:00+05:30,INFY.NS,502.54998779296875,509.29998779296875,500.5,507.92498779296875,4186326
2017-12-21 05:30:00+05:30,INFY.NS,507.3999938964844,514.4749755859375,499.20001220703125,511.0249938964844,11059162
2017-12-22 05:30:00+05:30,INFY.NS,508.0,522.4000244140625,508.0,519.6749877929688,12906940
2017-12-26 05:30:00+05:30,INFY.NS,515.0,520.75,511.5,517.7999877929688,10808906
2017-12-27 05:30:00+05:30,INFY.NS,514.0,519.5499877929688,513.7000122070312,517.125,6970172
2017-12-28 05:30:00+05:30,INFY.NS,515.0,520.0,511.8999938964844,516.625,8433472
2017-12-29 05:30:00+05:30,INFY.NS,515.0499877929688,524.4000244140625,515.0,521.0250244140625,6601768
2018-01-01 05:30:00+05:30,INFY.NS,518.8499755859375,522.25,515.0,516.7750244140625,5431340
2018-01-02 05:30:00+05:30,INFY.NS,518.625,521.0,511.5,514.8499755859375,6112248
2018-01-03 05:30:00+05:30,INFY.NS,514.25,515.7999877929688,509.29998779296875,510.6499938964844,6846552
2018-01-04 05:30:00+05:30,INFY.NS,510.5,510.5,504.79998779296875,507.70001220703125,8947614
2018-01-05 05:30:00+05:30,INFY.NS,507.6499938964844,513.2000122070312,503.0,506.0,11025976
2018-01-08 05:30:00+05:30,INFY.NS,512.4500122070312,519.5,510.0249938964844,518.0250244140625,5594690
2018-01-09 05:30:00+05:30,INFY.NS,520.0,522.4500122070312,514.4500122070312,520.6749877929688,9948236
2018-01-10 05:30:00+05:30,INFY.NS,523.4000244140625,528.0,516.5250244140625,526.125,9468634
2018-01-11 05:30:00+05:30,INFY.NS,527.625,541.7000122070312,527.625,537.9000244140625,16775298
2018-01-12 05:30:00+05:30,INFY.NS,542.9000244140625,542.9500122070312,535.2750244140625,539.2249755859375,18016528
2018-01-15 05:30:00+05:30,INFY.NS,540.0,546.4749755859375,532.5499877929688,540.5750122070312,10649250
2018-01-16 05:30:00+05:30,INFY.NS,540.625,567.4000244140625,540.625,561.4249877929688,22646966
2018-01-17 05:30:00+05:30,INFY.NS,562.4249877929688,580.9000244140625,561.5,576.0499877929688,26154088
2018-01-18 05:30:00+05:30,INFY.NS,572.5,582.4500122070312,566.0499877929688,576.3499755859375,13204970
2018-01-19 05:30:00+05:30,INFY.NS,572.5,573.9500122070312,568.0,571.7249755859375,5988278
2018-01-22 05:30:00+05:30,INFY.NS,566.0750122070312,578.4749755859375,566.0,575.0,9650214
2018-01-23 05:30:00+05:30,INFY.NS,577.5,594.0,577.5,588.5499877929688,15403796
2018-01-24 05:30:00+05:30,INFY.NS,587.4000244140625,610.5250244140625,583.75,592.9000244140625,20604718
2018-01-25 05:30:00+05:30,INFY.NS,591.0,591.7000122070312,581.125,587.7000122070312,13548914
2018-01-29 05:30:00+05:30,INFY.NS,583.2750244140625,598.125,582.5999755859375,591.4500122070312,10823002
2018-01-30 05:30:00+05:30,INFY.NS,589.4500122070312,591.5499877929688,581.3499755859375,585.3250122070312,8628312
2018-01-31 05:30:00+05:30,INFY.NS,579.5750122070312,583.2999877929688,571.0750122070312,575.125,9213698
2018-02-01 05:30:00+05:30,INFY.NS,571.0999755859375,578.9500122070312,559.2750244140625,572.2999877929688,13005454
2018-02-02 05:30:00+05:30,INFY.NS,567.625,581.4500122070312,565.0499877929688,571.625,10244486
2018-02-05 05:30:00+05:30,INFY.NS,570.0,577.4249877929688,567.9249877929688,569.0999755859375,9860220
2018-02-06 05:30:00+05:30,INFY.NS,549.9749755859375,564.1749877929688,547.5750122070312,553.875,10552078
2018-02-07 05:30:00+05:30,INFY.NS,558.0,562.4000244140625,551.7750244140625,554.5250244140625,8342056
2018-02-08 05:30:00+05:30,INFY.NS,561.4000244140625,573.2000122070312,558.2750244140625,567.125,8807244
2018-02-09 05:30:00+05:30,INFY.NS,559.0,560.1500244140625,553.0,554.5750122070312,4382690
2018-02-12 05:30:00+05:30,INFY.NS,557.4000244140625,560.2999877929688,548.9000244140625,551.4000244140625,6291972
2018-02-14 05:30:00+05:30,INFY.NS,553.0,558.6500244140625,545.0999755859375,548.875,8345712
2018-02-15 05:30:00+05:30,INFY.NS,551.5,564.8499755859375,551.5,557.2249755859375,7986736
2018-02-16 05:30:00+05:30,INFY.NS,562.5,570.8250122070312,559.0499877929688,564.0250244140625,9889222
2018-02-19 05:30:00+05:30,INFY.NS,564.2000122070312,568.0,560.1500244140625,565.875,6461840
2018-02-20 05:30:00+05:30,INFY.NS,551.875,574.75,551.875,568.4749755859375,7188594
2018-02-21 05:30:00+05:30,INFY.NS,573.75,575.9500122070312,570.0,573.7000122070312,13771358
2018-02-22 05:30:00+05:30,INFY.NS,572.7750244140625,582.0,570.2249755859375,580.375,17859974
2018-02-23 05:30:00+05:30,INFY.NS,581.75,583.0,573.375,577.8250122070312,9459828
2018-02-26 05:30:00+05:30,INFY.NS,575.5,577.5250244140625,567.1749877929688,569.2999877929688,5083608
2018-02-27 05:30:00+05:30,INFY.NS,572.4749755859375,576.8250122070312,562.8250122070312,575.0999755859375,6616026
2018-02-28 05:30:00+05:30,INFY.NS,573.7999877929688,594.75,571.2750244140625,586.2999877929688,17268416
2018-03-01 05:30:00+05:30,INFY.NS,584.7999877929688,584.7999877929688,578.0250244140625,580.375,6579852
2018-03-05 05:30:00+05:30,INFY.NS,580.375,585.4000244140625,571.625,577.9500122070312,8101456
2018-03-06 05:30:00+05:30,INFY.NS,581.2750244140625,582.7000122070312,571.7999877929688,575.6749877929688,6689734
2018-03-07 05:30:00+05:30,INFY.NS,577.5,580.0,569.0250244140625,572.0499877929688,6370416
2018-03-08 05:30:00+05:30,INFY.NS,574.5,582.9000244140625,574.5,578.3250122070312,6093014
2018-03-09 05:30:00+05:30,INFY.NS,581.1749877929688,583.0,577.7750244140625,581.7000122070312,4220964
2018-03-12 05:30:00+05:30,INFY.NS,588.0,595.9249877929688,585.875,592.875,7676970
2018-03-13 05:30:00+05:30,INFY.NS,590.0999755859375,598.5,587.5750122070312,591.9000244140625,8581052
2018-03-14 05:30:00+05:30,INFY.NS,590.0,595.2999877929688,584.5499877929688,590.4000244140625,4429710
2018-03-15 05:30:00+05:30,INFY.NS,590.0,594.2000122070312,586.0,591.25,6101500
2018-03-16 05:30:00+05:30,INFY.NS,591.0,591.2000122070312,584.625,585.9500122070312,17954826
2018-03-19 05:30:00+05:30,INFY.NS,582.0,590.25,571.3250122070312,573.375,7526620
2018-03-20 05:30:00+05:30,INFY.NS,574.2999877929688,585.0,574.2999877929688,582.2750244140625,8553766
2018-03-21 05:30:00+05:30,INFY.NS,585.0,587.75,581.0999755859375,583.75,7692994
2018-03-22 05:30:00+05:30,INFY.NS,582.25,588.7249755859375,577.6500244140625,580.6500244140625,6813168
2018-03-23 05:30:00+05:30,INFY.NS,573.5,586.9000244140625,571.1749877929688,583.7999877929688,12008084
2018-03-26 05:30:00+05:30,INFY.NS,583.4500122070312,583.4500122070312,572.0,577.625,8930722
2018-03-27 05:30:00+05:30,INFY.NS,580.0,580.6500244140625,575.0499877929688,577.0,3802088
2018-03-28 05:30:00+05:30,INFY.NS,575.375,575.375,563.125,565.9000244140625,12558322
2018-04-02 05:30:00+05:30,INFY.NS,570.5,574.7750244140625,560.6500244140625,568.5750122070312,8072702
2018-04-03 05:30:00+05:30,INFY.NS,567.3499755859375,571.7750244140625,564.0499877929688,570.2249755859375,4077168
2018-04-04 05:30:00+05:30,INFY.NS,572.0,572.2750244140625,560.0,562.0999755859375,4813302
2018-04-05 05:30:00+05:30,INFY.NS,569.7750244140625,575.6500244140625,564.5499877929688,573.7750244140625,7763544
2018-04-06 05:30:00+05:30,INFY.NS,571.5,573.0,561.0499877929688,563.5,5937742
2018-04-09 05:30:00+05:30,INFY.NS,562.5,562.9000244140625,553.2750244140625,555.625,7202882
2018-04-10 05:30:00+05:30,INFY.NS,556.0,562.25,552.7000122070312,556.7000122070312,8926058
2018-04-11 05:30:00+05:30,INFY.NS,559.0,565.75,558.25,562.125,9025574
2018-04-12 05:30:00+05:30,INFY.NS,564.7249755859375,586.375,562.5,581.2999877929688,17044366
2018-04-13 05:30:00+05:30,INFY.NS,587.0,592.9500122070312,575.125,585.7249755859375,21227038
2018-04-16 05:30:00+05:30,INFY.NS,551.0,570.0,551.0,566.5999755859375,24745084
2018-04-17 05:30:00+05:30,INFY.NS,563.5,563.7000122070312,557.5,562.5999755859375,10397940
2018-04-18 05:30:00+05:30,INFY.NS,561.4249877929688,567.375,556.9249877929688,562.9749755859375,10430380
2018-04-19 05:30:00+05:30,INFY.NS,562.0,569.9000244140625,561.5499877929688,566.4249877929688,8525542
2018-04-20 05:30:00+05:30,INFY.NS,569.5,596.8499755859375,568.4749755859375,589.2249755859375,24272692
2018-04-23 05:30:00+05:30,INFY.NS,584.0,607.2000122070312,577.625,593.8499755859375,21830638
2018-04-24 05:30:00+05:30,INFY.NS,592.5,598.2000122070312,575.0499877929688,577.25,8526216
2018-04-25 05:30:00+05:30,INFY.NS,576.0,585.5,572.5999755859375,580.1749877929688,11594178
2018-04-26 05:30:00+05:30,INFY.NS,587.0,590.8250122070312,580.0,588.2249755859375,11302084
2018-04-27 05:30:00+05:30,INFY.NS,590.0,595.7999877929688,587.0999755859375,592.5999755859375,7663370
2018-04-30 05:30:00+05:30,INFY.NS,590.8499755859375,603.9749755859375,590.3250122070312,599.75,5511678
2018-05-02 05:30:00+05:30,INFY.NS,599.4500122070312,600.7999877929688,590.5,598.5250244140625,10295042
2018-05-03 05:30:00+05:30,INFY.NS,598.625,602.3499755859375,588.0499877929688,591.2750244140625,5332230
2018-05-04 05:30:00+05:30,INFY.NS,592.5,593.0,577.5,586.5499877929688,6023368
2018-05-07 05:30:00+05:30,INFY.NS,590.625,595.0,587.75,591.5,4638960
2018-05-08 05:30:00+05:30,INFY.NS,588.9500122070312,588.9500122070312,580.5250244140625,582.7750244140625,5718556
2018-05-09 05:30:00+05:30,INFY.NS,583.75,588.4500122070312,581.5,585.3499755859375,3783504
2018-05-10 05:30:00+05:30,INFY.NS,588.0,591.5,581.4249877929688,584.0,3182862
2018-05-11 05:30:00+05:30,INFY.NS,586.1500244140625,591.5999755859375,583.0250244140625,590.375,3311706
2018-05-14 05:30:00+05:30,INFY.NS,592.1749877929688,595.75,585.0,594.6500244140625,4432094
2018-05-15 05:30:00+05:30,INFY.NS,594.0499877929688,604.0,594.0499877929688,597.2750244140625,5611974
2018-05-16 05:30:00+05:30,INFY.NS,593.625,599.0,592.25,594.9749755859375,6205004
2018-05-17 05:30:00+05:30,INFY.NS,598.0,598.7249755859375,586.7750244140625,591.4500122070312,9519598
2018-05-18 05:30:00+05:30,INFY.NS,591.5,593.2750244140625,586.5,591.5999755859375,7139660
2018-05-21 05:30:00+05:30,INFY.NS,589.7750244140625,594.2000122070312,585.0,589.75,8475320
2018-05-22 05:30:00+05:30,INFY.NS,587.5,599.0,586.9500122070312,596.9249877929688,5636804
2018-05-23 05:30:00+05:30,INFY.NS,597.5,603.8250122070312,590.75,592.4500122070312,9538442
2018-05-24 05:30:00+05:30,INFY.NS,599.0,613.7750244140625,599.0,610.5,9740570
2018-05-25 05:30:00+05:30,INFY.NS,615.0499877929688,624.3250122070312,610.4000244140625,614.1500244140625,8901438
2018-05-28 05:30:00+05:30,INFY.NS,615.5,616.2999877929688,603.0,607.2000122070312,5739794
2018-05-29 05:30:00+05:30,INFY.NS,607.0250244140625,613.2750244140625,603.0999755859375,608.3499755859375,3388934
2018-05-30 05:30:00+05:30,INFY.NS,608.5,614.375,602.7999877929688,605.8499755859375,6323066
2018-05-31 05:30:00+05:30,INFY.NS,605.8499755859375,621.0,605.125,615.9000244140625,19720340
2018-06-01 05:30:00+05:30,INFY.NS,615.2000122070312,623.125,608.5999755859375,610.4000244140625,4998356
2018-06-04 05:30:00+05:30,INFY.NS,610.5499877929688,621.5,606.0,619.7000122070312,4270156
2018-06-05 05:30:00+05:30,INFY.NS,621.0,621.0,608.5,610.4249877929688,4710862
2018-06-06 05:30:00+05:30,INFY.NS,612.5999755859375,620.7750244140625,610.0250244140625,618.7249755859375,4038184
2018-06-07 05:30:00+05:30,INFY.NS,619.0,629.0,619.0,626.2249755859375,6676226
2018-06-08 05:30:00+05:30,INFY.NS,624.0,631.0,623.0250244140625,630.0250244140625,6459878
2018-06-11 05:30:00+05:30,INFY.NS,632.7750244140625,635.0,627.5250244140625,631.2000122070312,5171290
2018-06-12 05:30:00+05:30,INFY.NS,632.875,635.625,625.2249755859375,629.25,7839820
2018-06-13 05:30:00+05:30,INFY.NS,633.4000244140625,642.0,633.4000244140625,637.4000244140625,5766928
2018-06-14 05:30:00+05:30,INFY.NS,626.5,626.5,617.0499877929688,619.8499755859375,7598848
2018-06-15 05:30:00+05:30,INFY.NS,618.5,645.75,617.5,640.625,19957760
2018-06-18 05:30:00+05:30,INFY.NS,642.0,645.625,631.1749877929688,633.7000122070312,8214846
2018-06-19 05:30:00+05:30,INFY.NS,631.5,631.7000122070312,619.0250244140625,620.7999877929688,7545700
2018-06-20 05:30:00+05:30,INFY.NS,624.25,626.1749877929688,619.0,621.5750122070312,5371802
2018-06-21 05:30:00+05:30,INFY.NS,622.9749755859375,628.25,618.0,623.2750244140625,5798790
2018-06-22 05:30:00+05:30,INFY.NS,621.5,627.75,620.5999755859375,623.9249877929688,4343118
2018-06-25 05:30:00+05:30,INFY.NS,628.5750122070312,639.4000244140625,627.0,636.2249755859375,7731178
2018-06-26 05:30:00+05:30,INFY.NS,634.5,641.9500122070312,633.125,638.9249877929688,4483504
2018-06-27 05:30:00+05:30,INFY.NS,641.9749755859375,646.7249755859375,632.7999877929688,635.0,6952142
2018-06-28 05:30:00+05:30,INFY.NS,638.1500244140625,649.0,638.125,644.7999877929688,10996818
2018-06-29 05:30:00+05:30,INFY.NS,649.0250244140625,657.5,641.625,653.5999755859375,9966600
2018-07-02 05:30:00+05:30,INFY.NS,657.0,670.0,657.0,667.3499755859375,4830144
2018-07-03 05:30:00+05:30,INFY.NS,665.9500122070312,678.9500122070312,665.875,676.875,8127452
2018-07-04 05:30:00+05:30,INFY.NS,676.0250244140625,676.3250122070312,669.4249877929688,672.5999755859375,5025722
2018-07-05 05:30:00+05:30,INFY.NS,673.5499877929688,673.625,634.0499877929688,642.0,17019902
2018-07-06 05:30:00+05:30,INFY.NS,645.125,650.9249877929688,634.5,642.125,11215356
2018-07-09 05:30:00+05:30,INFY.NS,648.5,651.5,639.5250244140625,649.4249877929688,6644998
2018-07-10 05:30:00+05:30,INFY.NS,654.25,657.7249755859375,647.1500244140625,650.7000122070312,5974488
2018-07-11 05:30:00+05:30,INFY.NS,658.7750244140625,671.0499877929688,645.6749877929688,660.2249755859375,11899832
2018-07-12 05:30:00+05:30,INFY.NS,663.0499877929688,663.5499877929688,642.2249755859375,647.1749877929688,13272240
2018-07-13 05:30:00+05:30,INFY.NS,657.5,665.7999877929688,649.1749877929688,658.7000122070312,19496158
2018-07-16 05:30:00+05:30,INFY.NS,658.7000122070312,692.2000122070312,643.8499755859375,666.4249877929688,35344680
2018-07-17 05:30:00+05:30,INFY.NS,664.8499755859375,674.75,656.3499755859375,663.9500122070312,11161690
2018-07-18 05:30:00+05:30,INFY.NS,669.9000244140625,671.7000122070312,657.0,661.2750244140625,6919016
2018-07-19 05:30:00+05:30,INFY.NS,661.5,665.9500122070312,654.5499877929688,658.3499755859375,5118864
2018-07-20 05:30:00+05:30,INFY.NS,663.0,683.5750122070312,660.6500244140625,674.0499877929688,11705738
2018-07-23 05:30:00+05:30,INFY.NS,676.0750122070312,684.0,668.125,677.9749755859375,7675702
2018-07-24 05:30:00+05:30,INFY.NS,687.2000122070312,691.2000122070312,678.0,688.5750122070312,6172246
2018-07-25 05:30:00+05:30,INFY.NS,689.5,696.9000244140625,682.7249755859375,691.875,6936922
2018-07-26 05:30:00+05:30,INFY.NS,689.2750244140625,695.2000122070312,684.5999755859375,686.625,7362218
2018-07-27 05:30:00+05:30,INFY.NS,686.5999755859375,694.5,684.1500244140625,686.7249755859375,6493232
2018-07-30 05:30:00+05:30,INFY.NS,685.0,686.5,674.0,675.5,6409970
2018-07-31 05:30:00+05:30,INFY.NS,674.2750244140625,685.0,667.7750244140625,682.5499877929688,7943996
2018-08-01 05:30:00+05:30,INFY.NS,681.9000244140625,684.2249755859375,675.5,677.0250244140625,4675706
2018-08-02 05:30:00+05:30,INFY.NS,679.7999877929688,683.375,675.0750122070312,676.8250122070312,5940742
2018-08-03 05:30:00+05:30,INFY.NS,683.0999755859375,683.0999755859375,678.0,682.0499877929688,3970390
2018-08-06 05:30:00+05:30,INFY.NS,683.0250244140625,687.5,673.75,680.3250122070312,6178930
2018-08-07 05:30:00+05:30,INFY.NS,687.0,689.9749755859375,680.3250122070312,683.9749755859375,7351528
2018-08-08 05:30:00+05:30,INFY.NS,685.9000244140625,686.25,676.6500244140625,681.375,3992358
2018-08-09 05:30:00+05:30,INFY.NS,686.8250122070312,694.7249755859375,686.8250122070312,689.9749755859375,6409524
2018-08-10 05:30:00+05:30,INFY.NS,692.9000244140625,694.5,686.5250244140625,692.7249755859375,4779520
2018-08-13 05:30:00+05:30,INFY.NS,695.0,704.9249877929688,689.3499755859375,704.375,9979746
2018-08-14 05:30:00+05:30,INFY.NS,706.9749755859375,712.2750244140625,702.0,704.1500244140625,6151320
2018-08-16 05:30:00+05:30,INFY.NS,707.4749755859375,717.4500122070312,705.625,714.7750244140625,6626774
2018-08-17 05:30:00+05:30,INFY.NS,715.4500122070312,718.8250122070312,711.5,715.1749877929688,6390408
2018-08-20 05:30:00+05:30,INFY.NS,694.0,703.9749755859375,686.75,692.125,16101876
2018-08-21 05:30:00+05:30,INFY.NS,695.0,698.0,686.875,691.9749755859375,8361482
2018-08-23 05:30:00+05:30,INFY.NS,696.5,700.75,692.6749877929688,698.7000122070312,7717182
2018-08-24 05:30:00+05:30,INFY.NS,698.25,700.9500122070312,688.0499877929688,689.1500244140625,7053000
2018-08-27 05:30:00+05:30,INFY.NS,691.5,709.9749755859375,690.7000122070312,707.7000122070312,7012950
2018-08-28 05:30:00+05:30,INFY.NS,708.5999755859375,719.2000122070312,705.75,712.3499755859375,6496890
2018-08-29 05:30:00+05:30,INFY.NS,716.7999877929688,716.7999877929688,702.5750122070312,705.0499877929688,5646496
2018-08-30 05:30:00+05:30,INFY.NS,706.4000244140625,710.7750244140625,698.0750122070312,708.0999755859375,11507962
2018-08-31 05:30:00+05:30,INFY.NS,712.5499877929688,727.1500244140625,710.5499877929688,720.5499877929688,10875864
2018-09-03 05:30:00+05:30,INFY.NS,724.5,733.9500122070312,715.0,717.125,10976328
2018-09-04 05:30:00+05:30,INFY.NS,722.0,748.5,716.0,737.1500244140625,15370124
2018-09-05 05:30:00+05:30,INFY.NS,741.9500122070312,744.0499877929688,725.4000244140625,729.9000244140625,8658978
2018-09-06 05:30:00+05:30,INFY.NS,732.5499877929688,735.5,724.0999755859375,727.1500244140625,5598659
2018-09-07 05:30:00+05:30,INFY.NS,734.3499755859375,735.1500244140625,723.7999877929688,732.7999877929688,6510605
2018-09-10 05:30:00+05:30,INFY.NS,737.75,747.0,729.4000244140625,730.8499755859375,5629871
2018-09-11 05:30:00+05:30,INFY.NS,735.9000244140625,744.75,732.0,734.2999877929688,6963561
2018-09-12 05:30:00+05:30,INFY.NS,744.4000244140625,746.5,736.25,742.9000244140625,4636617
2018-09-14 05:30:00+05:30,INFY.NS,741.9000244140625,745.0,729.0499877929688,733.7000122070312,7896514
2018-09-17 05:30:00+05:30,INFY.NS,735.0,740.0,724.5999755859375,725.9500122070312,5427054
2018-09-18 05:30:00+05:30,INFY.NS,730.0,730.0,717.0,719.0999755859375,7729732
2018-09-19 05:30:00+05:30,INFY.NS,727.0,727.0,713.2000122070312,719.75,4849498
2018-09-21 05:30:00+05:30,INFY.NS,713.8499755859375,717.4000244140625,692.0,705.2999877929688,14350769
2018-09-24 05:30:00+05:30,INFY.NS,706.5,729.9500122070312,706.5,718.25,8637881
2018-09-25 05:30:00+05:30,INFY.NS,718.25,736.0,717.0,726.2000122070312,9602273
2018-09-26 05:30:00+05:30,INFY.NS,731.2000122070312,731.8499755859375,712.0,717.8499755859375,6599606
2018-09-27 05:30:00+05:30,INFY.NS,722.0,730.7999877929688,717.4500122070312,724.7999877929688,14592616
2018-09-28 05:30:00+05:30,INFY.NS,721.0,734.5499877929688,715.2000122070312,730.0499877929688,7490031
2018-10-01 05:30:00+05:30,INFY.NS,737.5,754.9000244140625,733.0,746.6500244140625,8252398
2018-10-03 05:30:00+05:30,INFY.NS,743.7999877929688,751.9500122070312,726.2999877929688,728.5,7792464
2018-10-04 05:30:00+05:30,INFY.NS,728.5,729.75,702.5,707.2000122070312,6173037
2018-10-05 05:30:00+05:30,INFY.NS,713.0,731.5,709.2999877929688,724.5999755859375,8543578
2018-10-08 05:30:00+05:30,INFY.NS,725.0499877929688,728.7000122070312,709.25,714.4500122070312,7259306
2018-10-09 05:30:00+05:30,INFY.NS,717.0999755859375,722.4000244140625,702.6500244140625,717.75,6777212
2018-10-10 05:30:00+05:30,INFY.NS,719.9000244140625,719.9000244140625,695.4000244140625,700.4500122070312,8866251
2018-10-11 05:30:00+05:30,INFY.NS,685.0,692.9000244140625,663.2999877929688,673.3499755859375,10985897
2018-10-12 05:30:00+05:30,INFY.NS,676.4000244140625,684.0499877929688,661.5,678.7999877929688,8909221
2018-10-15 05:30:00+05:30,INFY.NS,688.5999755859375,705.0,681.5,698.7999877929688,6222176
2018-10-16 05:30:00+05:30,INFY.NS,710.0,713.9000244140625,689.4000244140625,695.25,11588963
2018-10-17 05:30:00+05:30,INFY.NS,710.0,721.7999877929688,701.3499755859375,705.3499755859375,20360697
2018-10-19 05:30:00+05:30,INFY.NS,687.0,687.7000122070312,678.0,683.5499877929688,10421001
2018-10-22 05:30:00+05:30,INFY.NS,688.7000122070312,695.0499877929688,673.7999877929688,679.9500122070312,6672840
2018-10-23 05:30:00+05:30,INFY.NS,675.9500122070312,682.0,653.2999877929688,657.5999755859375,9041701
2018-10-24 05:30:00+05:30,INFY.NS,663.0,666.5,647.1500244140625,649.7999877929688,7058164
2018-10-25 05:30:00+05:30,INFY.NS,643.0,656.3499755859375,636.25,648.75,8270469
2018-10-26 05:30:00+05:30,INFY.NS,645.2999877929688,648.7000122070312,629.9000244140625,633.5999755859375,5464141
2018-10-29 05:30:00+05:30,INFY.NS,633.7000122070312,650.5499877929688,631.5,644.75,7137446
2018-10-30 05:30:00+05:30,INFY.NS,641.0999755859375,663.7999877929688,637.4500122070312,659.5999755859375,8793411
2018-10-31 05:30:00+05:30,INFY.NS,663.9000244140625,692.9500122070312,663.0499877929688,686.4000244140625,11947995
2018-11-01 05:30:00+05:30,INFY.NS,689.7000122070312,689.7000122070312,659.5999755859375,666.7000122070312,5860244
2018-11-02 05:30:00+05:30,INFY.NS,665.9500122070312,675.7999877929688,660.0999755859375,662.25,6654067
2018-11-05 05:30:00+05:30,INFY.NS,663.5,668.5999755859375,657.0,666.0,5799426
2018-11-06 05:30:00+05:30,INFY.NS,667.9000244140625,675.0,660.6500244140625,666.4500122070312,6975525
2018-11-07 05:30:00+05:30,INFY.NS,673.0,677.5,672.0,675.5,758956
2018-11-09 05:30:00+05:30,INFY.NS,679.0,679.0,655.5,659.5,9694143
2018-11-12 05:30:00+05:30,INFY.NS,666.0,676.4000244140625,662.2999877929688,664.2000122070312,7118080
2018-11-13 05:30:00+05:30,INFY.NS,663.5,667.75,656.2999877929688,665.7000122070312,4137808
2018-11-14 05:30:00+05:30,INFY.NS,665.7000122070312,665.7000122070312,640.5,653.2000122070312,7323026
2018-11-15 05:30:00+05:30,INFY.NS,654.0,666.0,646.7000122070312,656.4000244140625,5513390
2018-11-16 05:30:00+05:30,INFY.NS,659.9000244140625,662.5,644.2000122070312,650.8499755859375,8583785
2018-11-19 05:30:00+05:30,INFY.NS,659.0,662.0,649.25,651.7000122070312,6018930
2018-11-20 05:30:00+05:30,INFY.NS,651.7000122070312,656.0,640.0999755859375,641.4000244140625,5384830
2018-11-21 05:30:00+05:30,INFY.NS,640.0,640.0499877929688,612.0999755859375,619.0999755859375,14359086
2018-11-22 05:30:00+05:30,INFY.NS,622.25,628.1500244140625,616.75,620.75,6632975
2018-11-26 05:30:00+05:30,INFY.NS,621.0,628.0,599.8499755859375,621.4500122070312,15075209
2018-11-27 05:30:00+05:30,INFY.NS,625.5,641.0,625.2999877929688,638.9000244140625,12285851
2018-11-28 05:30:00+05:30,INFY.NS,640.9500122070312,668.7000122070312,640.0,666.4000244140625,17719890
2018-11-29 05:30:00+05:30,INFY.NS,671.0,674.9000244140625,658.7999877929688,661.0499877929688,13399070
2018-11-30 05:30:00+05:30,INFY.NS,661.0,672.0,660.9500122070312,667.4500122070312,10445773
2018-12-03 05:30:00+05:30,INFY.NS,673.1500244140625,679.0,665.9500122070312,670.3499755859375,8260890
2018-12-04 05:30:00+05:30,INFY.NS,672.5499877929688,688.25,671.2999877929688,685.25,7827923
2018-12-05 05:30:00+05:30,INFY.NS,683.0,683.6500244140625,672.5,681.4000244140625,5177288
2018-12-06 05:30:00+05:30,INFY.NS,676.0999755859375,685.4500122070312,664.5499877929688,668.5,8039771
2018-12-07 05:30:00+05:30,INFY.NS,672.0,685.75,665.5999755859375,682.7999877929688,5553948
2018-12-10 05:30:00+05:30,INFY.NS,669.9000244140625,683.7999877929688,665.2000122070312,669.2000122070312,5121196
2018-12-11 05:30:00+05:30,INFY.NS,669.2000122070312,681.9000244140625,660.5999755859375,674.5,7120933
2018-12-12 05:30:00+05:30,INFY.NS,677.0999755859375,680.6500244140625,670.5999755859375,678.5,6926183
2018-12-13 05:30:00+05:30,INFY.NS,682.0,700.0,680.0,697.75,7521474
2018-12-14 05:30:00+05:30,INFY.NS,697.4500122070312,713.7000122070312,694.4000244140625,706.0499877929688,9560576
2018-12-17 05:30:00+05:30,INFY.NS,711.8499755859375,711.8499755859375,692.75,694.4000244140625,4778465
2018-12-18 05:30:00+05:30,INFY.NS,686.5,686.5,674.5499877929688,676.5999755859375,8021298
2018-12-19 05:30:00+05:30,INFY.NS,671.5499877929688,671.5499877929688,661.0999755859375,664.8499755859375,8295459
2018-12-20 05:30:00+05:30,INFY.NS,660.0,671.5499877929688,656.4000244140625,667.0499877929688,11705260
2018-12-21 05:30:00+05:30,INFY.NS,659.5,659.5,643.4500122070312,646.2000122070312,12802132
2018-12-24 05:30:00+05:30,INFY.NS,657.0,658.7999877929688,647.5999755859375,649.0,8379825
2018-12-26 05:30:00+05:30,INFY.NS,647.0,647.0,637.3499755859375,644.0499877929688,6178552
2018-12-27 05:30:00+05:30,INFY.NS,652.75,663.25,649.0,656.7999877929688,15333902
2018-12-28 05:30:00+05:30,INFY.NS,663.3499755859375,663.5,653.2999877929688,656.9500122070312,4736598
2018-12-31 05:30:00+05:30,INFY.NS,660.0,662.0,655.7999877929688,658.9500122070312,3373319
2019-01-01 05:30:00+05:30,INFY.NS,660.9500122070312,666.2999877929688,654.1500244140625,665.0499877929688,2943390
2019-01-02 05:30:00+05:30,INFY.NS,666.0,674.0,662.0499877929688,669.0499877929688,7416655
2019-01-03 05:30:00+05:30,INFY.NS,672.0,677.0,663.0999755859375,669.1500244140625,6827249
2019-01-04 05:30:00+05:30,INFY.NS,671.75,673.9000244140625,651.0,661.0499877929688,7889310
2019-01-07 05:30:00+05:30,INFY.NS,665.0,673.5999755859375,661.5,671.7000122070312,8046340
2019-01-08 05:30:00+05:30,INFY.NS,674.9500122070312,677.4500122070312,668.5499877929688,670.0499877929688,8621545
2019-01-09 05:30:00+05:30,INFY.NS,686.2000122070312,689.7999877929688,664.0,676.0999755859375,18130292
2019-01-10 05:30:00+05:30,INFY.NS,681.5999755859375,682.0,672.5499877929688,679.7000122070312,9572493
2019-01-11 05:30:00+05:30,INFY.NS,680.2000122070312,685.5,672.5,683.5,12281903
2019-01-14 05:30:00+05:30,INFY.NS,707.0,710.2000122070312,695.9500122070312,701.9000244140625,19312937
2019-01-15 05:30:00+05:30,INFY.NS,707.2000122070312,730.0,707.2000122070312,726.5999755859375,19671304
2019-01-16 05:30:00+05:30,INFY.NS,729.9000244140625,737.7999877929688,728.5,736.7999877929688,9658944
2019-01-17 05:30:00+05:30,INFY.NS,735.7999877929688,739.0,729.0999755859375,733.3499755859375,6903771
2019-01-18 05:30:00+05:30,INFY.NS,730.0,736.2000122070312,726.2999877929688,730.9500122070312,5902151
2019-01-21 05:30:00+05:30,INFY.NS,738.2000122070312,751.0,734.0,745.0,8129422
2019-01-22 05:30:00+05:30,INFY.NS,741.25,749.0,734.0,745.3499755859375,6723375
2019-01-23 05:30:00+05:30,INFY.NS,742.3499755859375,742.5999755859375,729.2000122070312,731.6500244140625,7212099
2019-01-24 05:30:00+05:30,INFY.NS,728.0999755859375,736.0999755859375,721.0,732.0,7429783
2019-01-25 05:30:00+05:30,INFY.NS,728.0,737.9000244140625,724.25,730.3499755859375,5543112
2019-01-28 05:30:00+05:30,INFY.NS,731.0,732.5999755859375,719.0,727.9500122070312,7944693
2019-01-29 05:30:00+05:30,INFY.NS,725.5,732.8499755859375,716.5,727.9000244140625,6760819
2019-01-30 05:30:00+05:30,INFY.NS,727.9000244140625,734.7999877929688,721.0999755859375,725.9000244140625,5763026
2019-01-31 05:30:00+05:30,INFY.NS,726.0,751.2999877929688,726.0,749.5499877929688,13825233
2019-02-01 05:30:00+05:30,INFY.NS,751.3499755859375,762.5,744.5,757.0499877929688,6276585
2019-02-04 05:30:00+05:30,INFY.NS,757.0,762.5,749.2000122070312,755.9000244140625,3945391
2019-02-05 05:30:00+05:30,INFY.NS,747.0,759.9500122070312,747.0,754.8499755859375,4694366
2019-02-06 05:30:00+05:30,INFY.NS,755.5499877929688,766.9500122070312,754.3499755859375,763.2999877929688,5880482
2019-02-07 05:30:00+05:30,INFY.NS,763.0499877929688,769.4500122070312,761.0,764.0,3961797
2019-02-08 05:30:00+05:30,INFY.NS,760.0,772.25,754.9000244140625,760.9000244140625,5915169
2019-02-11 05:30:00+05:30,INFY.NS,766.9000244140625,768.75,759.0,762.7999877929688,5500216
2019-02-12 05:30:00+05:30,INFY.NS,760.3499755859375,760.3499755859375,741.0,750.4500122070312,7310690
2019-02-14 05:30:00+05:30,INFY.NS,751.0,753.0,737.25,740.0499877929688,4610535
2019-02-15 05:30:00+05:30,INFY.NS,742.2999877929688,746.5,732.5999755859375,741.9500122070312,5586389
2019-02-18 05:30:00+05:30,INFY.NS,742.3499755859375,747.6500244140625,736.0,741.0499877929688,5346825
2019-02-19 05:30:00+05:30,INFY.NS,739.0999755859375,740.5499877929688,721.2999877929688,724.2999877929688,9401334
2019-02-20 05:30:00+05:30,INFY.NS,727.0,743.0,726.0499877929688,740.7000122070312,5210675
2019-02-21 05:30:00+05:30,INFY.NS,738.0,738.0,727.0999755859375,733.4500122070312,7202786
2019-02-22 05:30:00+05:30,INFY.NS,732.5,738.2000122070312,728.0,734.9500122070312,3750833
2019-02-25 05:30:00+05:30,INFY.NS,735.5499877929688,758.0,735.5499877929688,754.9000244140625,6547552
2019-02-26 05:30:00+05:30,INFY.NS,748.5999755859375,752.5999755859375,740.1500244140625,742.5,8319610
2019-02-27 05:30:00+05:30,INFY.NS,745.0,746.4000244140625,732.75,735.25,5936354
2019-02-28 05:30:00+05:30,INFY.NS,738.7000122070312,742.4000244140625,732.2999877929688,734.2999877929688,8559921
2019-03-01 05:30:00+05:30,INFY.NS,735.5,743.4000244140625,735.5,741.9000244140625,3998826
2019-03-05 05:30:00+05:30,INFY.NS,740.5,742.5,730.25,732.5,4826505
2019-03-06 05:30:00+05:30,INFY.NS,736.0999755859375,736.0999755859375,727.0,732.5,6076668
2019-03-07 05:30:00+05:30,INFY.NS,734.0,734.5,720.5499877929688,722.9500122070312,5951551
2019-03-08 05:30:00+05:30,INFY.NS,722.9500122070312,722.9500122070312,710.6500244140625,712.3499755859375,7193994
2019-03-11 05:30:00+05:30,INFY.NS,713.2999877929688,718.5,709.4000244140625,711.25,9932198
2019-03-12 05:30:00+05:30,INFY.NS,709.0,714.9500122070312,705.5999755859375,706.9500122070312,11997387
2019-03-13 05:30:00+05:30,INFY.NS,710.0,718.5999755859375,706.2999877929688,708.4500122070312,11348867
2019-03-14 05:30:00+05:30,INFY.NS,714.0,714.9000244140625,706.2000122070312,708.3499755859375,6415187
2019-03-15 05:30:00+05:30,INFY.NS,712.0,723.75,709.5999755859375,718.5499877929688,14638664
2019-03-18 05:30:00+05:30,INFY.NS,721.5499877929688,723.7000122070312,705.3499755859375,710.2000122070312,8065544
2019-03-19 05:30:00+05:30,INFY.NS,712.7999877929688,726.5,707.4000244140625,722.25,8917337
2019-03-20 05:30:00+05:30,INFY.NS,727.25,742.2999877929688,727.1500244140625,738.9500122070312,13471173
2019-03-22 05:30:00+05:30,INFY.NS,745.0,746.3499755859375,732.2999877929688,743.0999755859375,8883260
2019-03-25 05:30:00+05:30,INFY.NS,742.4000244140625,742.4000244140625,730.5499877929688,735.25,7644966
2019-03-26 05:30:00+05:30,INFY.NS,735.25,735.25,719.0999755859375,727.75,9406261
2019-03-27 05:30:00+05:30,INFY.NS,730.0,732.2999877929688,727.1500244140625,729.7000122070312,7387487
2019-03-28 05:30:00+05:30,INFY.NS,730.0,745.0,730.0,737.7999877929688,9277241
2019-04-01 05:30:00+05:30,INFY.NS,742.0,760.0,742.0,755.0999755859375,6584982
2019-04-02 05:30:00+05:30,INFY.NS,759.0,765.7999877929688,754.5999755859375,759.4000244140625,7283600
2019-04-03 05:30:00+05:30,INFY.NS,756.0,758.5,746.7999877929688,753.2999877929688,6897127
2019-04-04 05:30:00+05:30,INFY.NS,751.4000244140625,753.7999877929688,745.0999755859375,747.9000244140625,7688525
2019-04-05 05:30:00+05:30,INFY.NS,750.9000244140625,760.9500122070312,748.0,759.2999877929688,6276040
2019-04-08 05:30:00+05:30,INFY.NS,763.0499877929688,770.0,755.4000244140625,767.25,4919911
2019-04-09 05:30:00+05:30,INFY.NS,770.0,773.0,758.2000122070312,760.5999755859375,6730692
2019-04-10 05:30:00+05:30,INFY.NS,764.0,766.7000122070312,751.2999877929688,752.7000122070312,7031088
2019-04-11 05:30:00+05:30,INFY.NS,751.75,751.75,740.0499877929688,742.7000122070312,8200995
2019-04-12 05:30:00+05:30,INFY.NS,743.0999755859375,751.5499877929688,740.5999755859375,747.75,7043212
2019-04-15 05:30:00+05:30,INFY.NS,724.7000122070312,731.3499755859375,712.5999755859375,727.5,31574803
2019-04-16 05:30:00+05:30,INFY.NS,727.9000244140625,727.9000244140625,714.0999755859375,724.0999755859375,12524411
2019-04-18 05:30:00+05:30,INFY.NS,722.5,722.5,712.75,717.0499877929688,13801105
2019-04-22 05:30:00+05:30,INFY.NS,717.0499877929688,725.75,715.0,721.0499877929688,6455426
2019-04-23 05:30:00+05:30,INFY.NS,723.9000244140625,730.0,718.4000244140625,728.2000122070312,5516668
2019-04-24 05:30:00+05:30,INFY.NS,728.2000122070312,737.9000244140625,724.0,736.4500122070312,8285120
2019-04-25 05:30:00+05:30,INFY.NS,736.4500122070312,737.6500244140625,727.0499877929688,728.5499877929688,8005235
2019-04-26 05:30:00+05:30,INFY.NS,731.0,739.7999877929688,729.0,738.0,6895168
2019-04-30 05:30:00+05:30,INFY.NS,738.0,753.7999877929688,738.0,751.3499755859375,9920046
2019-05-02 05:30:00+05:30,INFY.NS,747.0,748.4000244140625,729.5,730.7999877929688,6351352
2019-05-03 05:30:00+05:30,INFY.NS,722.9000244140625,731.0,718.2000122070312,723.5999755859375,6348116
2019-05-06 05:30:00+05:30,INFY.NS,715.0,721.7999877929688,710.6500244140625,718.4000244140625,8858265
2019-05-07 05:30:00+05:30,INFY.NS,720.4000244140625,727.9000244140625,718.7000122070312,724.5499877929688,5747536
2019-05-08 05:30:00+05:30,INFY.NS,721.0,726.0,716.5,719.3499755859375,6247642
2019-05-09 05:30:00+05:30,INFY.NS,719.1500244140625,730.2999877929688,715.7999877929688,721.0499877929688,7396525
2019-05-10 05:30:00+05:30,INFY.NS,720.7999877929688,726.0,715.0,716.8499755859375,8352335
2019-05-13 05:30:00+05:30,INFY.NS,716.5499877929688,726.4500122070312,712.0999755859375,719.7000122070312,6808993
2019-05-14 05:30:00+05:30,INFY.NS,716.5,717.75,703.5999755859375,713.8499755859375,10513001
2019-05-15 05:30:00+05:30,INFY.NS,714.9000244140625,725.2000122070312,712.5999755859375,716.0999755859375,6668929
2019-05-16 05:30:00+05:30,INFY.NS,720.0,737.0,719.0999755859375,733.0999755859375,6468556
2019-05-17 05:30:00+05:30,INFY.NS,733.1500244140625,735.7999877929688,720.0999755859375,723.9000244140625,8155948
2019-05-20 05:30:00+05:30,INFY.NS,719.7000122070312,726.4000244140625,706.0,722.4000244140625,11213708
2019-05-21 05:30:00+05:30,INFY.NS,722.6500244140625,722.6500244140625,707.7000122070312,709.2999877929688,8645535
2019-05-22 05:30:00+05:30,INFY.NS,710.0,718.25,707.0,709.75,5795713
2019-05-23 05:30:00+05:30,INFY.NS,715.0,716.7000122070312,697.4500122070312,701.0499877929688,7233736
2019-05-24 05:30:00+05:30,INFY.NS,703.7999877929688,711.75,700.4500122070312,709.2000122070312,7016424
2019-05-27 05:30:00+05:30,INFY.NS,707.4000244140625,713.7999877929688,705.5,708.0999755859375,10247544
2019-05-28 05:30:00+05:30,INFY.NS,712.0,733.4500122070312,709.7999877929688,728.0999755859375,23860490
2019-05-29 05:30:00+05:30,INFY.NS,725.5,733.6500244140625,723.6500244140625,727.7999877929688,10293077
2019-05-30 05:30:00+05:30,INFY.NS,727.0,737.25,722.5499877929688,733.5499877929688,15089296
2019-05-31 05:30:00+05:30,INFY.NS,736.5,742.9500122070312,733.2000122070312,737.75,8290306
2019-06-03 05:30:00+05:30,INFY.NS,729.7999877929688,750.9000244140625,729.0,744.6500244140625,7744761
2019-06-04 05:30:00+05:30,INFY.NS,737.25,739.4500122070312,733.1500244140625,735.2999877929688,11733702
2019-06-06 05:30:00+05:30,INFY.NS,736.5,744.6500244140625,733.6500244140625,735.5999755859375,7563925
2019-06-07 05:30:00+05:30,INFY.NS,735.8499755859375,743.9500122070312,735.8499755859375,739.0999755859375,3218358
2019-06-10 05:30:00+05:30,INFY.NS,740.0999755859375,754.0999755859375,740.0999755859375,753.5,4435148
2019-06-11 05:30:00+05:30,INFY.NS,755.0,759.0,750.5,754.9000244140625,5733127
2019-06-12 05:30:00+05:30,INFY.NS,756.9500122070312,756.9500122070312,745.0,753.7999877929688,8738342
2019-06-13 05:30:00+05:30,INFY.NS,740.0,747.2000122070312,740.0,742.6500244140625,4808577
2019-06-14 05:30:00+05:30,INFY.NS,743.8499755859375,745.5,738.25,740.4500122070312,5556353
2019-06-17 05:30:00+05:30,INFY.NS,743.0,744.5,737.7999877929688,740.5499877929688,3085588
2019-06-18 05:30:00+05:30,INFY.NS,740.2000122070312,752.4500122070312,740.2000122070312,750.1500244140625,6202838
2019-06-19 05:30:00+05:30,INFY.NS,752.5,755.4000244140625,748.5999755859375,751.9000244140625,4596253
2019-06-20 05:30:00+05:30,INFY.NS,737.7999877929688,756.9000244140625,735.9000244140625,754.9000244140625,7148684
2019-06-21 05:30:00+05:30,INFY.NS,755.0,755.0,747.1500244140625,750.2000122070312,13200318
2019-06-24 05:30:00+05:30,INFY.NS,751.9000244140625,751.9000244140625,742.6500244140625,745.5,4758178
2019-06-25 05:30:00+05:30,INFY.NS,744.0,750.9000244140625,737.2999877929688,748.0999755859375,3677911
2019-06-26 05:30:00+05:30,INFY.NS,743.0,751.4500122070312,738.0,739.2000122070312,5447130
2019-06-27 05:30:00+05:30,INFY.NS,742.0,744.7000122070312,728.1500244140625,730.5499877929688,11122346
2019-06-28 05:30:00+05:30,INFY.NS,735.5,739.5,728.5,732.0,5919494
2019-07-01 05:30:00+05:30,INFY.NS,735.0,737.5,729.8499755859375,731.2999877929688,3224968
2019-07-02 05:30:00+05:30,INFY.NS,734.0,741.6500244140625,730.0999755859375,740.0,4837606
2019-07-03 05:30:00+05:30,INFY.NS,741.0,743.2000122070312,730.0,731.2999877929688,5958379
2019-07-04 05:30:00+05:30,INFY.NS,729.0,736.4000244140625,728.5999755859375,733.7999877929688,3274064
2019-07-05 05:30:00+05:30,INFY.NS,735.0,736.4000244140625,713.5,718.0,4926289
2019-07-08 05:30:00+05:30,INFY.NS,716.4500122070312,724.9500122070312,712.2999877929688,717.5999755859375,7177092
2019-07-09 05:30:00+05:30,INFY.NS,718.0,719.8499755859375,709.0499877929688,715.5,5022638
2019-07-10 05:30:00+05:30,INFY.NS,709.0,722.7000122070312,706.5,717.25,7573816
2019-07-11 05:30:00+05:30,INFY.NS,719.4500122070312,723.5,709.5999755859375,721.5,6252688
2019-07-12 05:30:00+05:30,INFY.NS,722.5,730.5999755859375,719.5999755859375,726.75,7874441
2019-07-15 05:30:00+05:30,INFY.NS,763.0,781.6500244140625,754.2000122070312,779.3499755859375,31064152
2019-07-16 05:30:00+05:30,INFY.NS,777.0,787.7999877929688,776.0,784.8499755859375,9924322
2019-07-17 05:30:00+05:30,INFY.NS,783.9000244140625,795.0,776.75,794.1500244140625,6754348
2019-07-18 05:30:00+05:30,INFY.NS,789.0499877929688,798.5,786.2000122070312,792.7000122070312,6534471
2019-07-19 05:30:00+05:30,INFY.NS,788.7000122070312,794.5,781.25,785.4000244140625,6812754
2019-07-22 05:30:00+05:30,INFY.NS,785.9500122070312,792.0,782.0499877929688,784.4000244140625,7107151
2019-07-23 05:30:00+05:30,INFY.NS,787.0,804.0,785.5499877929688,790.0499877929688,10782564
2019-07-24 05:30:00+05:30,INFY.NS,788.0,793.75,783.5999755859375,786.2999877929688,5745146
2019-07-25 05:30:00+05:30,INFY.NS,788.25,800.2000122070312,787.6500244140625,794.5,9773568
2019-07-26 05:30:00+05:30,INFY.NS,792.2999877929688,795.0,782.2000122070312,787.0,4941763
2019-07-29 05:30:00+05:30,INFY.NS,789.5,796.9500122070312,786.2000122070312,791.4500122070312,6244316
2019-07-30 05:30:00+05:30,INFY.NS,791.9000244140625,797.7999877929688,788.5499877929688,792.7000122070312,8673253
2019-07-31 05:30:00+05:30,INFY.NS,790.8499755859375,799.7999877929688,781.5999755859375,793.6500244140625,7350584
2019-08-01 05:30:00+05:30,INFY.NS,786.4500122070312,788.4000244140625,764.4000244140625,768.8499755859375,10066407
2019-08-02 05:30:00+05:30,INFY.NS,765.0499877929688,779.9000244140625,762.25,775.5999755859375,10838336
2019-08-05 05:30:00+05:30,INFY.NS,772.5999755859375,785.9000244140625,768.6500244140625,776.7000122070312,9976238
2019-08-06 05:30:00+05:30,INFY.NS,778.7999877929688,783.7000122070312,769.7999877929688,774.4500122070312,9331718
2019-08-07 05:30:00+05:30,INFY.NS,778.9000244140625,783.4500122070312,772.3499755859375,776.0999755859375,5130457
2019-08-08 05:30:00+05:30,INFY.NS,782.7000122070312,792.75,781.25,788.75,8009009
2019-08-09 05:30:00+05:30,INFY.NS,792.0,796.75,784.7999877929688,789.8499755859375,4362520
2019-08-13 05:30:00+05:30,INFY.NS,784.1500244140625,786.0,760.1500244140625,764.75,7517099
2019-08-14 05:30:00+05:30,INFY.NS,775.0999755859375,778.25,768.0,774.7999877929688,5940968
2019-08-16 05:30:00+05:30,INFY.NS,780.0,780.0499877929688,762.5,774.5499877929688,5128088
2019-08-19 05:30:00+05:30,INFY.NS,775.5999755859375,783.0,773.3499755859375,777.6500244140625,3881451
2019-08-20 05:30:00+05:30,INFY.NS,785.2000122070312,798.0,783.8499755859375,792.75,8435344
2019-08-21 05:30:00+05:30,INFY.NS,793.0,803.75,793.0,799.4500122070312,5926896
2019-08-22 05:30:00+05:30,INFY.NS,799.9000244140625,801.2999877929688,792.3499755859375,795.7000122070312,5222488
2019-08-23 05:30:00+05:30,INFY.NS,796.4500122070312,809.9500122070312,795.7999877929688,802.2000122070312,6895015
2019-08-26 05:30:00+05:30,INFY.NS,795.9000244140625,806.7999877929688,786.9000244140625,802.5499877929688,5412074
2019-08-27 05:30:00+05:30,INFY.NS,791.0,794.9500122070312,781.0999755859375,784.6500244140625,16061642
2019-08-28 05:30:00+05:30,INFY.NS,787.4000244140625,805.0,786.2999877929688,802.5,5881134
2019-08-29 05:30:00+05:30,INFY.NS,795.5,809.7000122070312,795.5,806.9500122070312,7830413
2019-08-30 05:30:00+05:30,INFY.NS,810.0,817.3499755859375,802.0,814.9000244140625,8174186
2019-09-03 05:30:00+05:30,INFY.NS,815.0,822.4000244140625,812.0499877929688,814.25,5647088
2019-09-04 05:30:00+05:30,INFY.NS,810.75,822.4500122070312,810.25,821.2999877929688,6199015
2019-09-05 05:30:00+05:30,INFY.NS,830.0999755859375,837.5,826.6500244140625,834.0499877929688,7926895
2019-09-06 05:30:00+05:30,INFY.NS,843.2999877929688,847.0,835.0499877929688,840.1500244140625,6106841
2019-09-09 05:30:00+05:30,INFY.NS,836.7999877929688,840.2999877929688,827.5499877929688,829.0999755859375,4377870
2019-09-11 05:30:00+05:30,INFY.NS,822.2999877929688,828.5499877929688,814.1500244140625,820.0999755859375,7981036
2019-09-12 05:30:00+05:30,INFY.NS,816.4000244140625,819.8499755859375,810.8499755859375,816.4000244140625,4400017
2019-09-13 05:30:00+05:30,INFY.NS,818.0999755859375,831.0499877929688,817.5,829.2999877929688,4832021
2019-09-16 05:30:00+05:30,INFY.NS,832.0499877929688,837.9500122070312,820.5499877929688,827.7000122070312,4846496
2019-09-17 05:30:00+05:30,INFY.NS,831.5,835.0,820.5499877929688,831.25,5540901
2019-09-18 05:30:00+05:30,INFY.NS,829.9000244140625,832.9500122070312,824.0,829.8499755859375,3199389
2019-09-19 05:30:00+05:30,INFY.NS,824.8499755859375,827.0,815.2000122070312,820.7000122070312,6601607
2019-09-20 05:30:00+05:30,INFY.NS,822.9000244140625,835.0,802.0,805.0,22462366
2019-09-23 05:30:00+05:30,INFY.NS,806.9000244140625,806.9000244140625,741.9000244140625,764.3499755859375,17279260
2019-09-24 05:30:00+05:30,INFY.NS,765.0,798.6500244140625,765.0,794.0499877929688,13717998
2019-09-25 05:30:00+05:30,INFY.NS,787.7000122070312,801.0,781.6500244140625,792.6500244140625,9313576
2019-09-26 05:30:00+05:30,INFY.NS,787.75,797.0,778.0999755859375,782.5499877929688,18442824
2019-09-27 05:30:00+05:30,INFY.NS,787.0499877929688,794.25,780.0999755859375,782.2000122070312,5087642
2019-09-30 05:30:00+05:30,INFY.NS,785.0999755859375,808.0,784.1500244140625,805.6500244140625,8178091
2019-10-01 05:30:00+05:30,INFY.NS,807.0,807.5499877929688,791.5499877929688,793.5499877929688,5881438
2019-10-03 05:30:00+05:30,INFY.NS,792.5499877929688,797.8499755859375,784.1500244140625,785.5999755859375,5497672
2019-10-04 05:30:00+05:30,INFY.NS,790.0,797.5999755859375,787.0499877929688,793.4500122070312,8201713
2019-10-07 05:30:00+05:30,INFY.NS,794.8499755859375,802.0,786.0999755859375,789.5499877929688,3679845
2019-10-09 05:30:00+05:30,INFY.NS,795.4500122070312,795.9000244140625,778.7999877929688,783.6500244140625,6335025
2019-10-10 05:30:00+05:30,INFY.NS,785.4000244140625,794.7000122070312,776.5999755859375,783.0499877929688,10402917
2019-10-11 05:30:00+05:30,INFY.NS,781.5,823.7999877929688,776.5999755859375,814.7999877929688,20636344
2019-10-14 05:30:00+05:30,INFY.NS,786.75,797.0,780.0,786.0999755859375,15150858
2019-10-15 05:30:00+05:30,INFY.NS,773.0999755859375,775.9500122070312,765.0,768.2999877929688,13762133
2019-10-16 05:30:00+05:30,INFY.NS,765.25,775.9500122070312,761.5499877929688,771.4500122070312,10767032
2019-10-17 05:30:00+05:30,INFY.NS,767.0,770.5499877929688,765.0999755859375,769.5,9860495
2019-10-18 05:30:00+05:30,INFY.NS,763.7999877929688,773.7999877929688,760.0,767.8499755859375,10037200
2019-10-22 05:30:00+05:30,INFY.NS,691.0999755859375,691.0999755859375,638.3499755859375,643.5499877929688,90152532
2019-10-23 05:30:00+05:30,INFY.NS,630.0,656.6500244140625,615.0999755859375,650.5999755859375,60516887
2019-10-24 05:30:00+05:30,INFY.NS,650.0,653.2000122070312,632.0,635.3499755859375,25666433
2019-10-25 05:30:00+05:30,INFY.NS,647.0,652.5,636.0,637.4500122070312,16549337
2019-10-27 05:30:00+05:30,INFY.NS,651.0999755859375,652.5,645.5499877929688,648.8499755859375,2945281
2019-10-29 05:30:00+05:30,INFY.NS,651.0,653.75,647.0,650.6500244140625,16709764
2019-10-30 05:30:00+05:30,INFY.NS,660.4000244140625,671.4000244140625,656.2000122070312,660.5999755859375,22879467
2019-10-31 05:30:00+05:30,INFY.NS,668.4000244140625,695.4500122070312,666.0999755859375,685.5999755859375,27405901
2019-11-01 05:30:00+05:30,INFY.NS,690.0,694.0,682.5999755859375,687.9000244140625,9713519
2019-11-04 05:30:00+05:30,INFY.NS,681.7999877929688,732.5,678.1500244140625,709.0,29381982
2019-11-05 05:30:00+05:30,INFY.NS,708.75,708.75,691.5,696.0999755859375,12897805
2019-11-06 05:30:00+05:30,INFY.NS,695.7999877929688,721.5,692.0,712.2999877929688,21372589
2019-11-07 05:30:00+05:30,INFY.NS,717.0,724.3499755859375,712.0999755859375,720.0999755859375,13733737
2019-11-08 05:30:00+05:30,INFY.NS,722.0,724.25,705.5,708.1500244140625,8585630
2019-11-11 05:30:00+05:30,INFY.NS,698.9000244140625,707.2000122070312,698.0,704.4000244140625,6951494
2019-11-13 05:30:00+05:30,INFY.NS,696.5,700.0,687.75,691.3499755859375,9973690
2019-11-14 05:30:00+05:30,INFY.NS,696.3499755859375,709.7999877929688,696.3499755859375,705.2999877929688,10539902
2019-11-15 05:30:00+05:30,INFY.NS,709.0499877929688,712.9500122070312,702.2999877929688,703.9000244140625,7362623
2019-11-18 05:30:00+05:30,INFY.NS,705.0,710.0,699.2999877929688,705.2000122070312,7490916
2019-11-19 05:30:00+05:30,INFY.NS,709.9000244140625,714.0,705.0,712.8499755859375,6495885
2019-11-20 05:30:00+05:30,INFY.NS,712.7999877929688,715.0,705.0,713.0,6142171
2019-11-21 05:30:00+05:30,INFY.NS,715.5,721.4500122070312,710.5,713.25,9692973
2019-11-22 05:30:00+05:30,INFY.NS,711.75,712.0,685.0999755859375,693.2000122070312,14415826
2019-11-25 05:30:00+05:30,INFY.NS,693.3499755859375,705.1500244140625,693.2000122070312,698.0999755859375,7334511
2019-11-26 05:30:00+05:30,INFY.NS,705.0,707.25,686.0,690.5999755859375,27253106
2019-11-27 05:30:00+05:30,INFY.NS,694.25,697.6500244140625,690.0999755859375,695.75,3861635
2019-11-28 05:30:00+05:30,INFY.NS,699.0999755859375,703.3499755859375,694.0499877929688,701.8499755859375,4837683
2019-11-29 05:30:00+05:30,INFY.NS,700.9000244140625,702.2999877929688,691.5499877929688,696.3499755859375,4262379
2019-12-02 05:30:00+05:30,INFY.NS,703.0999755859375,704.0,690.2999877929688,692.7000122070312,9383736
2019-12-03 05:30:00+05:30,INFY.NS,692.7000122070312,699.7000122070312,688.5499877929688,698.3499755859375,5239013
2019-12-04 05:30:00+05:30,INFY.NS,697.0,710.5,693.3499755859375,708.8499755859375,7427886
2019-12-05 05:30:00+05:30,INFY.NS,706.4500122070312,715.9000244140625,703.7999877929688,714.8499755859375,4814422
2019-12-06 05:30:00+05:30,INFY.NS,715.9500122070312,720.0,709.5999755859375,715.0999755859375,5226096
2019-12-09 05:30:00+05:30,INFY.NS,716.0,722.3499755859375,714.25,717.25,6435865
2019-12-10 05:30:00+05:30,INFY.NS,713.0,718.5,710.0,714.5499877929688,4457939
2019-12-11 05:30:00+05:30,INFY.NS,716.5999755859375,722.7000122070312,713.0,721.0499877929688,6043554
2019-12-12 05:30:00+05:30,INFY.NS,718.5,720.7000122070312,699.5499877929688,702.0999755859375,11112042
2019-12-13 05:30:00+05:30,INFY.NS,700.3499755859375,712.9000244140625,700.3499755859375,711.2999877929688,10302412
2019-12-16 05:30:00+05:30,INFY.NS,712.2999877929688,720.2000122070312,710.2000122070312,714.0,5616324
2019-12-17 05:30:00+05:30,INFY.NS,719.7000122070312,731.25,715.0,729.7000122070312,10525565
2019-12-18 05:30:00+05:30,INFY.NS,731.0,737.2999877929688,722.75,732.4500122070312,12215295
2019-12-19 05:30:00+05:30,INFY.NS,733.5,735.9500122070312,724.5999755859375,730.8499755859375,7199210
2019-12-20 05:30:00+05:30,INFY.NS,731.0,735.0,728.25,731.5499877929688,7794167
2019-12-23 05:30:00+05:30,INFY.NS,732.1500244140625,737.2999877929688,731.6500244140625,736.0,4975608
2019-12-24 05:30:00+05:30,INFY.NS,736.9500122070312,736.9500122070312,728.2999877929688,733.4000244140625,2890759
2019-12-26 05:30:00+05:30,INFY.NS,732.0,734.5499877929688,726.5499877929688,728.9500122070312,3821806
2019-12-27 05:30:00+05:30,INFY.NS,729.75,737.5,728.8499755859375,736.9500122070312,3399094
2019-12-30 05:30:00+05:30,INFY.NS,736.0999755859375,737.9500122070312,727.25,732.9000244140625,5368416
2019-12-31 05:30:00+05:30,INFY.NS,729.7000122070312,737.75,725.4500122070312,731.1500244140625,6927885
2020-01-01 05:30:00+05:30,INFY.NS,735.0,740.0,732.5499877929688,736.8499755859375,2112415
2020-01-02 05:30:00+05:30,INFY.NS,738.9000244140625,740.7999877929688,730.9000244140625,734.7000122070312,5658200
2020-01-03 05:30:00+05:30,INFY.NS,733.9000244140625,748.0,733.9000244140625,746.0,7882938
2020-01-06 05:30:00+05:30,INFY.NS,746.0999755859375,753.7999877929688,736.5,738.8499755859375,6519403
2020-01-07 05:30:00+05:30,INFY.NS,738.0,742.5999755859375,725.0999755859375,727.9000244140625,7899363
2020-01-08 05:30:00+05:30,INFY.NS,724.9500122070312,729.0,708.2999877929688,718.2000122070312,8639443
2020-01-09 05:30:00+05:30,INFY.NS,721.7000122070312,731.5,714.2999877929688,727.5499877929688,13521186
2020-01-10 05:30:00+05:30,INFY.NS,740.4500122070312,742.9000244140625,730.5,738.1500244140625,9341405
2020-01-13 05:30:00+05:30,INFY.NS,760.0,777.5,755.0,773.5499877929688,36952038
2020-01-14 05:30:00+05:30,INFY.NS,769.9500122070312,776.9500122070312,767.2000122070312,775.6500244140625,11414418
2020-01-15 05:30:00+05:30,INFY.NS,773.8499755859375,773.8499755859375,762.1500244140625,767.5499877929688,6047430
2020-01-16 05:30:00+05:30,INFY.NS,770.7000122070312,772.5,760.25,767.0,5740586
2020-01-17 05:30:00+05:30,INFY.NS,770.7000122070312,772.9000244140625,762.25,767.8499755859375,3762957
2020-01-20 05:30:00+05:30,INFY.NS,771.5999755859375,774.4000244140625,762.9500122070312,768.4500122070312,3887680
2020-01-21 05:30:00+05:30,INFY.NS,768.4500122070312,770.5,760.75,762.5,4448374
2020-01-22 05:30:00+05:30,INFY.NS,768.4500122070312,778.0,766.0,770.2000122070312,9733935
2020-01-23 05:30:00+05:30,INFY.NS,777.0999755859375,785.5,776.7000122070312,784.3499755859375,12528017
2020-01-24 05:30:00+05:30,INFY.NS,775.75,786.5,773.5999755859375,782.75,7540490
2020-01-27 05:30:00+05:30,INFY.NS,779.0499877929688,784.7999877929688,774.4000244140625,778.0999755859375,3741610
2020-01-28 05:30:00+05:30,INFY.NS,781.0,781.7999877929688,772.0,778.0,5121009
2020-01-29 05:30:00+05:30,INFY.NS,786.5999755859375,792.7999877929688,784.25,789.7000122070312,6832757
2020-01-30 05:30:00+05:30,INFY.NS,789.7000122070312,789.7000122070312,778.0,780.7000122070312,3859680
2020-01-31 05:30:00+05:30,INFY.NS,780.5499877929688,784.9500122070312,771.5999755859375,775.9500122070312,6092028
2020-02-03 05:30:00+05:30,INFY.NS,782.0,790.9500122070312,764.5,767.4000244140625,6416745
2020-02-04 05:30:00+05:30,INFY.NS,770.0999755859375,789.9000244140625,770.0999755859375,787.8499755859375,5771311
2020-02-05 05:30:00+05:30,INFY.NS,781.0,786.0,774.4000244140625,784.5499877929688,6310409
2020-02-06 05:30:00+05:30,INFY.NS,784.3499755859375,786.7999877929688,770.0,771.3499755859375,7341622
2020-02-07 05:30:00+05:30,INFY.NS,775.9500122070312,778.8499755859375,771.0,777.2999877929688,2853344
2020-02-10 05:30:00+05:30,INFY.NS,774.0,778.0,769.75,773.2000122070312,3827682
2020-02-11 05:30:00+05:30,INFY.NS,779.0,779.0999755859375,769.2000122070312,773.5499877929688,4312817
2020-02-12 05:30:00+05:30,INFY.NS,775.7999877929688,783.25,775.0999755859375,781.0499877929688,2948825
2020-02-13 05:30:00+05:30,INFY.NS,785.0,794.0,782.2000122070312,792.25,4387430
2020-02-14 05:30:00+05:30,INFY.NS,794.5,799.2000122070312,784.5999755859375,786.4500122070312,5321680
2020-02-17 05:30:00+05:30,INFY.NS,790.2999877929688,793.4500122070312,783.2999877929688,789.4500122070312,2929629
2020-02-18 05:30:00+05:30,INFY.NS,785.0,799.0499877929688,783.6500244140625,797.6500244140625,5083346
2020-02-19 05:30:00+05:30,INFY.NS,800.0,804.8499755859375,796.1500244140625,800.4500122070312,3985192
2020-02-20 05:30:00+05:30,INFY.NS,803.25,806.0999755859375,793.8499755859375,797.0,4564569
2020-02-24 05:30:00+05:30,INFY.NS,800.0999755859375,811.5999755859375,792.1500244140625,795.8499755859375,6627536
2020-02-25 05:30:00+05:30,INFY.NS,799.0,806.0,795.4000244140625,798.4000244140625,6996695
2020-02-26 05:30:00+05:30,INFY.NS,793.9500122070312,801.4500122070312,780.5,782.75,8760569
2020-02-27 05:30:00+05:30,INFY.NS,778.0,780.75,772.2000122070312,777.8499755859375,5223386
2020-02-28 05:30:00+05:30,INFY.NS,750.0,756.7999877929688,722.0499877929688,731.7000122070312,14123957
2020-03-02 05:30:00+05:30,INFY.NS,737.0,765.9000244140625,733.75,741.0499877929688,9821523
2020-03-03 05:30:00+05:30,INFY.NS,755.0,759.0,741.25,747.0,7826587
2020-03-04 05:30:00+05:30,INFY.NS,753.9000244140625,761.5,745.5499877929688,758.75,11013444
2020-03-05 05:30:00+05:30,INFY.NS,763.75,773.5499877929688,751.75,754.5999755859375,7755293
2020-03-06 05:30:00+05:30,INFY.NS,741.0,744.0,729.0999755859375,738.9500122070312,9216022
2020-03-09 05:30:00+05:30,INFY.NS,724.5,725.8499755859375,697.0,704.4500122070312,10308654
2020-03-11 05:30:00+05:30,INFY.NS,690.6500244140625,695.9500122070312,669.0499877929688,686.0,16165009
2020-03-12 05:30:00+05:30,INFY.NS,668.0,670.0,627.5,631.2000122070312,13965574
2020-03-13 05:30:00+05:30,INFY.NS,592.0,667.0,570.0,642.3499755859375,16903113
2020-03-16 05:30:00+05:30,INFY.NS,622.0,622.1500244140625,580.0,583.1500244140625,19140152
2020-03-17 05:30:00+05:30,INFY.NS,588.0999755859375,592.0,550.0,554.9500122070312,16059887
2020-03-18 05:30:00+05:30,INFY.NS,568.0,578.0,528.0,534.2999877929688,15390183
2020-03-19 05:30:00+05:30,INFY.NS,509.25,558.0,509.25,545.5499877929688,16583991
2020-03-20 05:30:00+05:30,INFY.NS,549.5,617.4500122070312,548.0,585.2000122070312,21354894
2020-03-23 05:30:00+05:30,INFY.NS,540.0,560.9500122070312,515.9000244140625,526.4500122070312,17146150
2020-03-24 05:30:00+05:30,INFY.NS,522.0,601.1500244140625,522.0,589.7999877929688,20027097
2020-03-25 05:30:00+05:30,INFY.NS,597.0,635.0,565.7000122070312,606.2000122070312,18339548
2020-03-26 05:30:00+05:30,INFY.NS,615.0,650.8499755859375,612.0999755859375,643.0,14843813
2020-03-27 05:30:00+05:30,INFY.NS,665.0499877929688,674.9000244140625,642.25,652.7000122070312,13495283
2020-03-30 05:30:00+05:30,INFY.NS,625.0999755859375,663.5,621.0999755859375,626.7000122070312,14624804
2020-03-31 05:30:00+05:30,INFY.NS,650.0,662.0,633.7000122070312,641.5,15175521
2020-04-01 05:30:00+05:30,INFY.NS,634.3499755859375,637.5,594.0,602.7999877929688,13083824
2020-04-03 05:30:00+05:30,INFY.NS,603.5,606.0,582.1500244140625,585.7000122070312,10221655
2020-04-07 05:30:00+05:30,INFY.NS,615.0,644.25,612.9000244140625,639.0,15145605
2020-04-08 05:30:00+05:30,INFY.NS,630.0,655.6500244140625,626.3499755859375,631.5999755859375,11806896
2020-04-09 05:30:00+05:30,INFY.NS,646.7999877929688,652.7999877929688,632.0999755859375,636.25,11931114
2020-04-13 05:30:00+05:30,INFY.NS,629.0,651.7000122070312,626.0499877929688,637.4000244140625,8330276
2020-04-15 05:30:00+05:30,INFY.NS,651.4000244140625,653.2999877929688,635.5999755859375,639.0499877929688,11963447
2020-04-16 05:30:00+05:30,INFY.NS,619.9500122070312,634.9000244140625,603.5,623.8499755859375,17783287
2020-04-17 05:30:00+05:30,INFY.NS,644.0,646.0,626.0,628.75,8878320
2020-04-20 05:30:00+05:30,INFY.NS,640.0,661.0,639.0,653.2999877929688,13322913
2020-04-21 05:30:00+05:30,INFY.NS,627.7999877929688,646.5,627.7999877929688,633.2000122070312,11660575
2020-04-22 05:30:00+05:30,INFY.NS,633.2000122070312,645.0,628.0499877929688,641.8499755859375,8266728
2020-04-23 05:30:00+05:30,INFY.NS,647.0499877929688,683.6500244140625,638.0999755859375,679.2999877929688,14451289
2020-04-24 05:30:00+05:30,INFY.NS,668.5499877929688,675.0,654.7999877929688,658.0,7319940
2020-04-27 05:30:00+05:30,INFY.NS,661.0499877929688,681.0,661.0499877929688,664.5999755859375,7183306
2020-04-28 05:30:00+05:30,INFY.NS,673.0,677.0,653.0499877929688,660.7000122070312,7296571
2020-04-29 05:30:00+05:30,INFY.NS,666.0,682.0,658.0,676.5499877929688,8639056
2020-04-30 05:30:00+05:30,INFY.NS,700.0,720.0,698.0999755859375,715.5,16253821
2020-05-04 05:30:00+05:30,INFY.NS,689.7999877929688,701.2000122070312,670.3499755859375,673.7000122070312,9122740
2020-05-05 05:30:00+05:30,INFY.NS,681.75,685.5999755859375,670.0,673.7000122070312,6393053
2020-05-06 05:30:00+05:30,INFY.NS,676.9000244140625,681.4500122070312,664.0499877929688,665.9000244140625,7934250
2020-05-07 05:30:00+05:30,INFY.NS,665.5499877929688,674.3499755859375,662.4500122070312,664.9500122070312,4779548
2020-05-08 05:30:00+05:30,INFY.NS,672.25,680.9000244140625,668.5,674.2000122070312,8400321
2020-05-11 05:30:00+05:30,INFY.NS,682.5,698.5499877929688,678.0,682.9000244140625,7370186
2020-05-12 05:30:00+05:30,INFY.NS,678.5,691.0,675.5,687.6500244140625,7356039
2020-05-13 05:30:00+05:30,INFY.NS,694.7999877929688,699.9000244140625,683.75,694.1500244140625,8287101
2020-05-14 05:30:00+05:30,INFY.NS,659.0,671.75,652.5999755859375,658.1500244140625,16888262
2020-05-15 05:30:00+05:30,INFY.NS,664.7999877929688,664.7999877929688,646.7000122070312,652.2999877929688,9255353
2020-05-18 05:30:00+05:30,INFY.NS,659.8499755859375,670.5499877929688,653.0,663.9000244140625,10435442
2020-05-19 05:30:00+05:30,INFY.NS,664.0,674.7999877929688,655.0,668.5999755859375,5902208
2020-05-20 05:30:00+05:30,INFY.NS,668.5,673.0,659.6500244140625,669.5499877929688,5794636
2020-05-21 05:30:00+05:30,INFY.NS,666.5,679.4500122070312,665.4000244140625,672.2000122070312,7213225
2020-05-22 05:30:00+05:30,INFY.NS,675.0,695.8499755859375,673.5,692.3499755859375,11867731
2020-05-26 05:30:00+05:30,INFY.NS,693.0,699.4500122070312,679.0,680.5499877929688,7099606
2020-05-27 05:30:00+05:30,INFY.NS,686.0499877929688,709.2000122070312,675.0,705.4500122070312,8774636
2020-05-28 05:30:00+05:30,INFY.NS,707.0,710.0,690.0,707.4000244140625,9440091
2020-05-29 05:30:00+05:30,INFY.NS,692.5,700.7999877929688,674.9500122070312,691.0,28290128
2020-06-01 05:30:00+05:30,INFY.NS,698.75,706.6500244140625,691.5,699.5499877929688,12276438
2020-06-02 05:30:00+05:30,INFY.NS,700.5,711.6500244140625,697.5499877929688,708.0999755859375,7059304
2020-06-03 05:30:00+05:30,INFY.NS,710.7000122070312,711.9000244140625,696.0,701.5499877929688,11378568
2020-06-04 05:30:00+05:30,INFY.NS,702.0,709.4500122070312,697.5,707.75,10782424
2020-06-05 05:30:00+05:30,INFY.NS,707.0,711.7000122070312,700.5999755859375,703.5499877929688,7718679
2020-06-08 05:30:00+05:30,INFY.NS,707.6500244140625,725.7999877929688,704.0,720.8499755859375,10719105
2020-06-09 05:30:00+05:30,INFY.NS,720.0,729.5999755859375,715.0499877929688,717.5999755859375,10078029
2020-06-10 05:30:00+05:30,INFY.NS,715.0,719.4500122070312,709.2000122070312,715.8499755859375,7263049
2020-06-11 05:30:00+05:30,INFY.NS,712.0,713.4000244140625,700.25,703.9500122070312,8825715
2020-06-12 05:30:00+05:30,INFY.NS,675.7999877929688,695.1500244140625,675.5,692.0499877929688,9795316
2020-06-15 05:30:00+05:30,INFY.NS,693.0,704.4000244140625,685.25,687.5499877929688,7857344
2020-06-16 05:30:00+05:30,INFY.NS,702.0,712.0,699.1500244140625,701.2000122070312,10131760
2020-06-17 05:30:00+05:30,INFY.NS,699.9000244140625,710.2999877929688,698.0,703.6500244140625,7291916
2020-06-18 05:30:00+05:30,INFY.NS,708.2000122070312,716.5999755859375,706.0,713.9000244140625,6670195
2020-06-19 05:30:00+05:30,INFY.NS,709.0,711.9000244140625,701.0,705.5499877929688,22438862
2020-06-22 05:30:00+05:30,INFY.NS,707.0999755859375,708.7000122070312,700.0,703.7000122070312,7804096
2020-06-23 05:30:00+05:30,INFY.NS,695.7000122070312,724.5,692.0999755859375,720.6500244140625,12157390
2020-06-24 05:30:00+05:30,INFY.NS,716.9000244140625,726.7999877929688,709.4000244140625,714.1500244140625,10220838
2020-06-25 05:30:00+05:30,INFY.NS,704.8499755859375,705.5999755859375,693.5,700.5,14945284
2020-06-26 05:30:00+05:30,INFY.NS,710.2000122070312,751.5999755859375,710.0,748.2000122070312,26030458
2020-06-29 05:30:00+05:30,INFY.NS,735.4000244140625,744.7000122070312,730.0999755859375,731.75,8954428
2020-06-30 05:30:00+05:30,INFY.NS,732.7999877929688,738.9500122070312,724.25,735.9500122070312,10411290
2020-07-01 05:30:00+05:30,INFY.NS,737.25,742.2999877929688,729.75,731.9000244140625,5477468
2020-07-02 05:30:00+05:30,INFY.NS,737.3499755859375,765.4500122070312,735.4000244140625,756.5999755859375,17263756
2020-07-03 05:30:00+05:30,INFY.NS,755.0,764.0,752.5,762.7000122070312,7796572
2020-07-06 05:30:00+05:30,INFY.NS,765.2000122070312,775.0,761.5,764.0,8810958
2020-07-07 05:30:00+05:30,INFY.NS,769.4000244140625,796.9500122070312,765.5499877929688,794.1500244140625,19362533
2020-07-08 05:30:00+05:30,INFY.NS,784.9000244140625,784.9000244140625,772.2000122070312,774.7000122070312,8476642
2020-07-09 05:30:00+05:30,INFY.NS,780.0,790.0,775.0,781.7000122070312,6854166
2020-07-10 05:30:00+05:30,INFY.NS,773.5,789.9000244140625,773.5,781.8499755859375,5206452
2020-07-13 05:30:00+05:30,INFY.NS,788.0,805.3499755859375,786.0499877929688,797.0499877929688,10804688
2020-07-14 05:30:00+05:30,INFY.NS,792.9500122070312,806.4000244140625,781.3499755859375,783.25,8961822
2020-07-15 05:30:00+05:30,INFY.NS,799.0,848.4500122070312,794.7999877929688,830.9500122070312,30060599
2020-07-16 05:30:00+05:30,INFY.NS,900.0999755859375,955.5,894.25,911.0,90432109
2020-07-17 05:30:00+05:30,INFY.NS,911.0,919.9000244140625,892.1500244140625,903.1500244140625,31682878
2020-07-20 05:30:00+05:30,INFY.NS,908.5,945.0,906.75,934.2999877929688,18421053
2020-07-21 05:30:00+05:30,INFY.NS,945.0,949.7000122070312,929.2000122070312,936.75,12877784
2020-07-22 05:30:00+05:30,INFY.NS,938.9500122070312,939.0,910.0,917.9000244140625,14354201
2020-07-23 05:30:00+05:30,INFY.NS,915.6500244140625,915.7999877929688,900.6500244140625,907.9500122070312,13051307
2020-07-24 05:30:00+05:30,INFY.NS,903.25,925.75,903.25,922.8499755859375,18209580
2020-07-27 05:30:00+05:30,INFY.NS,921.5499877929688,952.7999877929688,918.6500244140625,948.4500122070312,16827870
2020-07-28 05:30:00+05:30,INFY.NS,946.0,967.5499877929688,941.2000122070312,962.8499755859375,15818463
2020-07-29 05:30:00+05:30,INFY.NS,953.25,960.0,943.5999755859375,954.1500244140625,11152710
2020-07-30 05:30:00+05:30,INFY.NS,962.0,972.6500244140625,958.75,961.4500122070312,12492320
2020-07-31 05:30:00+05:30,INFY.NS,969.25,986.4500122070312,953.2999877929688,966.0,12704346
2020-08-03 05:30:00+05:30,INFY.NS,960.0,965.4000244140625,947.4500122070312,956.9000244140625,8479792
2020-08-04 05:30:00+05:30,INFY.NS,960.4500122070312,970.7000122070312,940.5499877929688,949.8499755859375,11133170
2020-08-05 05:30:00+05:30,INFY.NS,952.0,960.9500122070312,938.2999877929688,944.7000122070312,9614176
2020-08-06 05:30:00+05:30,INFY.NS,953.5,974.4000244140625,942.5,970.8499755859375,10976491
2020-08-07 05:30:00+05:30,INFY.NS,969.4500122070312,969.4500122070312,949.0,950.9000244140625,8010948
2020-08-10 05:30:00+05:30,INFY.NS,948.9000244140625,956.7999877929688,945.2999877929688,951.3499755859375,5716319
2020-08-11 05:30:00+05:30,INFY.NS,949.9000244140625,962.0,946.0999755859375,948.4500122070312,6802442
2020-08-12 05:30:00+05:30,INFY.NS,948.0,958.7999877929688,942.2000122070312,954.9500122070312,6908726
2020-08-13 05:30:00+05:30,INFY.NS,954.7999877929688,968.5,948.25,951.2000122070312,5097703
2020-08-14 05:30:00+05:30,INFY.NS,955.8499755859375,963.0,952.0499877929688,953.5999755859375,4663873
2020-08-17 05:30:00+05:30,INFY.NS,954.0999755859375,972.4500122070312,954.0999755859375,957.5,9008210
2020-08-18 05:30:00+05:30,INFY.NS,963.9000244140625,969.2000122070312,958.7000122070312,967.5499877929688,6141761
2020-08-19 05:30:00+05:30,INFY.NS,970.9000244140625,971.5499877929688,957.4500122070312,959.2999877929688,6622744
2020-08-20 05:30:00+05:30,INFY.NS,958.9000244140625,965.5,951.2999877929688,955.1500244140625,5656501
2020-08-21 05:30:00+05:30,INFY.NS,963.0499877929688,963.4500122070312,946.5499877929688,948.7999877929688,6513773
2020-08-24 05:30:00+05:30,INFY.NS,947.0,952.0,939.2000122070312,947.4000244140625,5798574
2020-08-25 05:30:00+05:30,INFY.NS,947.5,948.6500244140625,933.5999755859375,938.0999755859375,6233918
2020-08-26 05:30:00+05:30,INFY.NS,941.25,954.25,938.4000244140625,950.7999877929688,5153601
2020-08-27 05:30:00+05:30,INFY.NS,960.0,960.9500122070312,945.2000122070312,947.0499877929688,6154280
2020-08-28 05:30:00+05:30,INFY.NS,951.4500122070312,952.5,933.0499877929688,935.25,7593610
2020-08-31 05:30:00+05:30,INFY.NS,935.25,950.5,914.5999755859375,928.5999755859375,12808355
2020-09-01 05:30:00+05:30,INFY.NS,926.25,935.0,912.0999755859375,914.1500244140625,6907773
2020-09-02 05:30:00+05:30,INFY.NS,915.0,926.4000244140625,913.5,924.0,5678118
2020-09-03 05:30:00+05:30,INFY.NS,926.5,949.4000244140625,924.0,935.5499877929688,8827948
2020-09-04 05:30:00+05:30,INFY.NS,915.0,929.5,914.4500122070312,919.1500244140625,8650342
2020-09-07 05:30:00+05:30,INFY.NS,918.9000244140625,927.5499877929688,913.0499877929688,925.0499877929688,6700385
2020-09-08 05:30:00+05:30,INFY.NS,929.9500122070312,952.0,925.5499877929688,939.2999877929688,12891964
2020-09-09 05:30:00+05:30,INFY.NS,935.0,946.0,926.0,927.75,5528947
2020-09-10 05:30:00+05:30,INFY.NS,935.2999877929688,942.0,924.7999877929688,940.0499877929688,5171884
2020-09-11 05:30:00+05:30,INFY.NS,934.9000244140625,954.1500244140625,931.0,945.7000122070312,6671903
2020-09-14 05:30:00+05:30,INFY.NS,957.0,991.0499877929688,948.2999877929688,978.4000244140625,21871587
2020-09-15 05:30:00+05:30,INFY.NS,979.5,994.0,971.6500244140625,982.4500122070312,11608203
2020-09-16 05:30:00+05:30,INFY.NS,986.0,1005.6500244140625,982.0,1001.75,10059251
2020-09-17 05:30:00+05:30,INFY.NS,995.0,1021.0,995.0,1011.0,15628241
2020-09-18 05:30:00+05:30,INFY.NS,1011.0,1018.7999877929688,999.0999755859375,1002.1500244140625,12897633
2020-09-21 05:30:00+05:30,INFY.NS,1001.0,1031.0,1000.5,1009.9000244140625,14140637
2020-09-22 05:30:00+05:30,INFY.NS,1009.0,1022.5,991.2000122070312,1007.5,12625762
2020-09-23 05:30:00+05:30,INFY.NS,1020.1500244140625,1037.0,1008.0999755859375,1019.75,13486204
2020-09-24 05:30:00+05:30,INFY.NS,1003.0,1009.0,970.0,975.4000244140625,14427432
2020-09-25 05:30:00+05:30,INFY.NS,975.7999877929688,1014.9000244140625,975.0,1011.4500122070312,13311078
2020-09-28 05:30:00+05:30,INFY.NS,1014.7999877929688,1016.1500244140625,998.5,1010.4000244140625,8554526
2020-09-29 05:30:00+05:30,INFY.NS,1018.0,1028.0,1004.0999755859375,1009.0,8708463
2020-09-30 05:30:00+05:30,INFY.NS,1009.0,1023.9500122070312,1005.0,1008.25,8048817
2020-10-01 05:30:00+05:30,INFY.NS,1020.5999755859375,1026.5,1011.75,1017.6500244140625,5563358
2020-10-05 05:30:00+05:30,INFY.NS,1018.0499877929688,1054.9000244140625,1018.0499877929688,1048.699951171875,14212509
2020-10-06 05:30:00+05:30,INFY.NS,1055.0,1060.0,1031.3499755859375,1055.75,9090819
2020-10-07 05:30:00+05:30,INFY.NS,1044.9000244140625,1072.0,1035.5,1066.550048828125,9284008
2020-10-08 05:30:00+05:30,INFY.NS,1090.0,1124.0,1088.4000244140625,1093.699951171875,21482613
2020-10-09 05:30:00+05:30,INFY.NS,1095.0999755859375,1113.300048828125,1088.449951171875,1106.800048828125,10567867
2020-10-12 05:30:00+05:30,INFY.NS,1123.0,1140.0,1112.0999755859375,1132.0999755859375,14633537
2020-10-13 05:30:00+05:30,INFY.NS,1135.550048828125,1166.050048828125,1135.550048828125,1157.800048828125,17523825
2020-10-14 05:30:00+05:30,INFY.NS,1162.0,1164.9000244140625,1131.0999755859375,1137.0,16649573
2020-10-15 05:30:00+05:30,INFY.NS,1180.0,1186.0,1092.5,1108.25,44288251
2020-10-16 05:30:00+05:30,INFY.NS,1113.8499755859375,1135.949951171875,1096.9000244140625,1127.5,18365685
2020-10-19 05:30:00+05:30,INFY.NS,1135.0,1139.0,1115.300048828125,1125.9000244140625,12902123
2020-10-20 05:30:00+05:30,INFY.NS,1118.9000244140625,1144.699951171875,1110.0,1137.5,10448776
2020-10-21 05:30:00+05:30,INFY.NS,1141.1500244140625,1154.3499755859375,1135.0,1148.3499755859375,19811433
2020-10-22 05:30:00+05:30,INFY.NS,1142.0,1158.0,1123.800048828125,1129.050048828125,11271335
2020-10-23 05:30:00+05:30,INFY.NS,1133.0,1135.0,1120.1500244140625,1122.5,9069862
2020-10-26 05:30:00+05:30,INFY.NS,1122.25,1129.5999755859375,1103.1500244140625,1112.449951171875,6309368
2020-10-27 05:30:00+05:30,INFY.NS,1105.699951171875,1109.699951171875,1077.1500244140625,1090.8499755859375,10172479
2020-10-28 05:30:00+05:30,INFY.NS,1095.5,1104.75,1070.050048828125,1076.550048828125,7608392
2020-10-29 05:30:00+05:30,INFY.NS,1070.0,1082.0,1060.0999755859375,1074.8499755859375,6935616
2020-10-30 05:30:00+05:30,INFY.NS,1072.0,1083.5999755859375,1052.3499755859375,1060.5999755859375,8800386
2020-11-02 05:30:00+05:30,INFY.NS,1065.0,1079.949951171875,1051.0999755859375,1072.300048828125,7183119
2020-11-03 05:30:00+05:30,INFY.NS,1072.0,1079.4000244140625,1057.5,1062.550048828125,7204782
2020-11-04 05:30:00+05:30,INFY.NS,1068.0,1116.0,1066.800048828125,1093.949951171875,15702690
2020-11-05 05:30:00+05:30,INFY.NS,1109.9000244140625,1123.0,1099.0,1104.0,9568890
2020-11-06 05:30:00+05:30,INFY.NS,1108.0,1121.0999755859375,1091.699951171875,1112.75,8807127
2020-11-09 05:30:00+05:30,INFY.NS,1129.300048828125,1146.0,1121.1500244140625,1136.550048828125,10160320
2020-11-10 05:30:00+05:30,INFY.NS,1113.8499755859375,1113.8499755859375,1078.0,1091.050048828125,15622869
2020-11-11 05:30:00+05:30,INFY.NS,1096.0,1126.3499755859375,1087.0,1122.5,12514800
2020-11-12 05:30:00+05:30,INFY.NS,1128.0999755859375,1142.0,1113.75,1117.75,9180976
2020-11-13 05:30:00+05:30,INFY.NS,1120.0,1133.0,1117.0,1124.199951171875,6363212
2020-11-14 05:30:00+05:30,INFY.NS,1137.0,1139.6500244140625,1131.0999755859375,1133.449951171875,1136144
2020-11-17 05:30:00+05:30,INFY.NS,1144.75,1145.0,1112.6500244140625,1123.699951171875,12813968
2020-11-18 05:30:00+05:30,INFY.NS,1128.5,1132.699951171875,1101.449951171875,1110.550048828125,9839468
2020-11-19 05:30:00+05:30,INFY.NS,1100.0,1114.699951171875,1093.800048828125,1096.75,10092343
2020-11-20 05:30:00+05:30,INFY.NS,1106.0,1109.0,1091.0999755859375,1103.3499755859375,8063554
2020-11-23 05:30:00+05:30,INFY.NS,1105.0,1144.800048828125,1101.949951171875,1139.8499755859375,10546363
2020-11-24 05:30:00+05:30,INFY.NS,1145.0,1154.9000244140625,1133.3499755859375,1140.050048828125,8515426
2020-11-25 05:30:00+05:30,INFY.NS,1137.0,1143.5,1111.25,1115.6500244140625,8958701
2020-11-26 05:30:00+05:30,INFY.NS,1119.949951171875,1119.949951171875,1098.300048828125,1113.199951171875,10962256
2020-11-27 05:30:00+05:30,INFY.NS,1118.0,1121.0,1091.0,1100.0,25306145
2020-12-01 05:30:00+05:30,INFY.NS,1105.050048828125,1140.25,1105.050048828125,1137.8499755859375,8933802
2020-12-02 05:30:00+05:30,INFY.NS,1134.0,1147.449951171875,1121.0,1140.9000244140625,6741637
2020-12-03 05:30:00+05:30,INFY.NS,1147.0,1147.0,1122.699951171875,1126.449951171875,16212632
2020-12-04 05:30:00+05:30,INFY.NS,1125.0,1137.0,1115.0,1134.6500244140625,10564055
2020-12-07 05:30:00+05:30,INFY.NS,1147.300048828125,1153.0,1136.0,1143.5,7792141
2020-12-08 05:30:00+05:30,INFY.NS,1145.0,1167.0,1145.0,1153.3499755859375,12308330
2020-12-09 05:30:00+05:30,INFY.NS,1168.050048828125,1179.5,1157.0,1175.199951171875,10039346
2020-12-10 05:30:00+05:30,INFY.NS,1157.4000244140625,1171.6500244140625,1150.0,1167.75,9488782
2020-12-11 05:30:00+05:30,INFY.NS,1159.699951171875,1171.949951171875,1155.25,1163.199951171875,10574009
2020-12-14 05:30:00+05:30,INFY.NS,1169.4000244140625,1172.5999755859375,1148.199951171875,1164.550048828125,6728187
2020-12-15 05:30:00+05:30,INFY.NS,1156.0,1163.699951171875,1152.0,1154.5999755859375,6905926
2020-12-16 05:30:00+05:30,INFY.NS,1160.0,1168.9000244140625,1153.5999755859375,1165.699951171875,7788404
2020-12-17 05:30:00+05:30,INFY.NS,1165.9000244140625,1168.9000244140625,1156.199951171875,1159.199951171875,6658153
2020-12-18 05:30:00+05:30,INFY.NS,1182.8499755859375,1195.0,1175.5999755859375,1189.800048828125,15995676
2020-12-21 05:30:00+05:30,INFY.NS,1188.0,1209.75,1152.050048828125,1177.300048828125,10858352
2020-12-22 05:30:00+05:30,INFY.NS,1182.0,1223.8499755859375,1176.0999755859375,1220.5,10901851
2020-12-23 05:30:00+05:30,INFY.NS,1238.0,1258.8499755859375,1230.550048828125,1253.050048828125,15878346
2020-12-24 05:30:00+05:30,INFY.NS,1249.9000244140625,1249.9000244140625,1226.0,1236.050048828125,7313885
2020-12-28 05:30:00+05:30,INFY.NS,1238.449951171875,1248.0,1236.0,1240.300048828125,4607051
2020-12-29 05:30:00+05:30,INFY.NS,1235.0,1254.449951171875,1235.0,1250.300048828125,6878105
2020-12-30 05:30:00+05:30,INFY.NS,1253.0,1253.300048828125,1238.1500244140625,1246.800048828125,5194690
2020-12-31 05:30:00+05:30,INFY.NS,1243.0,1258.4000244140625,1239.0,1255.800048828125,7430470
2021-01-01 05:30:00+05:30,INFY.NS,1257.9000244140625,1265.5,1255.800048828125,1260.449951171875,4253550
2021-01-04 05:30:00+05:30,INFY.NS,1269.0,1290.0,1261.1500244140625,1288.25,7208454
2021-01-05 05:30:00+05:30,INFY.NS,1282.0,1299.0,1275.050048828125,1293.800048828125,8145280
2021-01-06 05:30:00+05:30,INFY.NS,1300.0,1302.0,1268.050048828125,1282.0999755859375,7161715
2021-01-07 05:30:00+05:30,INFY.NS,1296.0,1297.6500244140625,1255.5,1262.1500244140625,10954918
2021-01-08 05:30:00+05:30,INFY.NS,1278.25,1316.800048828125,1278.25,1312.0999755859375,13186251
2021-01-11 05:30:00+05:30,INFY.NS,1342.0999755859375,1383.3499755859375,1340.0,1376.199951171875,20528626
2021-01-12 05:30:00+05:30,INFY.NS,1378.0,1378.0,1360.0,1371.75,8309868
2021-01-13 05:30:00+05:30,INFY.NS,1373.8499755859375,1392.800048828125,1360.0,1387.1500244140625,14442997
2021-01-14 05:30:00+05:30,INFY.NS,1360.0,1384.0,1318.449951171875,1370.5,27521697
2021-01-15 05:30:00+05:30,INFY.NS,1360.0,1364.449951171875,1340.0,1344.949951171875,15018441
2021-01-18 05:30:00+05:30,INFY.NS,1338.0,1340.0,1306.0,1312.050048828125,8861765
2021-01-19 05:30:00+05:30,INFY.NS,1320.0,1331.0,1312.0,1316.6500244140625,5585744
2021-01-20 05:30:00+05:30,INFY.NS,1320.550048828125,1348.4000244140625,1320.550048828125,1339.449951171875,8225838
2021-01-21 05:30:00+05:30,INFY.NS,1350.0,1361.050048828125,1335.0,1339.699951171875,6142421
2021-01-22 05:30:00+05:30,INFY.NS,1327.0,1356.0,1326.550048828125,1340.8499755859375,9646591
2021-01-25 05:30:00+05:30,INFY.NS,1345.0,1347.9000244140625,1313.0,1325.0999755859375,6542611
2021-01-27 05:30:00+05:30,INFY.NS,1319.5999755859375,1327.550048828125,1285.0999755859375,1301.0,8133665
2021-01-28 05:30:00+05:30,INFY.NS,1291.800048828125,1296.449951171875,1272.550048828125,1276.199951171875,4660690
2021-01-29 05:30:00+05:30,INFY.NS,1286.25,1291.1500244140625,1231.0,1239.050048828125,12183519
2021-02-01 05:30:00+05:30,INFY.NS,1250.550048828125,1277.949951171875,1241.0,1260.9000244140625,8880279
2021-02-02 05:30:00+05:30,INFY.NS,1280.0,1294.4000244140625,1263.5999755859375,1271.25,6892490
2021-02-03 05:30:00+05:30,INFY.NS,1277.6500244140625,1304.0,1273.0,1284.6500244140625,8182968
2021-02-04 05:30:00+05:30,INFY.NS,1285.0,1293.4000244140625,1272.050048828125,1279.3499755859375,5032240
2021-02-05 05:30:00+05:30,INFY.NS,1286.4000244140625,1288.75,1262.0,1272.0999755859375,5477481
2021-02-08 05:30:00+05:30,INFY.NS,1285.5,1310.0,1275.5,1303.550048828125,6921922
2021-02-09 05:30:00+05:30,INFY.NS,1306.9000244140625,1332.0,1297.8499755859375,1305.550048828125,7965949
2021-02-10 05:30:00+05:30,INFY.NS,1295.800048828125,1304.3499755859375,1283.5999755859375,1296.5,5951207
2021-02-11 05:30:00+05:30,INFY.NS,1289.0,1296.0,1283.050048828125,1292.6500244140625,4673317
2021-02-12 05:30:00+05:30,INFY.NS,1305.0,1323.75,1301.550048828125,1309.800048828125,5797875
2021-02-15 05:30:00+05:30,INFY.NS,1320.0,1328.4000244140625,1307.0999755859375,1309.6500244140625,4363513
2021-02-16 05:30:00+05:30,INFY.NS,1314.0,1319.75,1286.0,1290.4000244140625,6896421
2021-02-17 05:30:00+05:30,INFY.NS,1290.4000244140625,1294.5,1275.0,1281.300048828125,4575741
2021-02-18 05:30:00+05:30,INFY.NS,1276.0,1306.0,1275.0,1292.449951171875,6437551
2021-02-19 05:30:00+05:30,INFY.NS,1296.0999755859375,1299.5,1276.800048828125,1291.300048828125,5389696
2021-02-22 05:30:00+05:30,INFY.NS,1295.0,1308.550048828125,1260.0,1265.199951171875,7371303
2021-02-23 05:30:00+05:30,INFY.NS,1271.1500244140625,1291.0,1257.550048828125,1266.3499755859375,6612942
2021-02-24 05:30:00+05:30,INFY.NS,1260.050048828125,1276.5999755859375,1252.0,1274.300048828125,4537258
2021-02-25 05:30:00+05:30,INFY.NS,1288.449951171875,1299.75,1272.0,1274.550048828125,8788221
2021-02-26 05:30:00+05:30,INFY.NS,1269.0,1274.300048828125,1244.75,1253.300048828125,15132388
2021-03-01 05:30:00+05:30,INFY.NS,1263.300048828125,1284.5,1259.0,1267.0,5756286
2021-03-02 05:30:00+05:30,INFY.NS,1282.25,1310.0,1279.199951171875,1304.5,10461434
2021-03-03 05:30:00+05:30,INFY.NS,1319.199951171875,1347.0,1308.0,1343.550048828125,9056399
2021-03-04 05:30:00+05:30,INFY.NS,1335.0,1363.8499755859375,1325.9000244140625,1330.3499755859375,12041941
2021-03-05 05:30:00+05:30,INFY.NS,1328.5,1340.0,1305.050048828125,1316.699951171875,6486176
2021-03-08 05:30:00+05:30,INFY.NS,1324.800048828125,1346.0999755859375,1317.199951171875,1335.75,5119392
2021-03-09 05:30:00+05:30,INFY.NS,1329.5,1350.449951171875,1318.75,1345.550048828125,6518173
2021-03-10 05:30:00+05:30,INFY.NS,1356.9000244140625,1374.0,1355.0,1368.1500244140625,7925984
2021-03-12 05:30:00+05:30,INFY.NS,1373.0,1391.699951171875,1370.050048828125,1374.8499755859375,9462061
2021-03-15 05:30:00+05:30,INFY.NS,1370.0,1379.9000244140625,1358.5,1373.5999755859375,6658635
2021-03-16 05:30:00+05:30,INFY.NS,1386.050048828125,1406.0,1380.5,1384.0,9352771
2021-03-17 05:30:00+05:30,INFY.NS,1392.25,1400.0,1382.0,1387.0,7626744
2021-03-18 05:30:00+05:30,INFY.NS,1393.75,1393.75,1313.5,1337.0999755859375,10961755
2021-03-19 05:30:00+05:30,INFY.NS,1330.0,1355.199951171875,1318.0,1344.449951171875,12767112
2021-03-22 05:30:00+05:30,INFY.NS,1350.0999755859375,1376.0,1336.0999755859375,1370.800048828125,4862758
2021-03-23 05:30:00+05:30,INFY.NS,1372.449951171875,1383.25,1359.5999755859375,1371.550048828125,7165335
2021-03-24 05:30:00+05:30,INFY.NS,1357.8499755859375,1370.449951171875,1346.25,1353.75,6134303
2021-03-25 05:30:00+05:30,INFY.NS,1346.75,1352.5,1327.5999755859375,1333.800048828125,8749994
2021-03-26 05:30:00+05:30,INFY.NS,1344.699951171875,1356.699951171875,1332.0,1336.199951171875,4922071
2021-03-30 05:30:00+05:30,INFY.NS,1346.9000244140625,1400.0,1336.1500244140625,1385.300048828125,10546381
2021-03-31 05:30:00+05:30,INFY.NS,1382.0,1388.0,1363.300048828125,1368.050048828125,8220987
2021-04-01 05:30:00+05:30,INFY.NS,1380.0,1391.5999755859375,1371.0,1385.199951171875,5675155
2021-04-05 05:30:00+05:30,INFY.NS,1391.0,1425.0,1387.0,1409.9000244140625,9479572
2021-04-06 05:30:00+05:30,INFY.NS,1423.0,1426.0,1406.449951171875,1411.050048828125,5793571
2021-04-07 05:30:00+05:30,INFY.NS,1410.25,1434.949951171875,1406.5999755859375,1430.199951171875,5879234
2021-04-08 05:30:00+05:30,INFY.NS,1430.0,1451.699951171875,1421.0,1439.8499755859375,5654434
2021-04-09 05:30:00+05:30,INFY.NS,1455.0,1455.0,1430.050048828125,1441.050048828125,6052712
2021-04-12 05:30:00+05:30,INFY.NS,1474.0,1477.550048828125,1415.0,1425.75,20384532
2021-04-13 05:30:00+05:30,INFY.NS,1433.0,1435.25,1375.0,1397.1500244140625,14855206
2021-04-15 05:30:00+05:30,INFY.NS,1332.300048828125,1366.4000244140625,1320.0,1360.75,25342491
2021-04-16 05:30:00+05:30,INFY.NS,1365.0,1370.8499755859375,1346.5999755859375,1353.75,10879878
2021-04-19 05:30:00+05:30,INFY.NS,1340.0,1379.699951171875,1332.3499755859375,1362.550048828125,12508028
2021-04-20 05:30:00+05:30,INFY.NS,1379.0,1379.0,1342.4000244140625,1351.3499755859375,8560766
2021-04-22 05:30:00+05:30,INFY.NS,1355.550048828125,1364.800048828125,1345.1500244140625,1351.0999755859375,6622446
2021-04-23 05:30:00+05:30,INFY.NS,1343.0,1348.4000244140625,1331.0,1333.800048828125,7316262
2021-04-26 05:30:00+05:30,INFY.NS,1332.25,1351.300048828125,1321.0,1343.550048828125,7088606
2021-04-27 05:30:00+05:30,INFY.NS,1346.0,1353.0,1340.1500244140625,1348.5,3636115
2021-04-28 05:30:00+05:30,INFY.NS,1358.0,1359.5,1344.5999755859375,1356.0,4879234
2021-04-29 05:30:00+05:30,INFY.NS,1368.0,1369.0,1351.4000244140625,1356.3499755859375,5412357
2021-04-30 05:30:00+05:30,INFY.NS,1346.300048828125,1373.9000244140625,1345.9000244140625,1354.3499755859375,8354677
2021-05-03 05:30:00+05:30,INFY.NS,1340.800048828125,1361.0,1338.0,1352.050048828125,4560337
2021-05-04 05:30:00+05:30,INFY.NS,1354.0,1354.949951171875,1324.0999755859375,1329.4000244140625,4887060
2021-05-05 05:30:00+05:30,INFY.NS,1341.0999755859375,1343.9000244140625,1327.800048828125,1341.5,3939788
2021-05-06 05:30:00+05:30,INFY.NS,1345.0,1364.699951171875,1337.4000244140625,1361.5999755859375,4810090
2021-05-07 05:30:00+05:30,INFY.NS,1365.300048828125,1373.050048828125,1348.5,1352.550048828125,4991435
2021-05-10 05:30:00+05:30,INFY.NS,1349.8499755859375,1352.9000244140625,1335.050048828125,1339.550048828125,7195348
2021-05-11 05:30:00+05:30,INFY.NS,1336.9000244140625,1341.0,1325.0999755859375,1330.6500244140625,6420988
2021-05-12 05:30:00+05:30,INFY.NS,1330.0,1330.0,1314.5,1327.0,5241898
2021-05-14 05:30:00+05:30,INFY.NS,1326.8499755859375,1326.8499755859375,1311.300048828125,1316.4000244140625,4824609
2021-05-17 05:30:00+05:30,INFY.NS,1320.300048828125,1334.949951171875,1320.300048828125,1329.4000244140625,5017129
2021-05-18 05:30:00+05:30,INFY.NS,1338.0,1344.5999755859375,1329.5,1340.0,5620150
2021-05-19 05:30:00+05:30,INFY.NS,1342.0,1357.449951171875,1333.25,1337.0,4435878
2021-05-20 05:30:00+05:30,INFY.NS,1348.4000244140625,1349.0999755859375,1335.0,1339.300048828125,4490092
2021-05-21 05:30:00+05:30,INFY.NS,1347.5,1357.5,1346.3499755859375,1354.5,4969733
2021-05-24 05:30:00+05:30,INFY.NS,1356.6500244140625,1363.0,1345.0999755859375,1348.050048828125,4225371
2021-05-25 05:30:00+05:30,INFY.NS,1358.0,1368.0,1354.449951171875,1361.5999755859375,4099340
2021-05-26 05:30:00+05:30,INFY.NS,1367.9000244140625,1400.0,1362.050048828125,1397.25,6850024
2021-05-27 05:30:00+05:30,INFY.NS,1404.199951171875,1416.25,1391.699951171875,1402.25,15365391
2021-05-28 05:30:00+05:30,INFY.NS,1409.75,1414.0,1396.0999755859375,1405.050048828125,4261312
2021-05-31 05:30:00+05:30,INFY.NS,1401.5,1401.5,1383.0,1393.75,4429904
2021-06-01 05:30:00+05:30,INFY.NS,1400.0,1401.0,1378.6500244140625,1387.199951171875,4791325
2021-06-02 05:30:00+05:30,INFY.NS,1380.75,1391.949951171875,1365.0,1378.6500244140625,9272276
2021-06-03 05:30:00+05:30,INFY.NS,1388.0999755859375,1399.0,1377.050048828125,1389.6500244140625,5115645
2021-06-04 05:30:00+05:30,INFY.NS,1393.949951171875,1396.9000244140625,1377.6500244140625,1385.6500244140625,4194328
2021-06-07 05:30:00+05:30,INFY.NS,1391.0,1392.0,1377.300048828125,1389.6500244140625,5154576
2021-06-08 05:30:00+05:30,INFY.NS,1396.0,1421.75,1395.550048828125,1412.949951171875,7360630
2021-06-09 05:30:00+05:30,INFY.NS,1413.4000244140625,1425.0,1404.5999755859375,1415.300048828125,5394317
2021-06-10 05:30:00+05:30,INFY.NS,1424.0,1429.0,1419.0,1424.300048828125,3496575
2021-06-11 05:30:00+05:30,INFY.NS,1430.0999755859375,1451.5999755859375,1429.449951171875,1446.9000244140625,6140828
2021-06-14 05:30:00+05:30,INFY.NS,1471.0,1477.0,1453.449951171875,1461.800048828125,7132294
2021-06-15 05:30:00+05:30,INFY.NS,1464.0,1476.0,1463.0,1473.9000244140625,5403104
2021-06-16 05:30:00+05:30,INFY.NS,1472.699951171875,1489.449951171875,1467.5,1480.5999755859375,7661710
2021-06-17 05:30:00+05:30,INFY.NS,1475.0999755859375,1502.6500244140625,1475.0999755859375,1495.300048828125,7677951
2021-06-18 05:30:00+05:30,INFY.NS,1509.0,1515.800048828125,1487.4000244140625,1503.300048828125,13533974
2021-06-21 05:30:00+05:30,INFY.NS,1493.0,1505.800048828125,1484.199951171875,1500.300048828125,5454052
2021-06-22 05:30:00+05:30,INFY.NS,1509.699951171875,1521.449951171875,1502.0999755859375,1511.8499755859375,6427862
2021-06-23 05:30:00+05:30,INFY.NS,1525.0,1525.0,1498.6500244140625,1503.1500244140625,5529809
2021-06-24 05:30:00+05:30,INFY.NS,1517.0,1568.75,1511.199951171875,1559.199951171875,10785137
2021-06-25 05:30:00+05:30,INFY.NS,1572.0,1578.0,1543.0,1574.199951171875,9780240
2021-06-28 05:30:00+05:30,INFY.NS,1572.9000244140625,1580.1500244140625,1560.5999755859375,1571.800048828125,5019178
2021-06-29 05:30:00+05:30,INFY.NS,1561.0,1573.6500244140625,1559.199951171875,1563.050048828125,5913567
2021-06-30 05:30:00+05:30,INFY.NS,1572.050048828125,1591.0,1572.050048828125,1580.800048828125,6058722
2021-07-01 05:30:00+05:30,INFY.NS,1576.8499755859375,1576.8499755859375,1559.050048828125,1560.4000244140625,4814317
2021-07-02 05:30:00+05:30,INFY.NS,1558.949951171875,1569.449951171875,1542.5999755859375,1567.800048828125,5166064
2021-07-05 05:30:00+05:30,INFY.NS,1569.1500244140625,1585.0,1561.050048828125,1578.949951171875,4058338
2021-07-06 05:30:00+05:30,INFY.NS,1573.699951171875,1586.75,1557.0999755859375,1562.199951171875,4089574
2021-07-07 05:30:00+05:30,INFY.NS,1566.050048828125,1570.550048828125,1544.6500244140625,1564.5999755859375,4797120
2021-07-08 05:30:00+05:30,INFY.NS,1568.0,1576.0,1549.0,1560.75,3326813
2021-07-09 05:30:00+05:30,INFY.NS,1556.0,1569.9000244140625,1551.0,1562.9000244140625,3436594
2021-07-12 05:30:00+05:30,INFY.NS,1570.550048828125,1578.0,1533.75,1547.8499755859375,4588982
2021-07-13 05:30:00+05:30,INFY.NS,1556.4000244140625,1556.4000244140625,1536.300048828125,1544.949951171875,4456160
2021-07-14 05:30:00+05:30,INFY.NS,1554.0,1582.800048828125,1538.0999755859375,1576.9000244140625,5657716
2021-07-15 05:30:00+05:30,INFY.NS,1557.9000244140625,1596.8499755859375,1556.0,1580.800048828125,10021355
2021-07-16 05:30:00+05:30,INFY.NS,1573.75,1574.6500244140625,1549.5999755859375,1555.449951171875,6265593
2021-07-19 05:30:00+05:30,INFY.NS,1544.699951171875,1552.9000244140625,1537.550048828125,1541.699951171875,5669162
2021-07-20 05:30:00+05:30,INFY.NS,1538.300048828125,1557.699951171875,1538.0,1550.050048828125,5069939
2021-07-22 05:30:00+05:30,INFY.NS,1561.4000244140625,1592.8499755859375,1561.4000244140625,1590.199951171875,7854575
2021-07-23 05:30:00+05:30,INFY.NS,1588.550048828125,1598.5,1585.050048828125,1590.449951171875,4179719
2021-07-26 05:30:00+05:30,INFY.NS,1594.0999755859375,1611.6500244140625,1594.0999755859375,1603.9000244140625,4586710
2021-07-27 05:30:00+05:30,INFY.NS,1605.0,1609.300048828125,1597.9000244140625,1602.550048828125,5892859
2021-07-28 05:30:00+05:30,INFY.NS,1605.0999755859375,1607.5999755859375,1585.5,1605.5999755859375,4686788
2021-07-29 05:30:00+05:30,INFY.NS,1600.0999755859375,1620.0,1600.0999755859375,1617.0,4660873
2021-07-30 05:30:00+05:30,INFY.NS,1610.0,1623.4000244140625,1606.1500244140625,1610.5,6234257
2021-08-02 05:30:00+05:30,INFY.NS,1627.449951171875,1634.75,1619.199951171875,1631.550048828125,5553389
2021-08-03 05:30:00+05:30,INFY.NS,1647.0,1658.6500244140625,1635.5999755859375,1655.199951171875,5513668
2021-08-04 05:30:00+05:30,INFY.NS,1669.0999755859375,1679.9000244140625,1639.050048828125,1649.25,6740391
2021-08-05 05:30:00+05:30,INFY.NS,1649.5,1666.0,1647.050048828125,1653.550048828125,5420536
2021-08-06 05:30:00+05:30,INFY.NS,1657.0,1660.6500244140625,1644.0,1650.199951171875,3754855
2021-08-09 05:30:00+05:30,INFY.NS,1661.0,1667.449951171875,1646.4000244140625,1663.300048828125,5018477
2021-08-10 05:30:00+05:30,INFY.NS,1668.0,1680.0,1661.050048828125,1677.25,6846517
2021-08-11 05:30:00+05:30,INFY.NS,1674.800048828125,1684.0,1668.0,1677.550048828125,4899639
2021-08-12 05:30:00+05:30,INFY.NS,1679.1500244140625,1696.5,1674.0,1689.5999755859375,5659579
2021-08-13 05:30:00+05:30,INFY.NS,1697.0,1722.5,1691.300048828125,1712.199951171875,5612790
2021-08-16 05:30:00+05:30,INFY.NS,1707.699951171875,1719.949951171875,1690.0999755859375,1704.4000244140625,4564109
2021-08-17 05:30:00+05:30,INFY.NS,1703.9000244140625,1748.9000244140625,1686.550048828125,1741.6500244140625,9510390
2021-08-18 05:30:00+05:30,INFY.NS,1729.0,1755.5,1727.0,1733.449951171875,6686090
2021-08-20 05:30:00+05:30,INFY.NS,1716.0999755859375,1745.0,1716.0999755859375,1732.949951171875,6206972
2021-08-23 05:30:00+05:30,INFY.NS,1735.75,1753.1500244140625,1732.0,1738.75,6189051
2021-08-24 05:30:00+05:30,INFY.NS,1750.0,1757.0,1712.699951171875,1720.8499755859375,7602939
2021-08-25 05:30:00+05:30,INFY.NS,1718.0,1746.9000244140625,1718.0,1735.550048828125,6153253
2021-08-26 05:30:00+05:30,INFY.NS,1734.0,1746.0,1720.0,1727.699951171875,5302248
2021-08-27 05:30:00+05:30,INFY.NS,1725.0,1727.699951171875,1705.199951171875,1708.800048828125,6698514
2021-08-30 05:30:00+05:30,INFY.NS,1703.050048828125,1718.6500244140625,1690.4000244140625,1698.050048828125,6559667
2021-08-31 05:30:00+05:30,INFY.NS,1700.1500244140625,1715.0,1685.8499755859375,1706.449951171875,12255438
2021-09-01 05:30:00+05:30,INFY.NS,1709.5,1709.5,1673.1500244140625,1677.75,7801974
2021-09-02 05:30:00+05:30,INFY.NS,1677.3499755859375,1694.300048828125,1662.6500244140625,1689.0999755859375,6830050
2021-09-03 05:30:00+05:30,INFY.NS,1696.050048828125,1705.949951171875,1684.4000244140625,1700.6500244140625,5339139
2021-09-06 05:30:00+05:30,INFY.NS,1705.1500244140625,1732.0,1699.3499755859375,1730.4000244140625,4876026
2021-09-07 05:30:00+05:30,INFY.NS,1730.0,1734.9000244140625,1704.0,1706.6500244140625,3520341
2021-09-08 05:30:00+05:30,INFY.NS,1700.8499755859375,1700.8499755859375,1682.949951171875,1693.25,4584896
2021-09-09 05:30:00+05:30,INFY.NS,1685.9000244140625,1694.9000244140625,1682.1500244140625,1691.5999755859375,3331674
2021-09-13 05:30:00+05:30,INFY.NS,1683.0,1701.5,1675.199951171875,1691.9000244140625,4662374
2021-09-14 05:30:00+05:30,INFY.NS,1695.949951171875,1695.949951171875,1678.5999755859375,1686.1500244140625,4945167
2021-09-15 05:30:00+05:30,INFY.NS,1693.25,1715.0999755859375,1690.199951171875,1711.449951171875,4062344
2021-09-16 05:30:00+05:30,INFY.NS,1715.199951171875,1719.25,1691.449951171875,1702.25,3246568
2021-09-17 05:30:00+05:30,INFY.NS,1697.0,1718.0,1684.449951171875,1691.300048828125,7454864
2021-09-20 05:30:00+05:30,INFY.NS,1685.0,1707.699951171875,1677.949951171875,1687.8499755859375,5660743
2021-09-21 05:30:00+05:30,INFY.NS,1700.0,1726.75,1684.6500244140625,1718.449951171875,4672222
2021-09-22 05:30:00+05:30,INFY.NS,1717.0,1738.9000244140625,1713.050048828125,1716.9000244140625,4553892
2021-09-23 05:30:00+05:30,INFY.NS,1732.0,1745.0,1721.0999755859375,1742.550048828125,3826090
2021-09-24 05:30:00+05:30,INFY.NS,1758.0,1788.0,1752.449951171875,1763.8499755859375,8280446
2021-09-27 05:30:00+05:30,INFY.NS,1768.75,1769.0,1718.0999755859375,1721.1500244140625,5045337
2021-09-28 05:30:00+05:30,INFY.NS,1710.0,1710.0,1675.0,1687.0999755859375,6557197
2021-09-29 05:30:00+05:30,INFY.NS,1659.25,1701.4000244140625,1655.0,1692.25,7792548
2021-09-30 05:30:00+05:30,INFY.NS,1703.0,1703.0,1670.0999755859375,1675.199951171875,6914031
2021-10-01 05:30:00+05:30,INFY.NS,1665.0999755859375,1678.949951171875,1661.25,1665.1500244140625,5733906
2021-10-04 05:30:00+05:30,INFY.NS,1672.5,1688.0,1665.4000244140625,1678.75,2947154
2021-10-05 05:30:00+05:30,INFY.NS,1671.0,1702.949951171875,1663.0,1692.800048828125,4373310
2021-10-06 05:30:00+05:30,INFY.NS,1702.0999755859375,1709.0,1670.0,1673.550048828125,4271698
2021-10-07 05:30:00+05:30,INFY.NS,1687.0,1704.199951171875,1676.6500244140625,1691.0,5476108
2021-10-08 05:30:00+05:30,INFY.NS,1705.25,1731.5,1698.4000244140625,1723.8499755859375,4738376
2021-10-11 05:30:00+05:30,INFY.NS,1682.0,1730.0,1663.699951171875,1690.949951171875,8840633
2021-10-12 05:30:00+05:30,INFY.NS,1677.0,1689.0,1662.0,1685.1500244140625,7439300
2021-10-13 05:30:00+05:30,INFY.NS,1695.949951171875,1713.6500244140625,1680.050048828125,1709.199951171875,7104171
2021-10-14 05:30:00+05:30,INFY.NS,1754.0,1783.5999755859375,1698.199951171875,1715.75,19655776
2021-10-18 05:30:00+05:30,INFY.NS,1740.0,1799.0,1740.0,1792.1500244140625,13438109
2021-10-19 05:30:00+05:30,INFY.NS,1814.0,1834.5,1782.300048828125,1822.1500244140625,10324260
2021-10-20 05:30:00+05:30,INFY.NS,1829.4000244140625,1848.0,1794.050048828125,1802.3499755859375,5876115
2021-10-21 05:30:00+05:30,INFY.NS,1814.0,1814.0,1746.8499755859375,1753.6500244140625,8779629
2021-10-22 05:30:00+05:30,INFY.NS,1749.9000244140625,1763.199951171875,1707.0,1719.800048828125,7369809
2021-10-25 05:30:00+05:30,INFY.NS,1722.050048828125,1729.75,1687.199951171875,1707.550048828125,5905209
2021-10-26 05:30:00+05:30,INFY.NS,1710.050048828125,1726.5999755859375,1695.9000244140625,1703.699951171875,5871709
2021-10-27 05:30:00+05:30,INFY.NS,1709.0999755859375,1734.1500244140625,1701.1500244140625,1728.949951171875,5090259
2021-10-28 05:30:00+05:30,INFY.NS,1719.3499755859375,1724.75,1692.050048828125,1703.9000244140625,5329972
2021-10-29 05:30:00+05:30,INFY.NS,1699.0,1712.5999755859375,1661.050048828125,1667.75,5875091
2021-11-01 05:30:00+05:30,INFY.NS,1677.5,1707.199951171875,1676.0,1700.050048828125,3636806
2021-11-02 05:30:00+05:30,INFY.NS,1695.0,1706.449951171875,1686.3499755859375,1697.9000244140625,3471772
2021-11-03 05:30:00+05:30,INFY.NS,1709.0,1717.449951171875,1699.0,1702.5,3530713
2021-11-04 05:30:00+05:30,INFY.NS,1715.0,1717.0,1705.0,1708.699951171875,483407
2021-11-08 05:30:00+05:30,INFY.NS,1730.0,1741.0,1703.0,1737.5,5245903
2021-11-09 05:30:00+05:30,INFY.NS,1734.75,1750.0,1726.0,1742.5,4016134
2021-11-10 05:30:00+05:30,INFY.NS,1726.0,1750.949951171875,1721.949951171875,1740.1500244140625,4780368
2021-11-11 05:30:00+05:30,INFY.NS,1732.949951171875,1739.75,1709.0,1733.300048828125,4731349
2021-11-12 05:30:00+05:30,INFY.NS,1743.0,1782.8499755859375,1738.050048828125,1780.199951171875,5069009
2021-11-15 05:30:00+05:30,INFY.NS,1782.0999755859375,1800.0,1775.5,1787.1500244140625,4354074
2021-11-16 05:30:00+05:30,INFY.NS,1790.0,1808.949951171875,1777.0,1792.300048828125,6034233
2021-11-17 05:30:00+05:30,INFY.NS,1792.550048828125,1802.0,1780.699951171875,1787.449951171875,4732492
2021-11-18 05:30:00+05:30,INFY.NS,1781.5999755859375,1789.449951171875,1759.0,1779.4000244140625,4326924
2021-11-22 05:30:00+05:30,INFY.NS,1784.0,1785.4000244140625,1751.1500244140625,1759.4000244140625,6621839
2021-11-23 05:30:00+05:30,INFY.NS,1735.0999755859375,1747.25,1710.0,1736.9000244140625,8436160
2021-11-24 05:30:00+05:30,INFY.NS,1740.0,1740.5,1688.0,1696.0,7333061
2021-11-25 05:30:00+05:30,INFY.NS,1700.0,1726.199951171875,1696.949951171875,1722.4000244140625,4476260
2021-11-26 05:30:00+05:30,INFY.NS,1702.550048828125,1718.3499755859375,1684.0,1691.6500244140625,4494181
2021-11-29 05:30:00+05:30,INFY.NS,1691.0,1712.0,1669.1500244140625,1696.3499755859375,3942776
2021-11-30 05:30:00+05:30,INFY.NS,1704.550048828125,1729.9000244140625,1700.050048828125,1712.6500244140625,14808963
2021-12-01 05:30:00+05:30,INFY.NS,1715.0,1741.9000244140625,1713.0,1714.9000244140625,5193264
2021-12-02 05:30:00+05:30,INFY.NS,1715.0,1750.5,1711.3499755859375,1748.25,5559574
2021-12-03 05:30:00+05:30,INFY.NS,1771.0999755859375,1786.6500244140625,1732.550048828125,1735.550048828125,6754012
2021-12-06 05:30:00+05:30,INFY.NS,1730.0,1733.949951171875,1691.5,1695.300048828125,3991449
2021-12-07 05:30:00+05:30,INFY.NS,1701.0999755859375,1724.9000244140625,1694.0,1711.6500244140625,4202122
2021-12-08 05:30:00+05:30,INFY.NS,1733.0,1759.800048828125,1732.5999755859375,1753.3499755859375,3029169
2021-12-09 05:30:00+05:30,INFY.NS,1759.0,1769.4000244140625,1742.0,1763.449951171875,2082171
2021-12-10 05:30:00+05:30,INFY.NS,1760.0,1763.75,1746.0,1759.25,1823469
2021-12-13 05:30:00+05:30,INFY.NS,1767.050048828125,1771.3499755859375,1738.800048828125,1744.6500244140625,4040584
2021-12-14 05:30:00+05:30,INFY.NS,1730.9000244140625,1763.0,1710.3499755859375,1752.1500244140625,4768144
2021-12-15 05:30:00+05:30,INFY.NS,1745.0,1747.949951171875,1721.199951171875,1734.199951171875,3053149
2021-12-16 05:30:00+05:30,INFY.NS,1762.6500244140625,1777.5999755859375,1758.0,1771.5999755859375,4481031
2021-12-17 05:30:00+05:30,INFY.NS,1820.0,1842.0,1806.75,1820.8499755859375,18887243
2021-12-20 05:30:00+05:30,INFY.NS,1801.699951171875,1829.6500244140625,1787.300048828125,1798.9000244140625,5773891
2021-12-21 05:30:00+05:30,INFY.NS,1801.0,1838.0,1801.0,1811.5999755859375,5353584
2021-12-22 05:30:00+05:30,INFY.NS,1825.0,1829.1500244140625,1812.3499755859375,1824.699951171875,4156428
2021-12-23 05:30:00+05:30,INFY.NS,1831.25,1861.5999755859375,1827.0,1857.5999755859375,4112933
2021-12-24 05:30:00+05:30,INFY.NS,1872.949951171875,1875.75,1854.0,1863.5,3780347
2021-12-27 05:30:00+05:30,INFY.NS,1860.0,1874.5,1845.050048828125,1866.1500244140625,2647733
2021-12-28 05:30:00+05:30,INFY.NS,1880.699951171875,1895.9000244140625,1878.4000244140625,1888.0,3340933
2021-12-29 05:30:00+05:30,INFY.NS,1883.5,1893.800048828125,1876.4000244140625,1885.550048828125,3236635
2021-12-30 05:30:00+05:30,INFY.NS,1884.5,1909.800048828125,1874.3499755859375,1892.8499755859375,4584738
2021-12-31 05:30:00+05:30,INFY.NS,1890.0,1898.3499755859375,1871.6500244140625,1887.75,4619420
2022-01-03 05:30:00+05:30,INFY.NS,1887.75,1914.050048828125,1887.75,1898.449951171875,3329616
2022-01-04 05:30:00+05:30,INFY.NS,1898.449951171875,1906.6500244140625,1878.0,1899.1500244140625,3921999
2022-01-05 05:30:00+05:30,INFY.NS,1900.0,1902.9000244140625,1840.0,1844.6500244140625,6995719
2022-01-06 05:30:00+05:30,INFY.NS,1828.0,1828.0,1800.0,1817.800048828125,6449205
2022-01-07 05:30:00+05:30,INFY.NS,1815.449951171875,1836.0,1806.800048828125,1814.300048828125,4834389
2022-01-10 05:30:00+05:30,INFY.NS,1815.0,1869.9000244140625,1813.0,1850.75,7857560
2022-01-11 05:30:00+05:30,INFY.NS,1855.0,1870.0,1850.1500244140625,1855.5999755859375,5142287
2022-01-12 05:30:00+05:30,INFY.NS,1868.9000244140625,1889.0,1860.0,1877.449951171875,5362535
2022-01-13 05:30:00+05:30,INFY.NS,1905.0,1912.5,1866.3499755859375,1896.800048828125,14277630
2022-01-14 05:30:00+05:30,INFY.NS,1882.0,1933.0,1881.0,1929.3499755859375,7688506
2022-01-17 05:30:00+05:30,INFY.NS,1938.550048828125,1953.9000244140625,1930.5,1939.5,5262464
2022-01-18 05:30:00+05:30,INFY.NS,1922.0999755859375,1945.0,1911.449951171875,1920.75,3690315
2022-01-19 05:30:00+05:30,INFY.NS,1916.0,1916.0,1862.8499755859375,1867.050048828125,5747770
2022-01-20 05:30:00+05:30,INFY.NS,1844.0,1848.0,1815.5,1823.699951171875,5533463
2022-01-21 05:30:00+05:30,INFY.NS,1795.0,1808.0,1776.0,1785.699951171875,8252758
2022-01-24 05:30:00+05:30,INFY.NS,1765.0,1768.6500244140625,1728.0,1736.800048828125,7116712
2022-01-25 05:30:00+05:30,INFY.NS,1726.5999755859375,1740.0,1700.5,1722.1500244140625,9137653
2022-01-27 05:30:00+05:30,INFY.NS,1702.0,1709.699951171875,1665.0,1678.5999755859375,11231734
2022-01-28 05:30:00+05:30,INFY.NS,1681.0,1727.550048828125,1679.5,1686.199951171875,10998502
2022-01-31 05:30:00+05:30,INFY.NS,1718.0,1749.5,1715.3499755859375,1736.199951171875,8788872
2022-02-01 05:30:00+05:30,INFY.NS,1766.0999755859375,1780.0,1734.699951171875,1772.050048828125,5119935
2022-02-02 05:30:00+05:30,INFY.NS,1789.0,1792.800048828125,1772.0,1787.0999755859375,4253717
2022-02-03 05:30:00+05:30,INFY.NS,1779.0,1779.0,1734.0,1738.550048828125,3832922
2022-02-04 05:30:00+05:30,INFY.NS,1732.0,1753.949951171875,1710.1500244140625,1741.0999755859375,4700077
2022-02-07 05:30:00+05:30,INFY.NS,1722.199951171875,1732.0,1695.4000244140625,1715.0,4310209
2022-02-08 05:30:00+05:30,INFY.NS,1710.0,1725.0,1696.0,1717.300048828125,6053401
2022-02-09 05:30:00+05:30,INFY.NS,1735.0,1743.0,1725.0,1737.300048828125,3867244
2022-02-10 05:30:00+05:30,INFY.NS,1755.6500244140625,1773.9000244140625,1748.75,1769.5999755859375,4334630
2022-02-11 05:30:00+05:30,INFY.NS,1740.0,1745.949951171875,1713.0,1721.3499755859375,7551371
2022-02-14 05:30:00+05:30,INFY.NS,1690.0,1718.550048828125,1678.25,1682.199951171875,7459637
2022-02-15 05:30:00+05:30,INFY.NS,1699.0,1746.75,1690.449951171875,1738.25,4669915
2022-02-16 05:30:00+05:30,INFY.NS,1738.25,1755.449951171875,1726.8499755859375,1733.300048828125,5350642
2022-02-17 05:30:00+05:30,INFY.NS,1744.0,1749.0,1720.300048828125,1724.800048828125,3937950
2022-02-18 05:30:00+05:30,INFY.NS,1710.0,1722.5,1703.5,1706.949951171875,5602215
2022-02-21 05:30:00+05:30,INFY.NS,1701.0,1737.300048828125,1691.5,1730.699951171875,5120890
2022-02-22 05:30:00+05:30,INFY.NS,1699.9000244140625,1751.0,1691.050048828125,1734.3499755859375,8878515
2022-02-23 05:30:00+05:30,INFY.NS,1750.0,1758.25,1733.4000244140625,1742.8499755859375,5478811
2022-02-24 05:30:00+05:30,INFY.NS,1690.0999755859375,1714.949951171875,1670.5,1678.1500244140625,13592379
2022-02-25 05:30:00+05:30,INFY.NS,1715.0,1728.1500244140625,1677.0,1694.5999755859375,9737281
2022-02-28 05:30:00+05:30,INFY.NS,1682.199951171875,1728.050048828125,1665.0,1715.5999755859375,15076542
2022-03-02 05:30:00+05:30,INFY.NS,1710.0,1714.4000244140625,1691.0,1702.800048828125,6771489
2022-03-03 05:30:00+05:30,INFY.NS,1720.199951171875,1733.9000244140625,1705.550048828125,1720.8499755859375,7344147
2022-03-04 05:30:00+05:30,INFY.NS,1695.25,1736.0,1681.0,1723.300048828125,9074499
2022-03-07 05:30:00+05:30,INFY.NS,1697.0,1751.0,1696.0,1739.8499755859375,9742588
2022-03-08 05:30:00+05:30,INFY.NS,1718.449951171875,1800.0,1718.449951171875,1778.199951171875,10984500
2022-03-09 05:30:00+05:30,INFY.NS,1791.0,1831.5999755859375,1791.0,1813.3499755859375,10193515
2022-03-10 05:30:00+05:30,INFY.NS,1844.75,1844.75,1810.199951171875,1825.9000244140625,6547182
2022-03-11 05:30:00+05:30,INFY.NS,1814.0,1831.4000244140625,1811.0,1822.0,4758657
2022-03-14 05:30:00+05:30,INFY.NS,1831.550048828125,1895.0,1831.550048828125,1890.699951171875,10289724
2022-03-15 05:30:00+05:30,INFY.NS,1888.3499755859375,1888.3499755859375,1830.0,1839.300048828125,7140443
2022-03-16 05:30:00+05:30,INFY.NS,1865.0,1893.949951171875,1849.0,1889.4000244140625,5233979
2022-03-17 05:30:00+05:30,INFY.NS,1923.300048828125,1923.300048828125,1833.050048828125,1854.5999755859375,17731459
2022-03-21 05:30:00+05:30,INFY.NS,1861.0,1886.9000244140625,1841.0999755859375,1853.050048828125,8362085
2022-03-22 05:30:00+05:30,INFY.NS,1850.0,1890.0,1839.0,1887.4000244140625,5709382
2022-03-23 05:30:00+05:30,INFY.NS,1897.0,1900.0,1857.0,1872.4000244140625,6192824
2022-03-24 05:30:00+05:30,INFY.NS,1856.1500244140625,1894.5999755859375,1856.1500244140625,1886.699951171875,3784303
2022-03-25 05:30:00+05:30,INFY.NS,1892.0,1894.0,1858.0,1876.550048828125,3438588
2022-03-28 05:30:00+05:30,INFY.NS,1866.0,1880.9000244140625,1852.6500244140625,1873.9000244140625,4008555
2022-03-29 05:30:00+05:30,INFY.NS,1873.9000244140625,1889.4000244140625,1860.550048828125,1886.0,3917785
2022-03-30 05:30:00+05:30,INFY.NS,1910.0,1919.0,1895.0,1903.949951171875,7795839
2022-03-31 05:30:00+05:30,INFY.NS,1900.0,1913.0,1894.199951171875,1906.8499755859375,5399145
2022-04-01 05:30:00+05:30,INFY.NS,1886.8499755859375,1910.300048828125,1878.300048828125,1903.550048828125,6171518
2022-04-04 05:30:00+05:30,INFY.NS,1889.75,1893.0,1873.0,1882.949951171875,7364074
2022-04-05 05:30:00+05:30,INFY.NS,1883.800048828125,1889.5999755859375,1857.1500244140625,1861.0999755859375,5472024
2022-04-06 05:30:00+05:30,INFY.NS,1855.0,1857.5,1822.1500244140625,1828.8499755859375,5407453
2022-04-07 05:30:00+05:30,INFY.NS,1821.050048828125,1828.1500244140625,1807.550048828125,1811.0,5797544
2022-04-08 05:30:00+05:30,INFY.NS,1823.0,1838.0,1808.0,1814.5999755859375,5131446
2022-04-11 05:30:00+05:30,INFY.NS,1814.0,1814.0,1762.550048828125,1766.550048828125,8248407
2022-04-12 05:30:00+05:30,INFY.NS,1757.5,1757.5,1727.75,1742.449951171875,6456184
2022-04-13 05:30:00+05:30,INFY.NS,1754.949951171875,1757.5,1732.0,1748.550048828125,6257693
2022-04-18 05:30:00+05:30,INFY.NS,1605.5,1650.0,1590.0,1621.4000244140625,30523965
2022-04-19 05:30:00+05:30,INFY.NS,1636.6500244140625,1636.6500244140625,1550.0,1562.0,17044923
2022-04-20 05:30:00+05:30,INFY.NS,1575.0,1596.300048828125,1563.0,1587.699951171875,10678747
2022-04-21 05:30:00+05:30,INFY.NS,1595.0,1627.199951171875,1589.25,1618.800048828125,7766514
2022-04-22 05:30:00+05:30,INFY.NS,1604.3499755859375,1610.699951171875,1582.4000244140625,1585.449951171875,8134245
2022-04-25 05:30:00+05:30,INFY.NS,1572.800048828125,1572.800048828125,1554.0999755859375,1561.0999755859375,7000570
2022-04-26 05:30:00+05:30,INFY.NS,1577.199951171875,1592.0,1566.550048828125,1581.0,5345435
2022-04-27 05:30:00+05:30,INFY.NS,1572.75,1572.75,1550.3499755859375,1552.800048828125,8819356
2022-04-28 05:30:00+05:30,INFY.NS,1570.0,1601.800048828125,1557.449951171875,1582.5999755859375,9245177
2022-04-29 05:30:00+05:30,INFY.NS,1590.0,1597.300048828125,1560.800048828125,1567.550048828125,9831395
2022-05-02 05:30:00+05:30,INFY.NS,1550.9000244140625,1552.75,1531.0,1541.0,7072627
2022-05-04 05:30:00+05:30,INFY.NS,1547.25,1570.0,1530.1500244140625,1535.550048828125,6220959
2022-05-05 05:30:00+05:30,INFY.NS,1560.050048828125,1589.4000244140625,1557.449951171875,1585.1500244140625,6144870
2022-05-06 05:30:00+05:30,INFY.NS,1550.0,1561.8499755859375,1535.050048828125,1542.8499755859375,6171472
2022-05-09 05:30:00+05:30,INFY.NS,1540.0,1586.800048828125,1522.1500244140625,1570.3499755859375,6832202
2022-05-10 05:30:00+05:30,INFY.NS,1558.0,1569.1500244140625,1546.050048828125,1553.0,6212545
2022-05-11 05:30:00+05:30,INFY.NS,1549.949951171875,1549.949951171875,1511.5999755859375,1526.75,7846080
2022-05-12 05:30:00+05:30,INFY.NS,1514.0,1527.5,1504.300048828125,1508.800048828125,7034979
2022-05-13 05:30:00+05:30,INFY.NS,1519.300048828125,1529.25,1498.0999755859375,1504.4000244140625,6723761
2022-05-16 05:30:00+05:30,INFY.NS,1510.0,1511.8499755859375,1478.6500244140625,1489.0999755859375,6145331
2022-05-17 05:30:00+05:30,INFY.NS,1494.9000244140625,1525.0,1480.9000244140625,1518.449951171875,6516378
2022-05-18 05:30:00+05:30,INFY.NS,1522.0,1549.699951171875,1505.300048828125,1509.199951171875,6594126
2022-05-19 05:30:00+05:30,INFY.NS,1481.0,1484.699951171875,1417.6500244140625,1427.1500244140625,16561140
2022-05-20 05:30:00+05:30,INFY.NS,1453.0,1466.75,1446.699951171875,1455.1500244140625,10488908
2022-05-23 05:30:00+05:30,INFY.NS,1455.0999755859375,1488.0,1450.050048828125,1468.4000244140625,5887569
2022-05-24 05:30:00+05:30,INFY.NS,1468.5999755859375,1469.550048828125,1435.25,1441.0,5693167
2022-05-25 05:30:00+05:30,INFY.NS,1435.0,1442.5,1399.25,1410.449951171875,9630092
2022-05-26 05:30:00+05:30,INFY.NS,1418.0,1430.0,1407.050048828125,1423.949951171875,13040065
2022-05-27 05:30:00+05:30,INFY.NS,1443.949951171875,1467.0,1437.4000244140625,1461.3499755859375,8284860
2022-05-30 05:30:00+05:30,INFY.NS,1487.0,1530.0,1485.0,1526.800048828125,10904213
2022-05-31 05:30:00+05:30,INFY.NS,1510.699951171875,1518.0,1488.1500244140625,1503.5999755859375,16033857
2022-06-01 05:30:00+05:30,INFY.NS,1513.0,1514.75,1472.0999755859375,1478.550048828125,8738508
2022-06-02 05:30:00+05:30,INFY.NS,1484.0,1513.8499755859375,1475.5999755859375,1508.0,7205840
2022-06-03 05:30:00+05:30,INFY.NS,1524.9000244140625,1555.0,1518.0,1521.699951171875,9395707
2022-06-06 05:30:00+05:30,INFY.NS,1516.0,1536.5999755859375,1493.0,1530.050048828125,6624883
2022-06-07 05:30:00+05:30,INFY.NS,1519.8499755859375,1519.8499755859375,1502.5999755859375,1506.699951171875,4904592
2022-06-08 05:30:00+05:30,INFY.NS,1520.199951171875,1520.199951171875,1492.0,1500.0,4697608
2022-06-09 05:30:00+05:30,INFY.NS,1485.0,1516.949951171875,1481.5,1515.0,4361061
2022-06-10 05:30:00+05:30,INFY.NS,1486.0999755859375,1493.949951171875,1473.5999755859375,1476.800048828125,6516436
2022-06-13 05:30:00+05:30,INFY.NS,1443.5999755859375,1443.5999755859375,1411.699951171875,1424.5,6987685
2022-06-14 05:30:00+05:30,INFY.NS,1410.0,1448.9000244140625,1403.1500244140625,1440.550048828125,6090247
2022-06-15 05:30:00+05:30,INFY.NS,1440.199951171875,1446.4000244140625,1418.8499755859375,1422.199951171875,4651958
2022-06-16 05:30:00+05:30,INFY.NS,1438.0,1443.75,1392.0,1397.199951171875,6641772
2022-06-17 05:30:00+05:30,INFY.NS,1391.050048828125,1396.949951171875,1367.1500244140625,1387.300048828125,9692047
2022-06-20 05:30:00+05:30,INFY.NS,1390.050048828125,1422.3499755859375,1382.0,1414.1500244140625,4595194
2022-06-21 05:30:00+05:30,INFY.NS,1424.0,1456.0,1422.75,1449.9000244140625,6270787
2022-06-22 05:30:00+05:30,INFY.NS,1436.050048828125,1459.5999755859375,1435.0,1437.25,6253366
2022-06-23 05:30:00+05:30,INFY.NS,1439.800048828125,1458.0,1433.0,1452.449951171875,6254281
2022-06-24 05:30:00+05:30,INFY.NS,1458.0,1467.5,1428.9000244140625,1441.0999755859375,6114340
2022-06-27 05:30:00+05:30,INFY.NS,1468.050048828125,1484.0,1465.1500244140625,1474.5999755859375,4511097
2022-06-28 05:30:00+05:30,INFY.NS,1469.0,1488.25,1453.0,1480.1500244140625,4412178
2022-06-29 05:30:00+05:30,INFY.NS,1464.699951171875,1477.0,1457.0,1463.25,5060038
2022-06-30 05:30:00+05:30,INFY.NS,1465.050048828125,1482.0,1455.0,1461.9000244140625,9165177
2022-07-01 05:30:00+05:30,INFY.NS,1454.0,1485.0,1442.3499755859375,1479.4000244140625,4651635
2022-07-04 05:30:00+05:30,INFY.NS,1480.25,1492.25,1462.0,1488.0,4800224
2022-07-05 05:30:00+05:30,INFY.NS,1498.800048828125,1509.949951171875,1472.0,1475.949951171875,7379669
2022-07-06 05:30:00+05:30,INFY.NS,1482.199951171875,1500.0,1470.0,1491.6500244140625,5209162
2022-07-07 05:30:00+05:30,INFY.NS,1503.050048828125,1513.949951171875,1495.699951171875,1498.699951171875,3323472
2022-07-08 05:30:00+05:30,INFY.NS,1515.0,1516.949951171875,1499.949951171875,1514.449951171875,3652582
2022-07-11 05:30:00+05:30,INFY.NS,1495.0,1499.9000244140625,1466.4000244140625,1473.1500244140625,4702638
2022-07-12 05:30:00+05:30,INFY.NS,1461.800048828125,1468.5999755859375,1436.0,1438.5999755859375,4710356
2022-07-13 05:30:00+05:30,INFY.NS,1450.0,1460.0,1438.5999755859375,1444.449951171875,5264025
2022-07-14 05:30:00+05:30,INFY.NS,1451.0,1452.949951171875,1414.0,1428.8499755859375,6157606
2022-07-15 05:30:00+05:30,INFY.NS,1446.0,1446.0,1410.6500244140625,1430.3499755859375,5620018
2022-07-18 05:30:00+05:30,INFY.NS,1450.0,1493.5999755859375,1448.050048828125,1489.9000244140625,5835171
2022-07-19 05:30:00+05:30,INFY.NS,1471.550048828125,1486.8499755859375,1470.0999755859375,1484.1500244140625,3418540
2022-07-20 05:30:00+05:30,INFY.NS,1501.25,1525.800048828125,1500.0,1515.300048828125,5079392
2022-07-21 05:30:00+05:30,INFY.NS,1517.0,1535.449951171875,1503.0999755859375,1532.9000244140625,5008061
2022-07-22 05:30:00+05:30,INFY.NS,1534.0,1540.0,1492.1500244140625,1506.300048828125,7020642
2022-07-25 05:30:00+05:30,INFY.NS,1480.0999755859375,1517.1500244140625,1480.0999755859375,1503.5999755859375,7859626
2022-07-26 05:30:00+05:30,INFY.NS,1496.6500244140625,1496.6500244140625,1445.0,1451.1500244140625,7268273
2022-07-27 05:30:00+05:30,INFY.NS,1451.0,1473.0,1445.0,1471.050048828125,4517285
2022-07-28 05:30:00+05:30,INFY.NS,1496.4000244140625,1524.449951171875,1489.8499755859375,1517.4000244140625,6636841
2022-07-29 05:30:00+05:30,INFY.NS,1532.800048828125,1555.699951171875,1528.0,1549.699951171875,7009465
2022-08-01 05:30:00+05:30,INFY.NS,1564.0,1564.0,1537.9000244140625,1551.050048828125,2983249
2022-08-02 05:30:00+05:30,INFY.NS,1546.550048828125,1547.0,1528.3499755859375,1543.5999755859375,4374635
2022-08-03 05:30:00+05:30,INFY.NS,1549.0,1570.0,1539.9000244140625,1566.0999755859375,6011955
2022-08-04 05:30:00+05:30,INFY.NS,1587.5,1603.8499755859375,1574.949951171875,1599.9000244140625,7402209
2022-08-05 05:30:00+05:30,INFY.NS,1608.4000244140625,1625.699951171875,1602.300048828125,1616.6500244140625,5361971
2022-08-08 05:30:00+05:30,INFY.NS,1617.0,1622.0,1596.0,1619.4000244140625,3763409
2022-08-10 05:30:00+05:30,INFY.NS,1621.199951171875,1621.199951171875,1588.0999755859375,1602.449951171875,4423829
2022-08-11 05:30:00+05:30,INFY.NS,1630.0,1631.3499755859375,1616.0,1619.949951171875,3462090
2022-08-12 05:30:00+05:30,INFY.NS,1613.300048828125,1614.0,1590.1500244140625,1594.0999755859375,3562286
2022-08-16 05:30:00+05:30,INFY.NS,1609.0,1609.0,1591.0999755859375,1596.449951171875,3004430
2022-08-17 05:30:00+05:30,INFY.NS,1596.449951171875,1612.0,1585.0,1606.25,4067324
2022-08-18 05:30:00+05:30,INFY.NS,1594.0999755859375,1598.199951171875,1574.0,1582.949951171875,4635706
2022-08-19 05:30:00+05:30,INFY.NS,1585.300048828125,1604.9000244140625,1585.0999755859375,1597.0999755859375,4739884
2022-08-22 05:30:00+05:30,INFY.NS,1586.0,1599.0,1574.0,1575.6500244140625,3950555
2022-08-23 05:30:00+05:30,INFY.NS,1548.0,1554.5,1533.0,1542.4000244140625,5551574
2022-08-24 05:30:00+05:30,INFY.NS,1535.0,1546.0,1531.0,1537.5,2888426
2022-08-25 05:30:00+05:30,INFY.NS,1548.0,1548.699951171875,1513.75,1518.1500244140625,4331088
2022-08-26 05:30:00+05:30,INFY.NS,1535.1500244140625,1544.949951171875,1517.449951171875,1521.550048828125,3079136
2022-08-29 05:30:00+05:30,INFY.NS,1468.550048828125,1468.550048828125,1450.0,1461.75,8079050
2022-08-30 05:30:00+05:30,INFY.NS,1473.0999755859375,1496.0999755859375,1466.0,1492.949951171875,6725875
2022-09-01 05:30:00+05:30,INFY.NS,1460.050048828125,1468.0999755859375,1451.050048828125,1464.199951171875,8140604
2022-09-02 05:30:00+05:30,INFY.NS,1478.0,1478.0,1448.0,1453.0,5175653
2022-09-05 05:30:00+05:30,INFY.NS,1451.0,1467.0,1446.3499755859375,1461.300048828125,3669352
2022-09-06 05:30:00+05:30,INFY.NS,1461.300048828125,1470.0,1445.449951171875,1455.0999755859375,3428442
2022-09-07 05:30:00+05:30,INFY.NS,1440.0,1465.75,1438.050048828125,1457.6500244140625,3600574
2022-09-08 05:30:00+05:30,INFY.NS,1475.0,1481.0999755859375,1463.5999755859375,1475.9000244140625,4061475
2022-09-09 05:30:00+05:30,INFY.NS,1488.0,1520.0,1480.0,1511.6500244140625,4816910
2022-09-12 05:30:00+05:30,INFY.NS,1525.800048828125,1545.9000244140625,1521.1500244140625,1536.199951171875,5494819
2022-09-13 05:30:00+05:30,INFY.NS,1551.9000244140625,1553.0,1541.300048828125,1544.949951171875,4947158
2022-09-14 05:30:00+05:30,INFY.NS,1497.0,1498.949951171875,1472.0,1475.4000244140625,14332197
2022-09-15 05:30:00+05:30,INFY.NS,1475.0,1475.199951171875,1429.050048828125,1432.800048828125,12784100
2022-09-16 05:30:00+05:30,INFY.NS,1425.0,1425.0,1368.3499755859375,1377.050048828125,20464045
2022-09-19 05:30:00+05:30,INFY.NS,1392.0,1406.0,1380.5999755859375,1390.300048828125,6595241
2022-09-20 05:30:00+05:30,INFY.NS,1407.949951171875,1413.550048828125,1385.0999755859375,1388.550048828125,7219797
2022-09-21 05:30:00+05:30,INFY.NS,1379.9000244140625,1388.800048828125,1368.4000244140625,1377.25,7917054
2022-09-22 05:30:00+05:30,INFY.NS,1366.3499755859375,1383.949951171875,1360.0,1367.949951171875,9168498
2022-09-23 05:30:00+05:30,INFY.NS,1367.5,1394.800048828125,1362.0,1365.449951171875,10426200
2022-09-26 05:30:00+05:30,INFY.NS,1360.0,1399.449951171875,1355.0,1380.25,9414587
2022-09-27 05:30:00+05:30,INFY.NS,1393.449951171875,1406.5,1378.0,1393.550048828125,8561254
2022-09-28 05:30:00+05:30,INFY.NS,1379.0,1405.8499755859375,1377.0,1394.699951171875,7022098
2022-09-29 05:30:00+05:30,INFY.NS,1404.9000244140625,1409.8499755859375,1393.0,1398.6500244140625,6119965
2022-09-30 05:30:00+05:30,INFY.NS,1388.949951171875,1419.300048828125,1376.0,1413.449951171875,8120130
2022-10-03 05:30:00+05:30,INFY.NS,1412.0,1412.0,1386.0,1393.75,4943169
2022-10-04 05:30:00+05:30,INFY.NS,1419.699951171875,1432.25,1414.0,1429.4000244140625,6631341
2022-10-06 05:30:00+05:30,INFY.NS,1445.0,1459.800048828125,1444.0999755859375,1455.1500244140625,6180672
2022-10-07 05:30:00+05:30,INFY.NS,1446.3499755859375,1457.8499755859375,1440.1500244140625,1451.199951171875,3994466
2022-10-10 05:30:00+05:30,INFY.NS,1426.3499755859375,1465.0,1426.3499755859375,1462.6500244140625,5274677
2022-10-11 05:30:00+05:30,INFY.NS,1462.6500244140625,1479.6500244140625,1420.0999755859375,1423.800048828125,12824774
2022-10-12 05:30:00+05:30,INFY.NS,1437.0,1441.0999755859375,1413.550048828125,1428.699951171875,5481467
2022-10-13 05:30:00+05:30,INFY.NS,1431.0,1437.949951171875,1415.0,1419.9000244140625,4821514
2022-10-14 05:30:00+05:30,INFY.NS,1485.0,1494.0,1467.25,1474.25,14990688
2022-10-17 05:30:00+05:30,INFY.NS,1476.9000244140625,1495.0,1475.5,1489.949951171875,4286396
2022-10-18 05:30:00+05:30,INFY.NS,1510.0,1510.949951171875,1497.25,1503.699951171875,4692004
2022-10-19 05:30:00+05:30,INFY.NS,1504.0,1504.949951171875,1481.300048828125,1485.449951171875,3553171
2022-10-20 05:30:00+05:30,INFY.NS,1475.0,1504.0,1474.199951171875,1500.9000244140625,4583939
2022-10-21 05:30:00+05:30,INFY.NS,1500.300048828125,1506.0,1491.3499755859375,1500.5,3594485
2022-10-24 05:30:00+05:30,INFY.NS,1518.5,1521.800048828125,1511.0,1517.8499755859375,982837
2022-10-25 05:30:00+05:30,INFY.NS,1528.0999755859375,1532.9000244140625,1521.050048828125,1526.300048828125,3914341
2022-10-27 05:30:00+05:30,INFY.NS,1530.800048828125,1534.9000244140625,1512.5,1523.949951171875,6760137
2022-10-28 05:30:00+05:30,INFY.NS,1526.0,1527.949951171875,1507.0,1513.25,3053981
2022-10-31 05:30:00+05:30,INFY.NS,1530.25,1546.4000244140625,1530.25,1537.6500244140625,4542336
2022-11-01 05:30:00+05:30,INFY.NS,1553.050048828125,1575.0,1547.0999755859375,1573.0,4542692
2022-11-02 05:30:00+05:30,INFY.NS,1572.0,1572.75,1545.0,1553.300048828125,2938906
2022-11-03 05:30:00+05:30,INFY.NS,1538.75,1543.9000244140625,1521.6500244140625,1530.75,3174027
2022-11-04 05:30:00+05:30,INFY.NS,1520.449951171875,1520.449951171875,1501.1500244140625,1514.0,4509682
2022-11-07 05:30:00+05:30,INFY.NS,1521.4000244140625,1527.9000244140625,1491.0999755859375,1507.449951171875,4898592
2022-11-09 05:30:00+05:30,INFY.NS,1529.0,1529.0,1501.0999755859375,1511.199951171875,3334755
2022-11-10 05:30:00+05:30,INFY.NS,1485.0,1512.0,1485.0,1501.949951171875,3435763
2022-11-11 05:30:00+05:30,INFY.NS,1546.6500244140625,1573.5,1546.6500244140625,1570.0999755859375,7214098
2022-11-14 05:30:00+05:30,INFY.NS,1575.1500244140625,1591.4000244140625,1568.449951171875,1585.300048828125,4908813
2022-11-15 05:30:00+05:30,INFY.NS,1577.8499755859375,1597.8499755859375,1572.75,1594.0,3497614
2022-11-16 05:30:00+05:30,INFY.NS,1597.1500244140625,1609.0,1593.5,1602.800048828125,4497697
2022-11-17 05:30:00+05:30,INFY.NS,1597.199951171875,1602.800048828125,1582.949951171875,1587.4000244140625,3469515
2022-11-18 05:30:00+05:30,INFY.NS,1591.699951171875,1598.0,1575.5,1593.4000244140625,3126064
2022-11-21 05:30:00+05:30,INFY.NS,1582.0999755859375,1587.8499755859375,1564.050048828125,1568.199951171875,3071764
2022-11-22 05:30:00+05:30,INFY.NS,1569.0,1588.0,1562.0,1585.050048828125,3399329
2022-11-23 05:30:00+05:30,INFY.NS,1588.9000244140625,1592.0,1579.300048828125,1583.1500244140625,3245067
2022-11-24 05:30:00+05:30,INFY.NS,1589.0,1636.0,1584.75,1629.800048828125,5282215
2022-11-25 05:30:00+05:30,INFY.NS,1631.4000244140625,1644.0,1613.800048828125,1635.6500244140625,4563255
2022-11-28 05:30:00+05:30,INFY.NS,1628.0,1653.5,1620.0,1623.4000244140625,3825766
2022-11-29 05:30:00+05:30,INFY.NS,1621.199951171875,1638.75,1615.050048828125,1629.050048828125,3131710
2022-11-30 05:30:00+05:30,INFY.NS,1619.949951171875,1645.75,1613.1500244140625,1634.949951171875,11868134
2022-12-01 05:30:00+05:30,INFY.NS,1656.199951171875,1672.5999755859375,1652.300048828125,1657.0999755859375,5407928
2022-12-02 05:30:00+05:30,INFY.NS,1656.0,1661.800048828125,1633.949951171875,1637.9000244140625,4283343
2022-12-05 05:30:00+05:30,INFY.NS,1638.0,1644.8499755859375,1623.300048828125,1639.75,3824966
2022-12-06 05:30:00+05:30,INFY.NS,1625.0,1626.0,1607.550048828125,1612.9000244140625,4822398
2022-12-07 05:30:00+05:30,INFY.NS,1608.0,1623.800048828125,1596.699951171875,1605.5,4898087
2022-12-08 05:30:00+05:30,INFY.NS,1605.5,1623.9000244140625,1598.5,1620.1500244140625,4206837
2022-12-09 05:30:00+05:30,INFY.NS,1628.0,1628.0,1561.0999755859375,1569.300048828125,8880658
2022-12-12 05:30:00+05:30,INFY.NS,1550.0,1565.949951171875,1530.050048828125,1547.199951171875,8037679
2022-12-13 05:30:00+05:30,INFY.NS,1547.199951171875,1577.5,1541.1500244140625,1572.1500244140625,6135067
2022-12-14 05:30:00+05:30,INFY.NS,1582.0,1588.5,1573.0,1579.4000244140625,4976020
2022-12-15 05:30:00+05:30,INFY.NS,1569.300048828125,1570.0,1535.25,1540.5,6443866
2022-12-16 05:30:00+05:30,INFY.NS,1525.0,1549.5,1512.050048828125,1522.199951171875,9630453
2022-12-19 05:30:00+05:30,INFY.NS,1507.949951171875,1516.9000244140625,1495.050048828125,1507.3499755859375,6222740
2022-12-20 05:30:00+05:30,INFY.NS,1501.0,1516.0,1482.449951171875,1507.300048828125,7396259
2022-12-21 05:30:00+05:30,INFY.NS,1515.0,1521.0,1502.3499755859375,1509.550048828125,6236361
2022-12-22 05:30:00+05:30,INFY.NS,1521.5,1529.949951171875,1511.75,1522.050048828125,6302640
2022-12-23 05:30:00+05:30,INFY.NS,1508.699951171875,1509.9000244140625,1493.0,1497.0999755859375,6283822
2022-12-26 05:30:00+05:30,INFY.NS,1500.5,1509.9000244140625,1496.3499755859375,1502.4000244140625,4115459
2022-12-27 05:30:00+05:30,INFY.NS,1509.949951171875,1521.449951171875,1497.5,1514.8499755859375,4860076
2022-12-28 05:30:00+05:30,INFY.NS,1505.0999755859375,1524.949951171875,1498.5,1510.1500244140625,5029860
2022-12-29 05:30:00+05:30,INFY.NS,1504.0,1521.300048828125,1501.0,1517.550048828125,4624745
2022-12-30 05:30:00+05:30,INFY.NS,1528.0,1530.4000244140625,1504.050048828125,1508.199951171875,5060544
2023-01-02 05:30:00+05:30,INFY.NS,1514.0,1526.5,1504.050048828125,1524.0,3801140
2023-01-03 05:30:00+05:30,INFY.NS,1519.8499755859375,1532.6500244140625,1515.0999755859375,1522.550048828125,4551130
2023-01-04 05:30:00+05:30,INFY.NS,1521.0,1521.0,1491.0999755859375,1494.800048828125,7059590
2023-01-05 05:30:00+05:30,INFY.NS,1505.9000244140625,1505.9000244140625,1469.25,1475.199951171875,9868404
2023-01-06 05:30:00+05:30,INFY.NS,1470.0,1475.0,1446.5,1448.5,6443714
2023-01-09 05:30:00+05:30,INFY.NS,1448.199951171875,1489.3499755859375,1448.199951171875,1484.449951171875,11498717
2023-01-10 05:30:00+05:30,INFY.NS,1482.0,1483.9000244140625,1454.050048828125,1469.75,7158624
2023-01-11 05:30:00+05:30,INFY.NS,1470.0,1494.0,1464.0,1471.25,6173092
2023-01-12 05:30:00+05:30,INFY.NS,1481.949951171875,1485.0,1455.0,1480.5999755859375,6591385
2023-01-13 05:30:00+05:30,INFY.NS,1483.5,1519.4000244140625,1468.0,1503.6500244140625,11610426
2023-01-16 05:30:00+05:30,INFY.NS,1510.0,1528.0,1502.300048828125,1525.5,6073063
2023-01-17 05:30:00+05:30,INFY.NS,1527.0,1542.199951171875,1524.0,1539.5,5922644
2023-01-18 05:30:00+05:30,INFY.NS,1544.75,1551.8499755859375,1539.5999755859375,1545.4000244140625,5843098
2023-01-19 05:30:00+05:30,INFY.NS,1539.9000244140625,1549.550048828125,1526.1500244140625,1538.9000244140625,6165284
2023-01-20 05:30:00+05:30,INFY.NS,1538.0,1545.0,1524.0,1525.550048828125,6496429
2023-01-23 05:30:00+05:30,INFY.NS,1535.0,1553.300048828125,1528.0999755859375,1548.0,4855020
2023-01-24 05:30:00+05:30,INFY.NS,1560.0,1568.800048828125,1549.75,1551.9000244140625,5200802
2023-01-25 05:30:00+05:30,INFY.NS,1547.0,1556.0,1538.75,1543.0,4158617
2023-01-27 05:30:00+05:30,INFY.NS,1546.0,1550.949951171875,1507.4000244140625,1519.1500244140625,6209955
2023-01-30 05:30:00+05:30,INFY.NS,1528.800048828125,1544.0,1520.0,1538.800048828125,6964719
2023-01-31 05:30:00+05:30,INFY.NS,1548.9000244140625,1548.9000244140625,1513.0,1533.75,9448126
2023-02-01 05:30:00+05:30,INFY.NS,1542.199951171875,1555.050048828125,1528.050048828125,1551.0999755859375,6194199
2023-02-02 05:30:00+05:30,INFY.NS,1552.0,1586.949951171875,1552.0,1583.75,6916834
2023-02-03 05:30:00+05:30,INFY.NS,1597.5,1604.6500244140625,1573.0,1599.4000244140625,7040194
2023-02-06 05:30:00+05:30,INFY.NS,1598.0,1598.0,1561.5999755859375,1569.8499755859375,4570612
2023-02-07 05:30:00+05:30,INFY.NS,1569.0,1576.050048828125,1555.0999755859375,1562.4000244140625,4336238
2023-02-08 05:30:00+05:30,INFY.NS,1565.5,1603.0,1565.5,1590.5,7983338
2023-02-09 05:30:00+05:30,INFY.NS,1596.199951171875,1619.75,1586.050048828125,1617.0,6904911
2023-02-10 05:30:00+05:30,INFY.NS,1612.949951171875,1616.300048828125,1596.449951171875,1608.550048828125,4786762
2023-02-13 05:30:00+05:30,INFY.NS,1597.0,1597.0,1566.0,1567.449951171875,4001199
2023-02-14 05:30:00+05:30,INFY.NS,1584.699951171875,1596.0,1578.1500244140625,1593.25,5043736
2023-02-15 05:30:00+05:30,INFY.NS,1584.0,1599.0,1576.0,1597.050048828125,3465747
2023-02-16 05:30:00+05:30,INFY.NS,1600.0,1614.449951171875,1597.8499755859375,1601.800048828125,4290289
2023-02-17 05:30:00+05:30,INFY.NS,1594.0,1595.0,1575.5,1583.800048828125,2857734
2023-02-20 05:30:00+05:30,INFY.NS,1584.949951171875,1603.0,1582.5,1592.449951171875,2417716
2023-02-21 05:30:00+05:30,INFY.NS,1598.699951171875,1601.6500244140625,1576.0,1579.5,2723288
2023-02-22 05:30:00+05:30,INFY.NS,1563.0,1575.0,1555.300048828125,1561.800048828125,3656244
2023-02-23 05:30:00+05:30,INFY.NS,1569.8499755859375,1569.8499755859375,1548.1500244140625,1550.699951171875,4766854
2023-02-24 05:30:00+05:30,INFY.NS,1560.0,1569.0,1545.0,1550.6500244140625,2790986
2023-02-27 05:30:00+05:30,INFY.NS,1540.0,1540.0,1502.0,1509.300048828125,4920268
2023-02-28 05:30:00+05:30,INFY.NS,1515.5999755859375,1524.0,1481.300048828125,1487.550048828125,9679811
2023-03-01 05:30:00+05:30,INFY.NS,1492.4000244140625,1500.8499755859375,1481.5,1496.050048828125,5125043
2023-03-02 05:30:00+05:30,INFY.NS,1485.0,1488.5999755859375,1467.300048828125,1472.1500244140625,4644499
2023-03-03 05:30:00+05:30,INFY.NS,1486.75,1489.800048828125,1473.0,1479.300048828125,4615015
2023-03-06 05:30:00+05:30,INFY.NS,1494.550048828125,1520.4000244140625,1493.1500244140625,1507.449951171875,6561742
2023-03-08 05:30:00+05:30,INFY.NS,1490.550048828125,1496.0,1481.0999755859375,1492.699951171875,4137080
2023-03-09 05:30:00+05:30,INFY.NS,1495.0,1498.3499755859375,1474.5999755859375,1480.4000244140625,5104656
2023-03-10 05:30:00+05:30,INFY.NS,1460.0,1474.300048828125,1457.6500244140625,1471.550048828125,3699580
2023-03-13 05:30:00+05:30,INFY.NS,1464.199951171875,1478.300048828125,1428.0,1435.0999755859375,8798403
2023-03-14 05:30:00+05:30,INFY.NS,1441.0,1448.3499755859375,1411.0,1420.0,7402784
2023-03-15 05:30:00+05:30,INFY.NS,1438.0,1442.8499755859375,1416.8499755859375,1419.6500244140625,7556182
2023-03-16 05:30:00+05:30,INFY.NS,1417.800048828125,1417.800048828125,1398.699951171875,1404.0999755859375,7323117
2023-03-17 05:30:00+05:30,INFY.NS,1430.0,1442.9000244140625,1411.4000244140625,1420.699951171875,9090018
2023-03-20 05:30:00+05:30,INFY.NS,1419.699951171875,1419.699951171875,1384.8499755859375,1403.6500244140625,8221829
2023-03-21 05:30:00+05:30,INFY.NS,1399.0,1405.0,1390.0,1390.699951171875,8536755
2023-03-22 05:30:00+05:30,INFY.NS,1403.0,1407.25,1382.1500244140625,1389.25,8356487
2023-03-23 05:30:00+05:30,INFY.NS,1383.949951171875,1383.949951171875,1370.0,1374.550048828125,7607718
2023-03-24 05:30:00+05:30,INFY.NS,1388.0,1398.949951171875,1377.5,1380.6500244140625,7559127
2023-03-27 05:30:00+05:30,INFY.NS,1386.25,1395.75,1374.0999755859375,1388.949951171875,4170193
2023-03-28 05:30:00+05:30,INFY.NS,1392.0999755859375,1398.0,1375.8499755859375,1377.5999755859375,6633366
2023-03-29 05:30:00+05:30,INFY.NS,1379.0,1389.9000244140625,1364.550048828125,1383.550048828125,8813966
2023-03-31 05:30:00+05:30,INFY.NS,1404.0,1429.949951171875,1393.9000244140625,1427.949951171875,8711975
2023-04-03 05:30:00+05:30,INFY.NS,1435.0,1435.0,1405.1500244140625,1410.8499755859375,5242764
2023-04-05 05:30:00+05:30,INFY.NS,1400.0,1427.5,1400.0,1423.550048828125,7506334
2023-04-06 05:30:00+05:30,INFY.NS,1416.0,1428.4000244140625,1410.3499755859375,1421.9000244140625,6948465
2023-04-10 05:30:00+05:30,INFY.NS,1423.949951171875,1434.0,1415.0,1427.5999755859375,4993788
2023-04-11 05:30:00+05:30,INFY.NS,1428.9000244140625,1433.3499755859375,1389.0,1406.1500244140625,6942255
2023-04-12 05:30:00+05:30,INFY.NS,1413.050048828125,1431.5,1400.0,1428.300048828125,5831169
2023-04-13 05:30:00+05:30,INFY.NS,1409.75,1411.050048828125,1383.0,1389.199951171875,11267238
2023-04-17 05:30:00+05:30,INFY.NS,1250.300048828125,1261.1500244140625,1185.300048828125,1258.300048828125,53171705
2023-04-18 05:30:00+05:30,INFY.NS,1269.949951171875,1269.949951171875,1253.0999755859375,1259.3499755859375,12430884
2023-04-19 05:30:00+05:30,INFY.NS,1254.3499755859375,1254.3499755859375,1229.4000244140625,1232.199951171875,11307230
2023-04-20 05:30:00+05:30,INFY.NS,1230.699951171875,1237.8499755859375,1221.4000244140625,1223.4000244140625,8621249
2023-04-21 05:30:00+05:30,INFY.NS,1228.0999755859375,1233.25,1220.0,1227.3499755859375,8691352
2023-04-24 05:30:00+05:30,INFY.NS,1228.0,1230.0,1218.0,1226.300048828125,8313774
2023-04-25 05:30:00+05:30,INFY.NS,1225.949951171875,1235.5,1215.0,1224.9000244140625,6808576
2023-04-26 05:30:00+05:30,INFY.NS,1228.0,1233.0,1220.550048828125,1227.550048828125,5680192
2023-04-27 05:30:00+05:30,INFY.NS,1230.0,1247.800048828125,1225.4000244140625,1246.25,8020704
2023-04-28 05:30:00+05:30,INFY.NS,1255.699951171875,1259.0,1244.949951171875,1252.75,10118277
2023-05-02 05:30:00+05:30,INFY.NS,1254.550048828125,1279.75,1254.550048828125,1277.449951171875,8886401
2023-05-03 05:30:00+05:30,INFY.NS,1266.0,1272.5,1262.0999755859375,1269.1500244140625,5549783
2023-05-04 05:30:00+05:30,INFY.NS,1268.949951171875,1275.800048828125,1262.5,1273.550048828125,4505401
2023-05-05 05:30:00+05:30,INFY.NS,1279.0,1279.0,1254.25,1259.0999755859375,5373791
2023-05-08 05:30:00+05:30,INFY.NS,1262.449951171875,1270.300048828125,1255.199951171875,1265.5999755859375,5260842
2023-05-09 05:30:00+05:30,INFY.NS,1266.0,1272.0,1260.699951171875,1270.699951171875,4969897
2023-05-10 05:30:00+05:30,INFY.NS,1276.4000244140625,1276.4000244140625,1259.1500244140625,1263.25,6515734
2023-05-11 05:30:00+05:30,INFY.NS,1270.25,1275.9000244140625,1253.050048828125,1256.0999755859375,6888461
2023-05-12 05:30:00+05:30,INFY.NS,1253.3499755859375,1256.0,1239.050048828125,1245.199951171875,8292212
2023-05-15 05:30:00+05:30,INFY.NS,1249.9000244140625,1268.9000244140625,1245.6500244140625,1258.3499755859375,5534710
2023-05-16 05:30:00+05:30,INFY.NS,1265.0,1273.949951171875,1262.75,1264.300048828125,5236469
2023-05-17 05:30:00+05:30,INFY.NS,1260.5999755859375,1260.949951171875,1242.449951171875,1246.9000244140625,10465667
2023-05-18 05:30:00+05:30,INFY.NS,1258.5999755859375,1259.6500244140625,1242.449951171875,1246.0,6948732
2023-05-19 05:30:00+05:30,INFY.NS,1256.050048828125,1273.300048828125,1252.800048828125,1268.9000244140625,11094136
2023-05-22 05:30:00+05:30,INFY.NS,1272.949951171875,1295.5999755859375,1270.25,1292.800048828125,7625947
2023-05-23 05:30:00+05:30,INFY.NS,1299.199951171875,1314.1500244140625,1297.050048828125,1300.050048828125,7436031
2023-05-24 05:30:00+05:30,INFY.NS,1296.300048828125,1305.0,1291.300048828125,1298.6500244140625,4824077
2023-05-25 05:30:00+05:30,INFY.NS,1294.5,1307.0,1289.25,1304.3499755859375,4334121
2023-05-26 05:30:00+05:30,INFY.NS,1306.0,1323.449951171875,1306.0,1317.449951171875,5521606
2023-05-29 05:30:00+05:30,INFY.NS,1332.699951171875,1332.699951171875,1309.8499755859375,1314.4000244140625,4419365
2023-05-30 05:30:00+05:30,INFY.NS,1315.0,1326.4000244140625,1309.1500244140625,1323.8499755859375,6274719
2023-05-31 05:30:00+05:30,INFY.NS,1319.8499755859375,1331.0999755859375,1314.1500244140625,1318.300048828125,17800782
2023-06-01 05:30:00+05:30,INFY.NS,1322.550048828125,1329.5,1318.0999755859375,1319.5,4277841
2023-06-02 05:30:00+05:30,INFY.NS,1309.0,1312.9000244140625,1296.050048828125,1299.0,10909311
2023-06-05 05:30:00+05:30,INFY.NS,1304.0,1309.449951171875,1297.300048828125,1304.5,5002553
2023-06-06 05:30:00+05:30,INFY.NS,1288.5999755859375,1288.5999755859375,1273.0,1279.0,10008100
2023-06-07 05:30:00+05:30,INFY.NS,1290.5,1294.0,1282.5,1288.949951171875,5397578
2023-06-08 05:30:00+05:30,INFY.NS,1286.199951171875,1292.0,1281.0999755859375,1282.800048828125,5034942
2023-06-09 05:30:00+05:30,INFY.NS,1282.5,1282.5,1264.0,1265.949951171875,5339073
2023-06-12 05:30:00+05:30,INFY.NS,1273.5,1295.699951171875,1273.0,1291.949951171875,4785588
2023-06-13 05:30:00+05:30,INFY.NS,1299.9000244140625,1306.5,1297.050048828125,1304.8499755859375,4846587
2023-06-14 05:30:00+05:30,INFY.NS,1306.3499755859375,1306.699951171875,1293.199951171875,1300.4000244140625,3457981
2023-06-15 05:30:00+05:30,INFY.NS,1293.949951171875,1293.949951171875,1282.6500244140625,1286.800048828125,6161155
2023-06-16 05:30:00+05:30,INFY.NS,1287.0,1301.5,1281.050048828125,1291.6500244140625,8536287
2023-06-19 05:30:00+05:30,INFY.NS,1294.0,1299.5,1287.050048828125,1294.0,4451787
2023-06-20 05:30:00+05:30,INFY.NS,1294.0,1305.0,1291.0999755859375,1303.4000244140625,4009180
2023-06-21 05:30:00+05:30,INFY.NS,1299.949951171875,1303.800048828125,1295.0,1299.3499755859375,4041529
2023-06-22 05:30:00+05:30,INFY.NS,1289.4000244140625,1289.4000244140625,1273.5,1281.550048828125,6676607
2023-06-23 05:30:00+05:30,INFY.NS,1276.449951171875,1279.3499755859375,1263.3499755859375,1265.0,7239467
2023-06-26 05:30:00+05:30,INFY.NS,1270.25,1274.0,1262.25,1270.3499755859375,3403244
2023-06-27 05:30:00+05:30,INFY.NS,1280.0,1282.0,1274.199951171875,1279.1500244140625,3240024
2023-06-28 05:30:00+05:30,INFY.NS,1290.0,1296.699951171875,1281.4000244140625,1293.3499755859375,5662358
2023-06-30 05:30:00+05:30,INFY.NS,1308.199951171875,1338.9000244140625,1304.449951171875,1335.5,12821692
2023-07-03 05:30:00+05:30,INFY.NS,1330.0,1346.0,1328.449951171875,1333.699951171875,7732412
2023-07-04 05:30:00+05:30,INFY.NS,1344.300048828125,1346.0,1331.4000244140625,1345.1500244140625,5797775
2023-07-05 05:30:00+05:30,INFY.NS,1357.8499755859375,1357.949951171875,1341.0,1347.300048828125,5414936
2023-07-06 05:30:00+05:30,INFY.NS,1342.550048828125,1347.449951171875,1337.1500244140625,1343.9000244140625,5963897
2023-07-07 05:30:00+05:30,INFY.NS,1334.0,1345.800048828125,1325.3499755859375,1330.199951171875,6295647
2023-07-10 05:30:00+05:30,INFY.NS,1336.550048828125,1341.9000244140625,1319.300048828125,1329.1500244140625,3940315
2023-07-11 05:30:00+05:30,INFY.NS,1333.449951171875,1350.9000244140625,1327.0,1348.5999755859375,6126128
2023-07-12 05:30:00+05:30,INFY.NS,1351.0,1351.9000244140625,1327.0,1333.300048828125,8102770
2023-07-13 05:30:00+05:30,INFY.NS,1334.9000244140625,1376.800048828125,1330.8499755859375,1365.0999755859375,9977644
2023-07-14 05:30:00+05:30,INFY.NS,1380.6500244140625,1430.0,1380.6500244140625,1425.949951171875,12833381
2023-07-17 05:30:00+05:30,INFY.NS,1425.949951171875,1458.949951171875,1414.300048828125,1422.949951171875,11569884
2023-07-18 05:30:00+05:30,INFY.NS,1434.0,1477.949951171875,1429.0,1475.199951171875,16743977
2023-07-19 05:30:00+05:30,INFY.NS,1486.0,1498.800048828125,1460.699951171875,1474.949951171875,13687062
2023-07-20 05:30:00+05:30,INFY.NS,1471.0,1471.0,1440.699951171875,1449.5,8347221
2023-07-21 05:30:00+05:30,INFY.NS,1320.199951171875,1350.0,1305.0,1331.5999755859375,45548305
2023-07-24 05:30:00+05:30,INFY.NS,1341.0,1349.9000244140625,1334.25,1336.5999755859375,8859789
2023-07-25 05:30:00+05:30,INFY.NS,1337.0,1342.8499755859375,1324.25,1334.5999755859375,6801982
2023-07-26 05:30:00+05:30,INFY.NS,1343.0,1350.0,1339.4000244140625,1348.8499755859375,5528885
2023-07-27 05:30:00+05:30,INFY.NS,1358.5999755859375,1363.800048828125,1347.050048828125,1353.1500244140625,9191861
2023-07-28 05:30:00+05:30,INFY.NS,1353.8499755859375,1363.8499755859375,1336.0,1340.5,6122735
2023-07-31 05:30:00+05:30,INFY.NS,1348.75,1357.5,1333.25,1355.699951171875,7902180
2023-08-01 05:30:00+05:30,INFY.NS,1362.0,1369.0,1357.0,1365.199951171875,6064652
2023-08-02 05:30:00+05:30,INFY.NS,1369.300048828125,1371.949951171875,1348.449951171875,1356.8499755859375,7419145
2023-08-03 05:30:00+05:30,INFY.NS,1350.0,1366.550048828125,1349.0,1364.300048828125,6503741
2023-08-04 05:30:00+05:30,INFY.NS,1368.9000244140625,1385.9000244140625,1362.0,1378.3499755859375,5712345
2023-08-07 05:30:00+05:30,INFY.NS,1387.9000244140625,1395.0,1377.0,1393.0,3729093
2023-08-08 05:30:00+05:30,INFY.NS,1392.8499755859375,1393.550048828125,1384.4000244140625,1390.199951171875,4161877
2023-08-09 05:30:00+05:30,INFY.NS,1384.0,1396.0,1382.5,1394.4000244140625,4090828
2023-08-10 05:30:00+05:30,INFY.NS,1391.5999755859375,1395.800048828125,1385.5999755859375,1389.0999755859375,3873025
2023-08-11 05:30:00+05:30,INFY.NS,1392.0,1396.8499755859375,1367.050048828125,1371.8499755859375,5783517
2023-08-14 05:30:00+05:30,INFY.NS,1371.8499755859375,1395.0,1365.5999755859375,1393.550048828125,4304135
2023-08-16 05:30:00+05:30,INFY.NS,1410.800048828125,1419.949951171875,1405.4000244140625,1418.5,7735313
2023-08-17 05:30:00+05:30,INFY.NS,1420.0,1420.0,1406.0,1411.550048828125,5618346
2023-08-18 05:30:00+05:30,INFY.NS,1403.699951171875,1408.699951171875,1386.1500244140625,1388.800048828125,5134103
2023-08-21 05:30:00+05:30,INFY.NS,1389.75,1407.0,1387.1500244140625,1405.4000244140625,3032722
2023-08-22 05:30:00+05:30,INFY.NS,1404.699951171875,1406.050048828125,1396.6500244140625,1403.75,2890714
2023-08-23 05:30:00+05:30,INFY.NS,1416.0,1416.5999755859375,1405.6500244140625,1407.949951171875,2559125
2023-08-24 05:30:00+05:30,INFY.NS,1421.5,1425.050048828125,1414.449951171875,1423.5999755859375,5171963
2023-08-25 05:30:00+05:30,INFY.NS,1413.0,1422.5,1411.4000244140625,1420.0999755859375,4307172
2023-08-28 05:30:00+05:30,INFY.NS,1420.0999755859375,1424.800048828125,1411.4000244140625,1415.6500244140625,3133464
2023-08-29 05:30:00+05:30,INFY.NS,1424.0,1424.4000244140625,1415.300048828125,1417.6500244140625,3074444
2023-08-30 05:30:00+05:30,INFY.NS,1427.0,1436.6500244140625,1424.0,1435.1500244140625,3070887
2023-08-31 05:30:00+05:30,INFY.NS,1435.1500244140625,1444.9000244140625,1428.6500244140625,1435.449951171875,9792735
2023-09-01 05:30:00+05:30,INFY.NS,1430.949951171875,1446.0,1428.199951171875,1443.8499755859375,3582133
2023-09-04 05:30:00+05:30,INFY.NS,1443.0,1470.0,1434.699951171875,1465.0999755859375,4609014
2023-09-05 05:30:00+05:30,INFY.NS,1465.0,1480.050048828125,1456.5,1478.9000244140625,5496840
2023-09-06 05:30:00+05:30,INFY.NS,1481.9000244140625,1482.9000244140625,1463.300048828125,1477.449951171875,5075786
2023-09-07 05:30:00+05:30,INFY.NS,1470.5999755859375,1473.4000244140625,1462.050048828125,1466.199951171875,4411743
2023-09-08 05:30:00+05:30,INFY.NS,1463.5,1474.75,1460.199951171875,1469.5999755859375,3125838
2023-09-11 05:30:00+05:30,INFY.NS,1469.5999755859375,1478.050048828125,1464.5,1476.449951171875,4182226
2023-09-12 05:30:00+05:30,INFY.NS,1482.5,1504.0,1477.0999755859375,1501.0999755859375,6793161
2023-09-13 05:30:00+05:30,INFY.NS,1505.0,1505.0,1488.6500244140625,1498.3499755859375,4804686
2023-09-14 05:30:00+05:30,INFY.NS,1505.0,1512.550048828125,1499.1500244140625,1506.949951171875,6444213
2023-09-15 05:30:00+05:30,INFY.NS,1518.0,1518.4000244140625,1509.0,1511.5999755859375,8657816
2023-09-18 05:30:00+05:30,INFY.NS,1504.9000244140625,1504.9000244140625,1488.0,1491.800048828125,3991916
2023-09-20 05:30:00+05:30,INFY.NS,1476.199951171875,1495.0999755859375,1476.199951171875,1490.25,4169337
2023-09-21 05:30:00+05:30,INFY.NS,1486.550048828125,1504.550048828125,1476.0,1501.75,6779195
2023-09-22 05:30:00+05:30,INFY.NS,1491.9000244140625,1506.949951171875,1485.199951171875,1496.1500244140625,5455613
2023-09-25 05:30:00+05:30,INFY.NS,1489.8499755859375,1489.8499755859375,1471.550048828125,1474.1500244140625,4217863
2023-09-26 05:30:00+05:30,INFY.NS,1479.1500244140625,1479.9000244140625,1459.0,1460.6500244140625,3996528
2023-09-27 05:30:00+05:30,INFY.NS,1456.0,1469.5999755859375,1450.050048828125,1467.0,3863586
2023-09-28 05:30:00+05:30,INFY.NS,1467.9000244140625,1472.5999755859375,1435.0,1439.449951171875,5814602
2023-09-29 05:30:00+05:30,INFY.NS,1432.0999755859375,1446.800048828125,1416.0,1435.449951171875,6068968
2023-10-03 05:30:00+05:30,INFY.NS,1436.050048828125,1437.0,1420.300048828125,1434.0,4181867
2023-10-04 05:30:00+05:30,INFY.NS,1425.0,1449.949951171875,1418.199951171875,1444.3499755859375,4510406
2023-10-05 05:30:00+05:30,INFY.NS,1452.0,1475.6500244140625,1450.199951171875,1463.449951171875,7384621
2023-10-06 05:30:00+05:30,INFY.NS,1469.5,1484.5,1463.300048828125,1478.699951171875,3598672
2023-10-09 05:30:00+05:30,INFY.NS,1464.9000244140625,1491.0,1462.199951171875,1475.449951171875,3567552
2023-10-10 05:30:00+05:30,INFY.NS,1483.9000244140625,1497.0,1469.0999755859375,1495.1500244140625,5688951
2023-10-11 05:30:00+05:30,INFY.NS,1497.0,1518.25,1481.449951171875,1494.4000244140625,7220129
2023-10-12 05:30:00+05:30,INFY.NS,1491.9000244140625,1504.4000244140625,1452.0,1465.5,11081662
2023-10-13 05:30:00+05:30,INFY.NS,1405.0,1438.0,1400.0,1431.1500244140625,17973439
2023-10-16 05:30:00+05:30,INFY.NS,1432.0999755859375,1443.5999755859375,1430.0,1434.1500244140625,4850745
2023-10-17 05:30:00+05:30,INFY.NS,1440.25,1453.3499755859375,1438.050048828125,1442.449951171875,3923764
2023-10-18 05:30:00+05:30,INFY.NS,1442.0,1454.0,1438.3499755859375,1440.550048828125,4264837
2023-10-19 05:30:00+05:30,INFY.NS,1426.0999755859375,1439.6500244140625,1426.0999755859375,1433.6500244140625,6795691
2023-10-20 05:30:00+05:30,INFY.NS,1430.0,1438.5,1425.25,1427.25,3928622
2023-10-23 05:30:00+05:30,INFY.NS,1425.5999755859375,1432.3499755859375,1405.25,1408.6500244140625,2636516
2023-10-25 05:30:00+05:30,INFY.NS,1399.0,1402.550048828125,1361.300048828125,1370.050048828125,6940777
2023-10-26 05:30:00+05:30,INFY.NS,1355.050048828125,1374.0,1353.0999755859375,1359.449951171875,6357656
2023-10-27 05:30:00+05:30,INFY.NS,1363.6500244140625,1385.0,1363.6500244140625,1380.3499755859375,4634358
2023-10-30 05:30:00+05:30,INFY.NS,1380.3499755859375,1380.3499755859375,1363.0999755859375,1377.050048828125,2667696
2023-10-31 05:30:00+05:30,INFY.NS,1379.949951171875,1381.1500244140625,1363.0,1368.4000244140625,3451595
2023-11-01 05:30:00+05:30,INFY.NS,1373.050048828125,1377.449951171875,1351.6500244140625,1354.1500244140625,3090672
2023-11-02 05:30:00+05:30,INFY.NS,1370.0,1376.300048828125,1361.6500244140625,1370.1500244140625,3758060
2023-11-03 05:30:00+05:30,INFY.NS,1380.050048828125,1392.0,1377.75,1389.050048828125,3349045
2023-11-06 05:30:00+05:30,INFY.NS,1393.9000244140625,1407.25,1390.800048828125,1403.300048828125,2736381
2023-11-07 05:30:00+05:30,INFY.NS,1400.0,1405.9000244140625,1394.8499755859375,1404.300048828125,2272209
2023-11-08 05:30:00+05:30,INFY.NS,1405.0,1405.0,1386.449951171875,1391.0,3550635
2023-11-09 05:30:00+05:30,INFY.NS,1395.9000244140625,1397.5,1370.050048828125,1374.800048828125,5498051
2023-11-10 05:30:00+05:30,INFY.NS,1369.949951171875,1373.1500244140625,1361.0,1368.8499755859375,2943649
2023-11-13 05:30:00+05:30,INFY.NS,1379.8499755859375,1382.449951171875,1370.8499755859375,1373.550048828125,3462092
2023-11-15 05:30:00+05:30,INFY.NS,1399.0,1414.0,1393.0,1410.5,8551860
2023-11-16 05:30:00+05:30,INFY.NS,1416.0999755859375,1453.4000244140625,1410.5999755859375,1444.9000244140625,6673907
2023-11-17 05:30:00+05:30,INFY.NS,1441.050048828125,1451.0,1435.050048828125,1437.550048828125,4901251
2023-11-20 05:30:00+05:30,INFY.NS,1442.0,1452.0,1433.6500244140625,1436.5999755859375,3584210
2023-11-21 05:30:00+05:30,INFY.NS,1442.0,1450.0,1436.75,1439.0,3793135
2023-11-22 05:30:00+05:30,INFY.NS,1436.199951171875,1458.949951171875,1436.199951171875,1457.800048828125,3108786
2023-11-23 05:30:00+05:30,INFY.NS,1467.9000244140625,1467.9000244140625,1447.699951171875,1449.25,3186928
2023-11-24 05:30:00+05:30,INFY.NS,1445.550048828125,1452.6500244140625,1433.8499755859375,1437.4000244140625,2973195
2023-11-28 05:30:00+05:30,INFY.NS,1444.0,1445.0,1427.050048828125,1442.699951171875,3755373
2023-11-29 05:30:00+05:30,INFY.NS,1451.0999755859375,1460.699951171875,1449.800048828125,1459.5999755859375,3875778
2023-11-30 05:30:00+05:30,INFY.NS,1453.25,1460.6500244140625,1449.550048828125,1455.1500244140625,10120867
2023-12-01 05:30:00+05:30,INFY.NS,1459.9000244140625,1459.9000244140625,1446.1500244140625,1452.300048828125,3489187
2023-12-04 05:30:00+05:30,INFY.NS,1460.449951171875,1471.9000244140625,1449.300048828125,1464.3499755859375,5511948
2023-12-05 05:30:00+05:30,INFY.NS,1465.800048828125,1466.9000244140625,1442.0,1453.949951171875,5123039
2023-12-06 05:30:00+05:30,INFY.NS,1456.75,1477.0,1451.050048828125,1474.300048828125,5269178
2023-12-07 05:30:00+05:30,INFY.NS,1472.8499755859375,1472.8499755859375,1461.800048828125,1465.9000244140625,4424453
2023-12-08 05:30:00+05:30,INFY.NS,1470.4000244140625,1494.699951171875,1466.25,1491.1500244140625,6323433
2023-12-11 05:30:00+05:30,INFY.NS,1490.0,1498.0,1482.0,1488.5,3862018
2023-12-12 05:30:00+05:30,INFY.NS,1477.5,1490.0,1467.6500244140625,1476.050048828125,6103494
2023-12-13 05:30:00+05:30,INFY.NS,1476.0,1476.050048828125,1433.1500244140625,1449.0,8549258
2023-12-14 05:30:00+05:30,INFY.NS,1463.4000244140625,1511.0,1461.3499755859375,1501.449951171875,12489858
2023-12-15 05:30:00+05:30,INFY.NS,1523.050048828125,1588.550048828125,1521.0,1578.4000244140625,18395389
2023-12-18 05:30:00+05:30,INFY.NS,1567.949951171875,1593.0,1560.300048828125,1564.3499755859375,6467243
2023-12-19 05:30:00+05:30,INFY.NS,1570.0999755859375,1573.949951171875,1543.25,1558.300048828125,4221721
2023-12-20 05:30:00+05:30,INFY.NS,1565.050048828125,1583.5,1530.0,1536.4000244140625,6592367
2023-12-21 05:30:00+05:30,INFY.NS,1521.25,1546.6500244140625,1521.25,1536.0,5319038
2023-12-22 05:30:00+05:30,INFY.NS,1534.949951171875,1566.0,1523.0,1562.9000244140625,6741060
2023-12-26 05:30:00+05:30,INFY.NS,1535.0,1548.0,1523.0,1543.949951171875,6878067
2023-12-27 05:30:00+05:30,INFY.NS,1544.0,1570.0,1544.0,1567.0999755859375,4225849
2023-12-28 05:30:00+05:30,INFY.NS,1568.949951171875,1568.949951171875,1555.0,1562.6500244140625,5702253
2023-12-29 05:30:00+05:30,INFY.NS,1541.050048828125,1559.449951171875,1540.0,1542.9000244140625,4388990
