Date,Adj Close,Close,High,Low,Open,Volume
2015-01-01,970.3303833007812,1272.7750244140625,1283.5,1270.5,1283.5,366830
2015-01-02,983.2527465820312,1289.7249755859375,1295.4749755859375,1275.300048828125,1275.5,925740
2015-01-05,968.3104248046875,1270.125,1299.949951171875,1262.324951171875,1290.5,1754242
2015-01-06,932.6119995117188,1223.300048828125,1264.550048828125,1220.0,1264.550048828125,2423784
2015-01-07,921.5956420898438,1208.8499755859375,1239.574951171875,1203.7249755859375,1235.0,2636332
2015-01-08,931.5447387695312,1221.9000244140625,1224.5,1210.2750244140625,1221.199951171875,1565408
2015-01-09,957.6564331054688,1256.1500244140625,1259.949951171875,1225.0,1227.5,3197642
2015-01-12,956.6652221679688,1254.8499755859375,1264.0,1240.125,1258.5,1596006
2015-01-13,952.1668701171875,1248.949951171875,1265.199951171875,1240.050048828125,1260.0,1468432
2015-01-14,961.33447265625,1260.9749755859375,1265.9000244140625,1250.25,1258.0,1787096
2015-01-15,967.871826171875,1269.550048828125,1290.875,1261.625,1266.5,5009920
2015-01-16,965.2225952148438,1266.074951171875,1272.5,1242.1500244140625,1271.8499755859375,5293830
2015-01-19,957.1607055664062,1255.5,1275.5,1251.5,1268.0,1135074
2015-01-20,953.1392822265625,1250.2249755859375,1265.0,1241.625,1260.0,2058566
2015-01-21,958.2279052734375,1256.9000244140625,1261.0,1244.125,1261.0,2310480
2015-01-22,958.1324462890625,1256.7750244140625,1260.625,1247.75,1258.25,2113214
2015-01-23,954.3401489257812,1251.800048828125,1266.0250244140625,1248.050048828125,1257.0,3150380
2015-01-27,955.6576538085938,1251.0250244140625,1257.5,1244.7750244140625,1256.175048828125,2738736
2015-01-28,969.9998168945312,1269.800048828125,1272.449951171875,1251.449951171875,1251.5,3121980
2015-01-29,971.928466796875,1272.324951171875,1284.3499755859375,1256.449951171875,1269.0,3734392
2015-01-30,948.0187377929688,1241.0250244140625,1287.5,1235.0,1280.3499755859375,5817402
2015-02-02,960.298095703125,1257.0999755859375,1260.7249755859375,1231.0250244140625,1241.0,3181802
2015-02-03,977.1229858398438,1279.125,1282.5,1253.550048828125,1255.824951171875,2345054
2015-02-04,960.3363037109375,1257.1500244140625,1285.8499755859375,1251.050048828125,1284.0,2245418
2015-02-05,974.8883056640625,1276.199951171875,1295.8499755859375,1259.5,1260.0,4530168
2015-02-06,983.807373046875,1287.875,1297.4000244140625,1275.425048828125,1276.5,2136416
2015-02-09,959.8016357421875,1256.449951171875,1284.550048828125,1250.0,1280.75,2076432
2015-02-10,932.3969116210938,1220.574951171875,1263.125,1216.5,1255.0,3799054
2015-02-11,939.5582885742188,1229.949951171875,1243.625,1223.625,1227.5250244140625,2937522
2015-02-12,940.4178466796875,1231.074951171875,1239.9000244140625,1223.5,1239.9000244140625,3107980
2015-02-13,969.6754150390625,1269.375,1273.875,1230.125,1235.0,4158326
2015-02-16,987.2638549804688,1292.4000244140625,1297.5,1277.5,1280.0,2364392
2015-02-18,1006.6856079101562,1317.824951171875,1321.5,1282.625,1292.5250244140625,2660014
2015-02-19,1024.0263671875,1340.5250244140625,1343.6500244140625,1317.5,1318.0,2618002
2015-02-20,1021.9253540039062,1337.7750244140625,1349.4000244140625,1321.125,1349.4000244140625,1801588
2015-02-23,1029.985107421875,1348.324951171875,1361.0,1335.5,1335.5,1614892
2015-02-24,1033.07861328125,1352.375,1365.0,1339.5,1347.0,2199922
2015-02-25,1020.646240234375,1336.0999755859375,1361.0,1333.925048828125,1355.0,1767994
2015-02-26,1014.6309204101562,1328.2249755859375,1346.375,1312.675048828125,1339.5,1991994
2015-02-27,1016.8839111328125,1331.175048828125,1337.875,1308.1500244140625,1329.7249755859375,2877376
2015-03-02,1019.5767822265625,1334.699951171875,1354.4749755859375,1326.2750244140625,1339.8499755859375,2176038
2015-03-03,1060.29248046875,1388.0,1395.0,1338.074951171875,1341.0,3424308
2015-03-04,1048.8343505859375,1373.0,1406.050048828125,1357.824951171875,1394.0,3862994
2015-03-05,1029.908447265625,1348.2249755859375,1385.3499755859375,1340.5250244140625,1375.0,2173514
2015-03-09,1010.9446411132812,1323.4000244140625,1339.9000244140625,1305.0,1320.0,2883174
2015-03-10,1009.3781127929688,1321.3499755859375,1339.125,1297.625,1324.449951171875,3037052
2015-03-11,995.5711669921875,1303.2750244140625,1329.9749755859375,1298.9000244140625,1321.0,2240200
2015-03-12,1000.3455200195312,1309.5250244140625,1312.449951171875,1295.050048828125,1311.949951171875,1827636
2015-03-13,986.328369140625,1291.175048828125,1319.9749755859375,1287.5,1319.0,1586838
2015-03-16,978.6702270507812,1281.1500244140625,1305.0,1276.0,1292.5999755859375,1556296
2015-03-17,986.8436279296875,1291.8499755859375,1303.3499755859375,1278.875,1291.25,1267318
2015-03-18,977.543212890625,1279.675048828125,1299.7249755859375,1275.8499755859375,1295.4749755859375,1255170
2015-03-19,991.636962890625,1298.125,1302.925048828125,1284.050048828125,1288.0,2448964
2015-03-20,997.2514038085938,1305.4749755859375,1309.0,1289.425048828125,1298.0,1963908
2015-03-23,999.6197509765625,1308.574951171875,1315.5,1303.0,1308.0,1566608
2015-03-24,989.7463989257812,1295.6500244140625,1318.5,1291.050048828125,1315.0,2394878
2015-03-25,983.0430908203125,1286.875,1307.0,1272.5999755859375,1295.699951171875,2224858
2015-03-26,959.8781127929688,1256.550048828125,1293.3499755859375,1250.5,1276.6500244140625,3091642
2015-03-27,960.527587890625,1257.4000244140625,1285.949951171875,1252.050048828125,1265.5,2751776
2015-03-30,979.3766479492188,1282.074951171875,1284.949951171875,1260.0,1262.5,1339006
2015-03-31,975.4805908203125,1276.9749755859375,1284.7249755859375,1260.5,1284.7249755859375,2427028
2015-04-01,971.16455078125,1271.324951171875,1281.800048828125,1261.125,1279.0,2075758
2015-04-06,972.940673828125,1273.6500244140625,1281.449951171875,1250.050048828125,1279.0,1568542
2015-04-07,987.3402709960938,1292.5,1299.5,1272.0,1281.2249755859375,1886922
2015-04-08,1008.88232421875,1320.699951171875,1328.25,1295.425048828125,1297.0,1652134
2015-04-09,1017.7240600585938,1332.2750244140625,1343.7249755859375,1317.574951171875,1329.5,2544450
2015-04-10,1013.599609375,1326.875,1335.4000244140625,1314.0,1324.25,1815544
2015-04-13,1014.2676391601562,1327.75,1332.5,1314.0,1332.0,1308642
2015-04-15,1003.6683349609375,1313.875,1356.949951171875,1304.699951171875,1327.3499755859375,2913934
2015-04-16,986.5000610351562,1291.4000244140625,1313.5,1285.675048828125,1313.4749755859375,3217570
2015-04-17,945.2686157226562,1237.425048828125,1280.0,1235.0,1278.550048828125,9668742
2015-04-20,927.6796875,1214.4000244140625,1241.949951171875,1212.425048828125,1240.0250244140625,2890722
2015-04-21,927.011474609375,1213.5250244140625,1226.0,1200.5,1214.4000244140625,2546032
2015-04-22,933.9054565429688,1222.550048828125,1236.5,1203.7750244140625,1215.75,4186812
2015-04-23,938.5459594726562,1228.625,1239.9000244140625,1215.8499755859375,1236.0,4342990
2015-04-24,952.2200927734375,1246.5250244140625,1257.0,1223.7750244140625,1227.6500244140625,3625158
2015-04-27,954.950927734375,1250.0999755859375,1260.0,1243.0,1249.75,2733052
2015-04-28,952.9649047851562,1247.5,1255.0,1227.550048828125,1255.0,3088298
2015-04-29,950.023681640625,1243.6500244140625,1247.5,1225.5250244140625,1242.0,2019620
2015-04-30,941.0097045898438,1231.8499755859375,1245.0,1213.550048828125,1240.0,3738054
2015-05-04,947.8275146484375,1240.7750244140625,1252.4000244140625,1228.5999755859375,1245.5,1890630
2015-05-05,961.6923217773438,1258.925048828125,1268.2249755859375,1250.0,1250.5,3255070
2015-05-06,940.7613525390625,1231.5250244140625,1257.5,1227.9000244140625,1257.5,3394406
2015-05-07,972.1578979492188,1272.625,1276.875,1226.8499755859375,1232.449951171875,3205028
2015-05-08,965.2826538085938,1263.625,1294.0,1258.1500244140625,1280.0,3003664
2015-05-11,976.2636108398438,1278.0,1281.5250244140625,1262.5,1267.5,2573082
2015-05-12,963.6216430664062,1261.449951171875,1282.5,1256.5,1280.0,2467386
2015-05-13,960.75634765625,1257.699951171875,1273.5,1240.2249755859375,1273.5,1863774
2015-05-14,954.5880126953125,1249.625,1260.0,1242.5,1260.0,1309050
2015-05-15,959.1331176757812,1255.574951171875,1266.199951171875,1250.5,1257.5,1461454
2015-05-18,962.6661987304688,1260.199951171875,1262.625,1248.550048828125,1257.050048828125,4507752
2015-05-19,959.7254028320312,1256.3499755859375,1265.0,1248.375,1259.699951171875,1957722
2015-05-20,976.6646118164062,1278.5250244140625,1284.949951171875,1258.449951171875,1260.0,1897814
2015-05-21,976.0725708007812,1277.75,1290.0,1274.074951171875,1278.5,1579578
2015-05-22,999.906494140625,1308.949951171875,1314.375,1269.625,1275.0,2691632
2015-05-25,993.451416015625,1300.5,1318.449951171875,1292.8499755859375,1310.0,982978
2015-05-26,996.4498291015625,1304.425048828125,1311.625,1294.449951171875,1302.5,1961740
2015-05-27,998.8939208984375,1307.625,1316.574951171875,1296.0,1304.0,1620690
2015-05-28,996.6974487304688,1304.75,1311.5,1291.125,1301.949951171875,2763608
2015-05-29,997.0034790039062,1305.1500244140625,1324.300048828125,1298.625,1308.5,4423532
2015-06-01,999.8489990234375,1308.875,1323.550048828125,1304.175048828125,1304.7249755859375,882264
2015-06-02,993.0311279296875,1299.949951171875,1315.0,1295.25,1308.0,3935820
2015-06-03,997.232666015625,1305.449951171875,1312.800048828125,1295.25,1302.0,1804684
2015-06-04,995.2277221679688,1302.824951171875,1311.4000244140625,1294.25,1308.550048828125,4131468
2015-06-05,992.9918212890625,1287.925048828125,1304.5,1285.0,1296.0,2308534
2015-06-08,993.6083984375,1288.7249755859375,1295.0,1280.824951171875,1295.0,1570320
2015-06-09,987.517333984375,1280.824951171875,1295.0,1275.5,1292.5,2578914
2015-06-10,1002.5902709960938,1300.375,1305.0,1281.9000244140625,1283.0,2763350
2015-06-11,991.2371826171875,1285.6500244140625,1306.5,1278.375,1302.75,1847336
2015-06-12,965.9873657226562,1252.9000244140625,1294.4749755859375,1238.4000244140625,1285.949951171875,2571456
2015-06-15,965.6019897460938,1252.4000244140625,1260.2249755859375,1240.5,1252.6500244140625,2525176
2015-06-16,968.3775634765625,1256.0,1259.6500244140625,1247.2249755859375,1250.0,1267396
2015-06-17,969.0712280273438,1256.9000244140625,1264.574951171875,1250.9000244140625,1260.5,1975720
2015-06-18,975.33544921875,1265.0250244140625,1273.1500244140625,1254.0,1257.5,2165046
2015-06-19,982.852783203125,1274.7750244140625,1277.5,1263.550048828125,1267.5,1999610
2015-06-22,999.0245971679688,1295.75,1300.0,1273.5,1273.5,1102002
2015-06-23,992.5097045898438,1287.300048828125,1304.0,1283.5999755859375,1300.0,898318
2015-06-24,990.8518676757812,1285.1500244140625,1293.949951171875,1279.425048828125,1290.0,1170246
2015-06-25,983.0263671875,1275.0,1286.5,1272.074951171875,1281.0,1930992
2015-06-26,999.525634765625,1296.4000244140625,1298.175048828125,1275.0999755859375,1275.0999755859375,1290102
2015-06-29,999.5645751953125,1296.449951171875,1302.0,1271.699951171875,1286.0,1372756
2015-06-30,983.3925170898438,1275.4749755859375,1294.375,1270.0,1292.5,1549952
2015-07-01,999.6415405273438,1296.550048828125,1304.0,1278.375,1281.949951171875,1279708
2015-07-02,993.72412109375,1288.875,1301.4749755859375,1285.5250244140625,1300.0,1445880
2015-07-03,1003.8051147460938,1301.949951171875,1305.0,1285.0,1286.5250244140625,963470
2015-07-06,1015.1385498046875,1316.6500244140625,1322.5,1290.1500244140625,1290.1500244140625,1182338
2015-07-07,1008.5657348632812,1308.125,1323.449951171875,1301.5,1316.375,1642836
2015-07-08,1000.4124755859375,1297.550048828125,1310.8499755859375,1290.25,1298.9749755859375,2667850
2015-07-09,972.4251708984375,1261.25,1299.125,1253.324951171875,1297.5,3934122
2015-07-10,953.86328125,1237.175048828125,1279.5,1227.5,1279.5,8263654
2015-07-13,967.43310546875,1254.7750244140625,1259.300048828125,1237.699951171875,1237.699951171875,2280308
2015-07-14,963.558349609375,1249.75,1257.5,1245.0,1255.5,1703274
2015-07-15,981.3882446289062,1272.875,1274.9749755859375,1250.0,1250.5,2003660
2015-07-16,979.2485961914062,1270.0999755859375,1279.425048828125,1263.300048828125,1271.8499755859375,1456608
2015-07-17,988.57763671875,1282.199951171875,1285.050048828125,1271.6500244140625,1273.4000244140625,1070526
2015-07-20,996.400634765625,1289.574951171875,1291.949951171875,1275.949951171875,1282.0,853786
2015-07-21,989.5436401367188,1280.699951171875,1300.175048828125,1277.550048828125,1288.0,1274500
2015-07-22,976.6594848632812,1264.0250244140625,1284.5,1260.5250244140625,1280.5,1320628
2015-07-23,961.4188842773438,1244.300048828125,1268.925048828125,1241.5,1258.75,1496780
2015-07-24,967.8124389648438,1252.574951171875,1258.25,1246.050048828125,1248.75,1574972
2015-07-27,964.6829833984375,1248.5250244140625,1252.5,1240.574951171875,1244.0,2003738
2015-07-28,966.61474609375,1251.0250244140625,1259.5,1246.074951171875,1249.75,1891188
2015-07-29,968.430419921875,1253.375,1257.5250244140625,1241.75,1255.5,2413318
2015-07-30,958.34716796875,1240.324951171875,1258.4000244140625,1236.4000244140625,1258.0250244140625,2770574
2015-07-31,969.9758911132812,1255.375,1259.5,1243.5,1244.949951171875,1963776
2015-08-03,969.5315551757812,1254.800048828125,1262.5,1250.449951171875,1251.699951171875,1179324
2015-08-04,969.260986328125,1254.449951171875,1261.5,1243.0,1255.199951171875,2342692
2015-08-05,984.0381469726562,1273.574951171875,1275.0,1255.5,1260.0,988994
2015-08-06,994.140869140625,1286.6500244140625,1291.5,1275.050048828125,1282.5,2211366
2015-08-07,985.93115234375,1276.0250244140625,1286.5,1273.5,1286.5,1188506
2015-08-10,993.6773681640625,1286.050048828125,1294.5,1278.300048828125,1286.0,1431182
2015-08-11,1006.0785522460938,1302.0999755859375,1305.0,1271.050048828125,1289.0,2200306
2015-08-12,1032.155517578125,1335.8499755859375,1345.699951171875,1301.0,1301.550048828125,3479784
2015-08-13,1018.2091064453125,1317.800048828125,1342.0,1278.0,1335.0,1406426
2015-08-14,1044.3248291015625,1351.5999755859375,1359.675048828125,1318.550048828125,1319.0,2293964
2015-08-17,1037.1971435546875,1342.375,1348.4000244140625,1327.5,1345.050048828125,773644
2015-08-18,1058.8895263671875,1370.449951171875,1374.949951171875,1345.0,1353.449951171875,1916926
2015-08-19,1056.0694580078125,1366.800048828125,1376.425048828125,1360.949951171875,1375.0,1690070
2015-08-20,1038.00830078125,1343.425048828125,1372.5,1336.0,1372.5,2349298
2015-08-21,1033.8748779296875,1338.074951171875,1364.949951171875,1327.550048828125,1356.0,3536080
2015-08-24,996.2077026367188,1289.324951171875,1322.5,1284.550048828125,1319.5,4692344
2015-08-25,991.7647705078125,1283.574951171875,1311.0,1267.75,1293.949951171875,3925800
2015-08-26,995.4737548828125,1288.375,1319.5,1255.9749755859375,1279.0250244140625,3216158
2015-08-27,994.6619873046875,1287.324951171875,1307.449951171875,1272.9000244140625,1307.449951171875,5264798
2015-08-28,993.1942749023438,1285.425048828125,1304.5,1278.8499755859375,1304.5,2744152
2015-08-31,990.5672607421875,1282.0250244140625,1295.0,1265.5250244140625,1295.0,3692044
2015-09-01,980.2714233398438,1268.699951171875,1305.5999755859375,1265.0,1278.0,2987602
2015-09-02,1001.2879638671875,1295.9000244140625,1310.2249755859375,1274.0,1279.8499755859375,3765950
2015-09-03,1006.6190795898438,1302.800048828125,1307.5,1288.125,1298.050048828125,2265074
2015-09-04,984.1541137695312,1273.7249755859375,1307.449951171875,1269.574951171875,1305.699951171875,2426396
2015-09-07,981.1792602539062,1269.875,1279.9749755859375,1266.3499755859375,1276.5,1759184
2015-09-08,981.3919677734375,1270.1500244140625,1282.050048828125,1261.75,1272.5,1787746
2015-09-09,985.0426025390625,1274.875,1287.0,1272.0,1281.4749755859375,2045076
2015-09-10,983.3626098632812,1272.699951171875,1289.25,1263.5,1271.0,2665818
2015-09-11,985.9118041992188,1276.0,1284.199951171875,1270.300048828125,1273.25,1592672
2015-09-14,985.7764892578125,1275.824951171875,1282.5,1271.5,1282.5,1589318
2015-09-15,980.2135009765625,1268.625,1279.449951171875,1268.0,1275.824951171875,1379900
2015-09-16,985.274658203125,1275.175048828125,1282.5,1270.5250244140625,1277.5,1756816
2015-09-18,985.6220703125,1275.625,1293.0,1269.5,1282.5,2455294
2015-09-21,985.5447387695312,1275.5250244140625,1278.550048828125,1266.5999755859375,1275.0,1108840
2015-09-22,976.1764526367188,1263.4000244140625,1286.199951171875,1245.0,1278.75,2081246
2015-09-23,978.4362182617188,1266.324951171875,1278.875,1256.300048828125,1267.1500244140625,1228352
2015-09-24,996.8839721679688,1290.199951171875,1295.0,1264.949951171875,1267.75,2354254
2015-09-28,1002.0219116210938,1296.8499755859375,1309.5,1289.75,1297.0,2366812
2015-09-29,999.91650390625,1294.125,1317.0,1284.925048828125,1291.675048828125,3325952
2015-09-30,999.839111328125,1294.0250244140625,1321.8499755859375,1285.4749755859375,1321.8499755859375,3368336
2015-10-01,1021.6861572265625,1322.300048828125,1324.9749755859375,1296.0999755859375,1299.5,2834408
2015-10-05,1047.58935546875,1355.824951171875,1385.0,1326.3499755859375,1326.3499755859375,4807306
2015-10-06,1043.0887451171875,1350.0,1363.0,1342.0,1362.5,3979590
2015-10-07,1025.29833984375,1326.9749755859375,1358.5,1323.4749755859375,1346.9749755859375,2065530
2015-10-08,1017.5132446289062,1316.9000244140625,1339.175048828125,1310.0,1335.0,2357550
2015-10-09,1015.9102783203125,1314.824951171875,1325.300048828125,1304.0,1325.25,2249724
2015-10-12,1001.5971069335938,1296.300048828125,1330.175048828125,1293.5,1327.5,2455912
2015-10-13,1003.8952026367188,1299.2750244140625,1306.0,1283.800048828125,1301.4000244140625,6179712
2015-10-14,959.5258178710938,1241.8499755859375,1274.0,1240.0,1274.0,8337128
2015-10-15,953.36376953125,1233.875,1251.75,1232.5,1245.0,3215710
2015-10-16,955.0056762695312,1236.0,1246.0,1235.0,1240.449951171875,2333828
2015-10-19,961.4762573242188,1244.375,1247.4749755859375,1227.925048828125,1245.0,3130642
2015-10-20,976.1574096679688,1263.375,1265.0,1247.800048828125,1248.125,2695084
2015-10-21,977.412841796875,1265.0,1271.0,1261.125,1267.5,1929688
2015-10-23,982.3104248046875,1268.574951171875,1274.0,1263.6500244140625,1274.0,2335398
2015-10-26,982.0781860351562,1268.2750244140625,1274.5,1257.550048828125,1274.5,1414630
2015-10-27,979.9681396484375,1265.550048828125,1272.449951171875,1260.175048828125,1265.0250244140625,1530420
2015-10-28,979.1937255859375,1264.550048828125,1266.7750244140625,1255.0250244140625,1255.0250244140625,1255342
2015-10-29,966.126708984375,1247.675048828125,1267.699951171875,1245.0250244140625,1266.7750244140625,3130316
2015-10-30,966.0684814453125,1247.5999755859375,1255.949951171875,1242.5,1250.0,1516696
2015-11-02,974.64404296875,1258.675048828125,1261.4000244140625,1243.7750244140625,1250.0,1319294
2015-11-03,984.7493286132812,1271.7249755859375,1273.9000244140625,1259.25,1264.0,1364906
2015-11-04,981.0134887695312,1266.9000244140625,1273.5999755859375,1260.0,1272.5,991434
2015-11-05,961.2093505859375,1241.324951171875,1267.4749755859375,1240.0,1265.4000244140625,1596098
2015-11-06,970.153076171875,1252.875,1259.125,1241.7249755859375,1246.0,908024
2015-11-09,956.8345336914062,1235.675048828125,1251.375,1234.300048828125,1247.5,2021556
2015-11-10,951.7239379882812,1229.074951171875,1238.5,1225.0,1236.4749755859375,1361920
2015-11-13,928.203125,1198.699951171875,1219.0250244140625,1193.2750244140625,1219.0250244140625,2743232
2015-11-16,919.375732421875,1187.300048828125,1195.0,1178.0,1195.0,2043528
2015-11-17,925.5513305664062,1195.2750244140625,1199.2249755859375,1187.5,1190.25,1985028
2015-11-18,910.4127197265625,1175.7249755859375,1194.449951171875,1173.0,1194.449951171875,1520352
2015-11-19,914.7103881835938,1181.2750244140625,1190.800048828125,1176.0,1182.675048828125,1866906
2015-11-20,928.5709228515625,1199.175048828125,1211.7750244140625,1180.9749755859375,1183.25,2012126
2015-11-23,925.7448120117188,1195.5250244140625,1206.699951171875,1191.125,1202.6500244140625,1088082
2015-11-24,916.8011474609375,1183.9749755859375,1196.2249755859375,1182.75,1190.0250244140625,998640
2015-11-26,908.1286010742188,1172.7750244140625,1191.199951171875,1168.925048828125,1188.949951171875,2915292
2015-11-27,911.148681640625,1176.675048828125,1179.7249755859375,1166.25,1174.0,1737206
2015-11-30,918.968994140625,1186.7750244140625,1195.625,1175.074951171875,1182.5,4100048
2015-12-01,914.4588012695312,1180.949951171875,1189.0250244140625,1178.5250244140625,1181.449951171875,1721994
2015-12-02,915.736328125,1182.5999755859375,1189.050048828125,1173.25,1189.0,1640296
2015-12-03,910.1416015625,1175.375,1186.5,1173.5,1180.0,2283358
2015-12-04,901.4884643554688,1164.199951171875,1173.6500244140625,1160.550048828125,1170.0,1246092
2015-12-07,898.15869140625,1159.9000244140625,1171.949951171875,1157.625,1166.0999755859375,1382604
2015-12-08,901.7207641601562,1164.5,1174.5,1158.6500244140625,1159.699951171875,1139964
2015-12-09,916.6846313476562,1183.824951171875,1186.4000244140625,1160.0,1168.949951171875,5282806
2015-12-10,923.2283935546875,1192.2750244140625,1195.5999755859375,1176.0,1184.5,1723988
2015-12-11,923.7894897460938,1193.0,1195.9749755859375,1181.625,1191.5,1652378
2015-12-14,920.8665161132812,1189.2249755859375,1193.5,1165.300048828125,1167.5999755859375,2718532
2015-12-15,919.8599243164062,1187.925048828125,1192.5,1181.5250244140625,1189.2249755859375,1135868
2015-12-16,932.4619750976562,1204.199951171875,1207.25,1192.0,1192.0,1435934
2015-12-17,944.5999755859375,1219.875,1222.5,1196.675048828125,1207.5,1618844
2015-12-18,935.714111328125,1208.4000244140625,1217.0999755859375,1200.324951171875,1210.0,3024970
2015-12-21,947.1744995117188,1223.199951171875,1225.0,1203.425048828125,1209.9749755859375,1610104
2015-12-22,931.1651611328125,1202.5250244140625,1220.0,1200.0,1220.0,1560858
2015-12-23,939.1989135742188,1212.9000244140625,1217.5,1205.2750244140625,1207.5,849834
2015-12-24,942.4705810546875,1217.125,1219.0999755859375,1202.0,1210.5,843160
2015-12-28,953.4855346679688,1231.3499755859375,1233.199951171875,1210.0999755859375,1214.0,3704198
2015-12-29,950.8141479492188,1227.9000244140625,1232.6500244140625,1222.875,1229.175048828125,1708524
2015-12-30,936.294921875,1209.1500244140625,1229.5,1206.1500244140625,1226.5250244140625,1605762
2015-12-31,943.4773559570312,1218.425048828125,1224.25,1203.75,1207.875,1240318
2016-01-01,935.5594482421875,1208.199951171875,1219.5,1206.125,1219.5,712262
2016-01-04,917.4397583007812,1184.800048828125,1207.0,1183.0250244140625,1205.074951171875,1870184
2016-01-05,909.4445190429688,1174.4749755859375,1193.300048828125,1170.5,1192.5,2678020
2016-01-06,922.0858154296875,1190.800048828125,1193.074951171875,1175.0999755859375,1175.0999755859375,2653228
2016-01-07,918.0789794921875,1185.625,1191.449951171875,1180.0,1185.0,3199580
2016-01-08,928.28076171875,1198.800048828125,1203.675048828125,1186.25,1192.5,1907544
2016-01-11,914.6326904296875,1181.175048828125,1192.0,1174.425048828125,1191.25,2930228
2016-01-12,900.9657592773438,1163.5250244140625,1182.5,1150.800048828125,1181.3499755859375,3482594
2016-01-13,882.4398803710938,1139.5999755859375,1163.5,1127.550048828125,1158.5,4746092
2016-01-14,882.28466796875,1139.4000244140625,1149.449951171875,1125.0,1136.5,2742052
2016-01-15,875.4319458007812,1130.550048828125,1145.8499755859375,1127.5,1144.425048828125,3269408
2016-01-18,881.8396606445312,1138.824951171875,1145.949951171875,1130.0,1131.0,2213922
2016-01-19,882.4784545898438,1139.6500244140625,1150.0,1134.1500244140625,1138.5,967910
2016-01-20,882.788330078125,1140.050048828125,1142.5,1121.5,1136.9000244140625,1615954
2016-01-21,874.9873046875,1127.25,1144.949951171875,1122.875,1142.5,2675536
2016-01-22,890.99658203125,1147.875,1151.0250244140625,1130.0,1136.5,1343178
2016-01-25,894.450927734375,1152.324951171875,1169.5,1145.75,1150.949951171875,1397560
2016-01-27,900.3110961914062,1159.875,1164.9749755859375,1140.949951171875,1151.0,1626986
2016-01-28,904.7549438476562,1165.5999755859375,1174.449951171875,1154.0250244140625,1157.75,3106660
2016-01-29,928.0805053710938,1195.6500244140625,1200.0,1167.5250244140625,1179.3499755859375,2235744
2016-02-01,932.5045166015625,1201.3499755859375,1206.4749755859375,1179.5,1195.550048828125,1495274
2016-02-02,930.7193603515625,1199.050048828125,1216.5,1189.8499755859375,1204.5,1475588
2016-02-03,937.7828369140625,1208.1500244140625,1214.949951171875,1180.1500244140625,1193.75,1308692
2016-02-04,939.2383422851562,1210.0250244140625,1220.0,1201.0,1210.949951171875,1250046
2016-02-05,939.9757080078125,1210.9749755859375,1219.9749755859375,1204.050048828125,1204.050048828125,1402996
2016-02-08,917.0773315429688,1181.4749755859375,1206.0250244140625,1173.5,1200.0,1063658
2016-02-09,885.4276123046875,1140.699951171875,1166.800048828125,1127.800048828125,1166.800048828125,2489610
2016-02-10,880.5372924804688,1134.4000244140625,1144.949951171875,1129.050048828125,1137.5,1890732
2016-02-11,853.03955078125,1098.9749755859375,1144.5,1085.824951171875,1140.0,1962408
2016-02-12,864.1588745117188,1113.300048828125,1121.699951171875,1082.0,1100.0,2172568
2016-02-15,880.672607421875,1134.574951171875,1153.425048828125,1120.0,1125.0,2479712
2016-02-16,879.2756958007812,1132.7750244140625,1141.0,1121.5,1133.0,1588702
2016-02-17,883.1571044921875,1137.7750244140625,1139.824951171875,1123.199951171875,1132.5,1585178
2016-02-18,898.7974853515625,1157.925048828125,1159.875,1139.0,1142.5,1529140
2016-02-19,900.2720336914062,1159.824951171875,1163.5,1152.7249755859375,1153.675048828125,879012
2016-02-22,898.817138671875,1157.949951171875,1171.5,1152.5,1160.125,1324884
2016-02-23,878.6742553710938,1132.0,1159.949951171875,1128.375,1155.125,1306852
2016-02-24,858.0849609375,1105.4749755859375,1131.2249755859375,1100.5999755859375,1131.2249755859375,1659328
2016-02-25,858.822509765625,1106.425048828125,1114.0,1092.824951171875,1109.9000244140625,1830556
2016-02-26,857.9104614257812,1105.25,1128.449951171875,1099.800048828125,1114.8499755859375,1537536
2016-02-29,844.8311767578125,1088.4000244140625,1118.5,1057.5,1118.5,2191718
2016-03-01,883.5839233398438,1138.324951171875,1142.550048828125,1081.0,1096.5,1999760
2016-03-02,899.9619750976562,1159.425048828125,1165.0,1128.125,1152.5,1527486
2016-03-03,921.0360717773438,1186.574951171875,1195.5,1150.5,1168.0,2648284
2016-03-04,914.9814453125,1178.7750244140625,1190.0,1174.7750244140625,1190.0,1512966
2016-03-08,913.7203369140625,1177.1500244140625,1183.5,1152.0999755859375,1171.050048828125,1268152
2016-03-09,914.865234375,1178.625,1184.699951171875,1147.574951171875,1170.5,2017784
2016-03-10,911.3914794921875,1174.1500244140625,1179.925048828125,1157.4749755859375,1178.0250244140625,1661666
2016-03-11,917.969970703125,1182.625,1195.425048828125,1167.5,1170.0,1530528
2016-03-14,913.9920043945312,1177.5,1199.0,1170.0,1181.0,1636742
2016-03-15,904.25048828125,1164.949951171875,1181.75,1160.050048828125,1174.5250244140625,1623356
2016-03-16,903.1444091796875,1163.5250244140625,1166.0,1153.449951171875,1157.5,1918246
2016-03-17,912.8471069335938,1176.0250244140625,1180.9000244140625,1166.0,1167.0,2221088
2016-03-18,941.489501953125,1212.925048828125,1215.0,1180.0,1180.0,3204070
2016-03-21,949.4069213867188,1223.125,1227.4749755859375,1210.0,1213.0,2336982
2016-03-22,959.8274536132812,1236.550048828125,1242.5,1218.25,1221.0,1951984
2016-03-23,960.098876953125,1236.9000244140625,1243.949951171875,1228.6500244140625,1243.949951171875,2278434
2016-03-28,959.9437866210938,1236.699951171875,1258.574951171875,1230.7750244140625,1245.5,3320882
2016-03-29,958.3914184570312,1234.699951171875,1243.4749755859375,1227.5,1239.0,1838796
2016-03-30,966.1923828125,1244.75,1252.5,1230.0,1235.449951171875,2136504
2016-03-31,978.14599609375,1260.1500244140625,1275.0,1236.074951171875,1239.1500244140625,4363964
2016-04-01,952.3756103515625,1226.949951171875,1260.425048828125,1217.050048828125,1252.5,3041400
2016-04-04,959.109375,1235.625,1244.0,1223.5,1228.0,1752352
2016-04-05,955.8106079101562,1231.375,1242.449951171875,1221.0250244140625,1235.4000244140625,1491794
2016-04-06,963.2424926757812,1240.949951171875,1244.5,1229.675048828125,1235.0,1763150
2016-04-07,958.9347534179688,1235.4000244140625,1242.3499755859375,1228.5,1240.0,2390942
2016-04-08,943.8953857421875,1216.0250244140625,1236.8499755859375,1213.5,1233.0,1399500
2016-04-11,972.8480224609375,1253.324951171875,1258.5,1206.5,1216.5,2400648
2016-04-12,977.3115234375,1259.074951171875,1262.5,1244.050048828125,1249.0,1303628
2016-04-13,980.435546875,1263.0999755859375,1272.5,1256.25,1265.0,1601468
2016-04-18,977.9323120117188,1259.875,1276.75,1220.0,1226.5,7121504
2016-04-20,950.9979248046875,1225.175048828125,1267.449951171875,1220.0,1267.449951171875,6405024
2016-04-21,940.9263916015625,1212.199951171875,1233.699951171875,1206.0999755859375,1225.5,2525724
2016-04-22,938.07421875,1208.5250244140625,1217.699951171875,1202.0999755859375,1209.5,1964126
2016-04-25,951.3472900390625,1225.625,1228.5250244140625,1201.1500244140625,1201.1500244140625,2267654
2016-04-26,966.3087158203125,1244.9000244140625,1246.75,1221.0,1224.5,2554368
2016-04-27,974.5751342773438,1255.550048828125,1257.300048828125,1237.949951171875,1240.0,1848670
2016-04-28,981.03759765625,1263.875,1270.0,1249.050048828125,1250.6500244140625,4992744
2016-04-29,984.0450439453125,1267.75,1271.0,1255.0,1258.5,2372178
2016-05-02,980.6300659179688,1263.3499755859375,1265.0,1250.0,1264.5,1116692
2016-05-03,961.7681274414062,1239.050048828125,1265.0,1236.0,1262.5,2153118
2016-05-04,961.7288818359375,1239.0,1247.0250244140625,1228.5,1236.949951171875,1364892
2016-05-05,958.7406616210938,1235.1500244140625,1244.9749755859375,1231.7750244140625,1239.0,1246566
2016-05-06,959.9437866210938,1236.699951171875,1242.1500244140625,1215.5,1232.5,885598
2016-05-09,975.1380004882812,1256.2750244140625,1259.0,1228.199951171875,1236.699951171875,1821276
2016-05-10,979.1551513671875,1261.449951171875,1266.9749755859375,1248.0,1257.5,1158534
2016-05-11,977.3700561523438,1259.1500244140625,1262.800048828125,1245.0,1250.0,1598716
2016-05-12,995.9598999023438,1283.0999755859375,1284.949951171875,1260.2750244140625,1260.2750244140625,1513082
2016-05-13,979.3494873046875,1261.699951171875,1283.0,1255.074951171875,1282.5,1621730
2016-05-16,990.1193237304688,1275.574951171875,1282.4000244140625,1261.25,1269.0,1111526
2016-05-17,997.512451171875,1285.0999755859375,1295.625,1276.0,1282.0999755859375,1756698
2016-05-18,990.0995483398438,1275.550048828125,1282.925048828125,1263.0250244140625,1282.925048828125,1500740
2016-05-19,992.3697509765625,1278.4749755859375,1280.0,1263.050048828125,1277.5,1038792
2016-05-20,981.6390991210938,1264.6500244140625,1282.9000244140625,1261.4000244140625,1271.1500244140625,1230918
2016-05-23,966.9493408203125,1245.7249755859375,1272.949951171875,1240.0999755859375,1272.0,1533016
2016-05-24,957.7318115234375,1233.8499755859375,1244.125,1229.800048828125,1242.0,1339158
2016-05-25,980.532958984375,1263.2249755859375,1266.4749755859375,1240.5,1240.5,1548678
2016-05-26,989.168212890625,1274.3499755859375,1282.449951171875,1252.550048828125,1265.0,1943248
2016-05-27,998.4632568359375,1286.324951171875,1289.925048828125,1275.300048828125,1276.574951171875,1104676
2016-05-30,1023.2054443359375,1318.199951171875,1320.9749755859375,1291.0,1291.5,1349464
2016-05-31,997.2021484375,1284.699951171875,1323.5,1281.0,1320.0,3722608
2016-06-01,1022.0992431640625,1316.7750244140625,1322.5,1285.5,1285.5999755859375,1911942
2016-06-02,1028.5416259765625,1325.074951171875,1327.1500244140625,1300.0,1300.0,1408756
2016-06-03,1020.5465698242188,1314.7750244140625,1329.0,1310.25,1325.699951171875,1554922
2016-06-06,1024.4481201171875,1306.25,1319.5,1301.5999755859375,1310.25,1322026
2016-06-07,1031.7618408203125,1315.574951171875,1319.5,1306.5,1307.0,1202194
2016-06-08,1024.6842041015625,1306.550048828125,1314.2750244140625,1302.75,1308.625,938266
2016-06-09,1010.6254272460938,1288.625,1311.199951171875,1277.5999755859375,1311.199951171875,1562138
2016-06-10,1002.1946411132812,1277.875,1301.625,1276.5999755859375,1283.0,1396832
2016-06-13,998.763916015625,1273.5,1276.675048828125,1259.0,1270.0,1029978
2016-06-14,993.9992065429688,1267.425048828125,1279.4749755859375,1259.125,1279.4749755859375,977570
2016-06-15,1002.6262817382812,1278.425048828125,1282.449951171875,1261.0,1265.0,1270844
2016-06-16,1003.19482421875,1279.1500244140625,1282.3499755859375,1258.2249755859375,1272.7750244140625,1145070
2016-06-17,1020.5665283203125,1301.300048828125,1305.0,1279.5,1279.5,1878988
2016-06-20,1042.8004150390625,1329.6500244140625,1334.0,1295.9000244140625,1301.300048828125,1872838
2016-06-21,1039.6241455078125,1325.5999755859375,1332.5,1320.699951171875,1331.75,1027690
2016-06-22,1046.074462890625,1333.824951171875,1338.8499755859375,1315.875,1325.0,1761712
2016-06-23,1037.3302001953125,1322.675048828125,1329.75,1312.6500244140625,1327.5,1397014
2016-06-24,1009.3316650390625,1286.9749755859375,1296.5999755859375,1257.074951171875,1282.574951171875,3766586
2016-06-27,978.7060546875,1247.925048828125,1273.5,1241.324951171875,1273.5,4272566
2016-06-28,966.197265625,1231.9749755859375,1251.449951171875,1229.199951171875,1247.925048828125,4499524
2016-06-29,981.4705200195312,1251.449951171875,1256.25,1232.6500244140625,1237.5,2531264
2016-06-30,1001.1559448242188,1276.550048828125,1281.449951171875,1250.175048828125,1261.0,5121812
2016-07-01,980.6669311523438,1250.425048828125,1282.300048828125,1247.175048828125,1281.0,2197296
2016-07-04,978.05908203125,1247.0999755859375,1262.925048828125,1241.0,1258.0,1883484
2016-07-05,974.5693969726562,1242.6500244140625,1248.5250244140625,1238.574951171875,1247.0999755859375,1559748
2016-07-07,952.8060302734375,1214.9000244140625,1245.925048828125,1212.5,1243.8499755859375,3316800
2016-07-08,951.5510864257812,1213.300048828125,1221.0250244140625,1201.75,1217.5,2456356
2016-07-11,966.2753295898438,1232.074951171875,1235.9000244140625,1213.5,1215.0,1543632
2016-07-12,966.5891723632812,1232.4749755859375,1237.5,1217.925048828125,1235.8499755859375,1465536
2016-07-13,977.6276245117188,1246.550048828125,1249.625,1225.625,1239.0,2102300
2016-07-14,988.9210205078125,1260.949951171875,1264.5,1235.5,1243.0,2699988
2016-07-15,958.9035034179688,1222.675048828125,1263.9000244140625,1213.2750244140625,1258.5,8336366
2016-07-18,954.2372436523438,1216.7249755859375,1234.5,1215.300048828125,1223.5,2598850
2016-07-19,967.0791015625,1233.0999755859375,1236.4000244140625,1213.75,1213.75,2362896
2016-07-20,978.35302734375,1247.4749755859375,1251.25,1224.074951171875,1225.0,2815252
2016-07-21,982.7056884765625,1253.0250244140625,1259.75,1232.2249755859375,1244.75,2527148
2016-07-22,986.2549438476562,1257.550048828125,1262.0,1246.0,1249.449951171875,1517216
2016-07-25,1006.0494995117188,1279.4749755859375,1281.5999755859375,1252.9000244140625,1256.0,1688796
2016-07-26,1003.5531616210938,1276.300048828125,1284.0,1266.5,1279.4749755859375,2311290
2016-07-27,1013.362548828125,1288.7750244140625,1290.199951171875,1272.5,1277.5,1750510
2016-07-28,1029.7564697265625,1309.625,1314.7750244140625,1288.5250244140625,1290.25,4632080
2016-07-29,1029.7760009765625,1309.6500244140625,1317.449951171875,1299.5,1307.0,2488084
2016-08-01,1064.7469482421875,1354.125,1362.5,1316.0,1316.0,3961704
2016-08-02,1061.1885986328125,1349.5999755859375,1357.8499755859375,1344.9000244140625,1351.449951171875,2578162
2016-08-03,1044.322509765625,1328.1500244140625,1349.5,1324.5250244140625,1343.0,2294702
2016-08-04,1042.632080078125,1326.0,1341.4749755859375,1318.125,1335.0,1415416
2016-08-05,1041.492431640625,1324.550048828125,1342.1500244140625,1316.0,1336.949951171875,1868484
2016-08-08,1041.6492919921875,1324.75,1334.0,1314.5250244140625,1320.0,2058244
2016-08-09,1041.92431640625,1325.0999755859375,1329.9000244140625,1289.425048828125,1329.0,2261914
2016-08-10,1051.8321533203125,1337.699951171875,1341.0,1324.0,1325.5,2062078
2016-08-11,1065.39599609375,1354.949951171875,1357.5,1332.7750244140625,1332.7750244140625,2233138
2016-08-12,1076.619873046875,1369.2249755859375,1372.4000244140625,1351.0250244140625,1352.5,2327358
2016-08-16,1058.2403564453125,1345.8499755859375,1370.0,1336.925048828125,1369.0,3183754
2016-08-17,1031.840576171875,1312.2750244140625,1349.5,1309.0,1349.5,1848566
2016-08-18,1037.34423828125,1319.2750244140625,1328.7750244140625,1315.050048828125,1317.5,1292064
2016-08-19,1023.5645751953125,1301.75,1323.2249755859375,1300.0,1320.0,2416244
2016-08-22,1002.019775390625,1274.3499755859375,1297.2249755859375,1268.1500244140625,1294.0,2265274
2016-08-23,1022.601318359375,1300.5250244140625,1302.4749755859375,1270.0999755859375,1272.4749755859375,1503374
2016-08-24,1011.2001953125,1286.0250244140625,1301.0,1284.5250244140625,1294.9000244140625,1116878
2016-08-25,1002.9437866210938,1275.5250244140625,1294.8499755859375,1263.0,1290.0,1939690
2016-08-26,992.6827392578125,1262.4749755859375,1286.2750244140625,1258.5999755859375,1279.9000244140625,1250314
2016-08-29,983.0899658203125,1250.2750244140625,1267.4749755859375,1233.375,1267.4749755859375,1488728
2016-08-30,1000.2308959960938,1272.074951171875,1274.9000244140625,1250.625,1255.0,1444026
2016-08-31,987.3160400390625,1255.6500244140625,1275.0,1250.425048828125,1275.0,3231668
2016-09-01,985.8223876953125,1253.75,1267.4749755859375,1243.5250244140625,1262.449951171875,1345736
2016-09-02,988.692138671875,1257.4000244140625,1259.699951171875,1248.0250244140625,1256.0,1742330
2016-09-06,976.6026000976562,1242.0250244140625,1260.074951171875,1240.0,1259.949951171875,2239066
2016-09-07,959.5010375976562,1220.2750244140625,1249.8499755859375,1211.5,1249.8499755859375,3854040
2016-09-08,912.9323120117188,1161.050048828125,1180.0,1142.375,1180.0,7021516
2016-09-09,924.8641967773438,1176.2249755859375,1183.324951171875,1160.0250244140625,1164.8499755859375,2742438
2016-09-12,927.4591674804688,1179.5250244140625,1181.9749755859375,1162.0,1168.5,2024454
2016-09-14,915.4283447265625,1164.2249755859375,1188.800048828125,1155.0,1181.0,2069858
2016-09-15,914.8390502929688,1163.4749755859375,1171.050048828125,1158.375,1169.9749755859375,2818964
2016-09-16,928.5009765625,1180.8499755859375,1188.0,1160.0,1168.3499755859375,4358004
2016-09-19,948.0601806640625,1205.7249755859375,1213.5,1175.0,1182.5,2802546
2016-09-20,946.1141357421875,1203.25,1208.449951171875,1192.699951171875,1205.5,1184552
2016-09-21,948.82666015625,1206.699951171875,1212.0,1200.3499755859375,1203.8499755859375,1678020
2016-09-22,934.9093627929688,1189.0,1214.0,1185.550048828125,1212.625,2857574
2016-09-23,942.8117065429688,1199.050048828125,1201.925048828125,1185.574951171875,1191.0,1800726
2016-09-26,943.9911499023438,1200.550048828125,1209.550048828125,1197.5,1200.550048828125,1753476
2016-09-27,957.7514038085938,1218.050048828125,1224.0,1200.550048828125,1200.550048828125,2038792
2016-09-28,952.6204223632812,1211.5250244140625,1218.75,1207.5999755859375,1215.5,1731328
2016-09-29,958.4197998046875,1218.9000244140625,1228.25,1209.800048828125,1217.5,3603958
2016-09-30,955.6678466796875,1215.4000244140625,1224.9000244140625,1211.550048828125,1218.5250244140625,2175364
2016-10-03,948.158203125,1205.8499755859375,1228.824951171875,1200.550048828125,1225.0,1818880
2016-10-04,945.5833129882812,1202.574951171875,1212.5250244140625,1199.0,1210.0,1780718
2016-10-05,938.1922607421875,1193.175048828125,1207.699951171875,1188.050048828125,1204.0,1176354
2016-10-06,939.1356811523438,1194.375,1201.199951171875,1186.375,1197.5,2267572
2016-10-07,930.8990478515625,1183.9000244140625,1194.0,1179.0999755859375,1194.0,1816512
2016-10-10,935.8136596679688,1190.1500244140625,1193.449951171875,1177.5250244140625,1184.949951171875,1202142
2016-10-13,915.6056518554688,1164.449951171875,1184.949951171875,1160.449951171875,1181.6500244140625,5173334
2016-10-14,930.2702026367188,1183.0999755859375,1193.5,1145.5,1157.5,7741214
2016-10-17,928.7958374023438,1181.2249755859375,1187.9000244140625,1172.199951171875,1184.449951171875,2728346
2016-10-18,943.6370239257812,1200.0999755859375,1207.8499755859375,1177.4000244140625,1188.0,2128632
2016-10-19,941.6322631835938,1197.550048828125,1205.0,1185.1500244140625,1200.5,1985058
2016-10-20,944.0106811523438,1200.574951171875,1204.675048828125,1193.0,1198.449951171875,1265854
2016-10-21,954.8223876953125,1214.324951171875,1215.949951171875,1199.125,1200.0,1259660
2016-10-24,957.0099487304688,1213.8499755859375,1217.449951171875,1201.2750244140625,1214.0999755859375,1253190
2016-10-25,945.4797973632812,1199.2249755859375,1207.300048828125,1190.5,1202.5,1772466
2016-10-26,944.6123657226562,1198.125,1201.375,1186.25,1199.300048828125,1437130
2016-10-27,953.2257690429688,1209.050048828125,1214.75,1182.75,1189.8499755859375,2941602
2016-10-28,945.5780029296875,1199.3499755859375,1207.550048828125,1194.0,1205.0,1752102
2016-11-01,926.3804321289062,1175.0,1199.8499755859375,1167.074951171875,1199.8499755859375,2934776
2016-11-02,908.266845703125,1152.0250244140625,1172.0,1147.5,1170.5,2325076
2016-11-03,914.3375244140625,1159.7249755859375,1167.5,1142.25,1147.0,1463310
2016-11-04,918.7130737304688,1165.2750244140625,1168.074951171875,1147.0,1160.0,1183752
2016-11-07,897.6234130859375,1138.5250244140625,1172.449951171875,1130.0250244140625,1168.949951171875,2048052
2016-11-08,900.047607421875,1141.5999755859375,1153.5,1130.0,1140.2249755859375,1933634
2016-11-09,855.3646850585938,1084.925048828125,1137.5,1071.425048828125,1090.0,4500226
2016-11-10,849.68798828125,1077.7249755859375,1108.75,1070.4000244140625,1102.4000244140625,2172426
2016-11-11,828.28271484375,1050.574951171875,1073.5250244140625,1043.0999755859375,1073.5250244140625,2398424
2016-11-15,836.2259521484375,1060.6500244140625,1078.7750244140625,1025.949951171875,1058.449951171875,6290324
2016-11-16,863.1500244140625,1094.800048828125,1104.449951171875,1069.0,1072.550048828125,4019958
2016-11-17,842.4935913085938,1068.5999755859375,1104.300048828125,1065.074951171875,1092.5,2504688
2016-11-18,837.7240600585938,1062.550048828125,1075.0,1052.0999755859375,1071.0,2140534
2016-11-21,840.798583984375,1066.449951171875,1070.0,1052.5,1063.0999755859375,1793366
2016-11-22,841.6266479492188,1067.5,1088.7249755859375,1061.0250244140625,1066.0,1318860
2016-11-23,850.0429077148438,1078.175048828125,1081.4749755859375,1063.5999755859375,1074.5,1275808
2016-11-24,862.69677734375,1094.2249755859375,1103.800048828125,1068.5,1077.449951171875,3026234
2016-11-25,906.808349609375,1150.175048828125,1153.625,1096.0999755859375,1106.0,4276148
2016-11-28,899.8114624023438,1141.300048828125,1159.7249755859375,1125.949951171875,1147.0,1924296
2016-11-29,890.8432006835938,1129.925048828125,1146.0,1126.2750244140625,1137.5,1442296
2016-11-30,897.2290649414062,1138.0250244140625,1147.375,1121.1500244140625,1132.5,3445832
2016-12-01,892.2620849609375,1131.7249755859375,1145.0,1127.0250244140625,1138.5,1123052
2016-12-02,875.8632202148438,1110.925048828125,1135.4000244140625,1102.5999755859375,1129.0,1998032
2016-12-05,861.730712890625,1093.0,1118.925048828125,1085.0,1114.5,2249526
2016-12-06,860.2921142578125,1091.175048828125,1101.9749755859375,1084.949951171875,1095.0,1593444
2016-12-07,849.3330688476562,1077.2750244140625,1092.2249755859375,1072.824951171875,1091.0999755859375,2065706
2016-12-08,865.5743408203125,1097.875,1099.5,1080.0,1080.25,3239546
2016-12-09,865.37744140625,1097.625,1109.949951171875,1086.6500244140625,1102.5,1588718
2016-12-12,870.482421875,1104.0999755859375,1108.800048828125,1081.5,1097.4000244140625,1311758
2016-12-13,867.3681030273438,1100.1500244140625,1109.0,1091.5,1109.0,2147534
2016-12-14,870.2457885742188,1103.800048828125,1112.3499755859375,1094.5,1107.0,1870366
2016-12-15,890.6261596679688,1129.6500244140625,1136.050048828125,1101.0,1101.0,4295410
2016-12-16,899.8305053710938,1141.324951171875,1145.0,1126.0,1138.5,1987230
2016-12-19,902.2945556640625,1144.449951171875,1148.8499755859375,1130.6500244140625,1140.0,1334210
2016-12-20,922.1624755859375,1169.6500244140625,1172.5,1143.5250244140625,1146.0,2922760
2016-12-21,912.0316162109375,1156.800048828125,1171.9000244140625,1152.800048828125,1171.9000244140625,2034902
2016-12-22,909.7058715820312,1153.8499755859375,1162.5,1143.0999755859375,1153.0,1868300
2016-12-23,901.9794921875,1144.050048828125,1158.875,1139.4000244140625,1150.0,1118954
2016-12-26,903.9505004882812,1146.550048828125,1150.800048828125,1133.0,1133.0,897408
2016-12-27,915.89453125,1161.699951171875,1165.0,1140.75,1140.75,1294692
2016-12-28,911.9524536132812,1156.699951171875,1174.949951171875,1151.574951171875,1163.3499755859375,1350418
2016-12-29,927.0504760742188,1175.8499755859375,1179.949951171875,1151.5,1151.5,1963516
2016-12-30,932.5103759765625,1182.7750244140625,1189.300048828125,1172.824951171875,1177.449951171875,1405748
2017-01-02,930.8546752929688,1180.675048828125,1187.550048828125,1176.199951171875,1183.300048828125,823132
2017-01-03,933.5746459960938,1184.125,1185.8499755859375,1171.6500244140625,1180.625,1475324
2017-01-04,938.0093383789062,1189.75,1194.425048828125,1179.1500244140625,1184.8499755859375,1420066
2017-01-05,920.2306518554688,1167.199951171875,1194.9749755859375,1160.199951171875,1192.0,2216404
2017-01-06,899.3380737304688,1140.699951171875,1164.675048828125,1128.550048828125,1160.5,3009896
2017-01-09,908.1290283203125,1151.8499755859375,1155.6500244140625,1128.5,1137.5,1854578
2017-01-10,912.72119140625,1157.675048828125,1164.9000244140625,1145.75,1152.0,1533914
2017-01-11,916.2886352539062,1162.199951171875,1164.800048828125,1140.0999755859375,1157.5,1931296
2017-01-12,924.153564453125,1172.175048828125,1180.0,1152.0,1162.199951171875,2570374
2017-01-13,886.6839599609375,1124.6500244140625,1178.9749755859375,1118.925048828125,1174.0,10235580
2017-01-16,890.3304443359375,1129.2750244140625,1136.949951171875,1114.0,1125.0,3364808
2017-01-17,898.29345703125,1139.375,1143.9000244140625,1126.4000244140625,1127.449951171875,3009956
2017-01-18,904.7388916015625,1147.550048828125,1149.0,1132.7249755859375,1139.0,3136574
2017-01-19,903.1224975585938,1145.5,1147.574951171875,1141.4749755859375,1147.5,2251676
2017-01-20,900.8950805664062,1142.675048828125,1150.0,1132.5,1143.5,2037246
2017-01-23,911.9049682617188,1153.3499755859375,1156.75,1129.9000244140625,1132.5,2318546
2017-01-24,916.5107421875,1159.175048828125,1161.5,1145.0,1152.0,2282638
2017-01-25,930.2091674804688,1176.5,1180.0,1159.0250244140625,1161.300048828125,4111648
2017-01-27,932.106201171875,1178.9000244140625,1189.375,1172.5250244140625,1172.5250244140625,2871658
2017-01-30,922.2628784179688,1166.449951171875,1175.9749755859375,1159.074951171875,1170.5,2577956
2017-01-31,881.5044555664062,1114.9000244140625,1166.0250244140625,1100.0250244140625,1160.0,4666804
2017-02-01,857.0335083007812,1083.949951171875,1119.9749755859375,1077.7750244140625,1110.0,4864152
2017-02-02,872.7476806640625,1103.824951171875,1109.5,1076.5,1085.0250244140625,6009482
2017-02-03,882.591552734375,1116.2750244140625,1121.5,1095.5,1104.8499755859375,2153372
2017-02-06,885.8330688476562,1120.375,1129.25,1107.4749755859375,1129.0,2408910
2017-02-07,887.3551025390625,1122.300048828125,1126.300048828125,1113.0,1122.0,1814638
2017-02-08,897.7720947265625,1135.4749755859375,1141.300048828125,1122.0250244140625,1122.449951171875,2212584
2017-02-09,916.095458984375,1158.6500244140625,1164.0,1135.0999755859375,1137.5,4033202
2017-02-10,947.9788208007812,1198.9749755859375,1212.2249755859375,1155.5,1155.5,5782160
2017-02-13,954.4227294921875,1207.125,1214.5,1191.175048828125,1198.0,3819812
2017-02-14,951.2601318359375,1203.125,1209.824951171875,1199.0,1209.824951171875,2033328
2017-02-15,954.205322265625,1206.8499755859375,1214.0,1187.550048828125,1198.5,1924972
2017-02-16,967.666259765625,1223.875,1239.0,1217.800048828125,1230.0,4175680
2017-02-17,951.9124145507812,1203.949951171875,1237.800048828125,1201.0,1236.0,2723324
2017-02-20,989.191650390625,1251.0999755859375,1277.5,1204.050048828125,1212.5,3973948
2017-02-21,974.6240234375,1232.675048828125,1262.949951171875,1227.574951171875,1257.0,5501112
2017-02-22,953.3353881835938,1205.75,1235.0,1200.074951171875,1232.949951171875,4505496
2017-02-23,981.1270751953125,1240.9000244140625,1246.625,1207.5,1207.5,4853352
2017-02-27,984.3095092773438,1244.925048828125,1251.0,1235.0250244140625,1239.550048828125,2139892
2017-02-28,974.97998046875,1233.125,1245.0,1225.0,1244.75,2354828
2017-03-01,980.2379760742188,1239.7750244140625,1250.949951171875,1235.0,1239.949951171875,1130374
2017-03-02,988.8953857421875,1250.7249755859375,1255.0,1235.0250244140625,1243.3499755859375,1544942
2017-03-03,985.9698486328125,1247.0250244140625,1249.8499755859375,1237.699951171875,1246.0,1013970
2017-03-06,977.4505004882812,1236.25,1242.0,1227.2750244140625,1240.0,1400694
2017-03-07,988.2431640625,1249.9000244140625,1252.5,1237.5250244140625,1241.449951171875,1511672
2017-03-08,993.1451416015625,1256.0999755859375,1260.0,1246.0999755859375,1251.0,1791510
2017-03-09,996.1298217773438,1259.875,1262.0,1252.0250244140625,1257.074951171875,858468
2017-03-10,1005.0245971679688,1271.125,1274.7750244140625,1256.9749755859375,1259.800048828125,1171420
2017-03-14,1015.0066528320312,1283.75,1293.574951171875,1275.5250244140625,1278.4000244140625,3402294
2017-03-15,987.6499633789062,1249.1500244140625,1286.074951171875,1246.925048828125,1286.0,3022496
2017-03-16,996.5848388671875,1260.449951171875,1263.5,1253.0,1253.0,1571818
2017-03-17,998.5020751953125,1262.875,1273.0,1254.875,1273.0,2593152
2017-03-20,980.4157104492188,1240.0,1262.9749755859375,1233.0,1262.9749755859375,3487540
2017-03-21,983.0640258789062,1243.3499755859375,1246.0,1232.5,1241.0,3373700
2017-03-22,980.0005493164062,1239.4749755859375,1248.0,1234.9749755859375,1240.074951171875,1888716
2017-03-23,972.6476440429688,1230.175048828125,1242.5250244140625,1223.5999755859375,1241.0,2620638
2017-03-24,959.5421142578125,1213.5999755859375,1234.9000244140625,1211.6500244140625,1234.9000244140625,5099814
2017-03-27,953.5528564453125,1206.0250244140625,1220.0,1203.0,1213.4749755859375,2181270
2017-03-28,960.6295776367188,1214.9749755859375,1221.699951171875,1205.0,1205.0,1153158
2017-03-29,966.4213256835938,1222.300048828125,1225.4000244140625,1212.800048828125,1218.0,1717764
2017-03-30,964.9979858398438,1220.5,1232.5,1217.5,1222.449951171875,2986086
2017-03-31,961.3607177734375,1215.9000244140625,1220.425048828125,1207.5,1219.199951171875,1867044
2017-04-03,953.4144287109375,1205.8499755859375,1217.5,1204.0999755859375,1217.5,1196888
2017-04-05,949.2833251953125,1200.625,1209.949951171875,1197.5,1209.949951171875,2905568
2017-04-06,948.8092041015625,1200.0250244140625,1205.0,1196.2750244140625,1200.0,1720704
2017-04-07,960.2738647460938,1214.5250244140625,1216.625,1196.074951171875,1197.449951171875,2277012
2017-04-10,957.585693359375,1211.125,1224.5,1202.5,1216.0,2543264
2017-04-11,956.4189453125,1209.6500244140625,1221.550048828125,1203.0,1208.6500244140625,1557784
2017-04-12,946.120849609375,1196.625,1214.0,1191.5,1211.25,1050538
2017-04-13,920.5823974609375,1164.324951171875,1204.5,1160.5250244140625,1200.0,2500472
2017-04-17,915.1270141601562,1157.425048828125,1166.449951171875,1147.574951171875,1165.199951171875,2270882
2017-04-18,912.7354125976562,1154.4000244140625,1167.0999755859375,1151.0250244140625,1165.0,1730620
2017-04-19,908.9203491210938,1149.574951171875,1174.3499755859375,1126.4000244140625,1131.75,5626812
2017-04-20,919.3373413085938,1162.75,1166.0,1145.4749755859375,1152.6500244140625,1268842
2017-04-21,913.5260620117188,1155.4000244140625,1167.824951171875,1150.5,1164.550048828125,1161154
2017-04-24,920.3654174804688,1164.050048828125,1169.824951171875,1141.25,1150.0,2000020
2017-04-25,913.802734375,1155.75,1172.2249755859375,1151.3499755859375,1164.0,3148710
2017-04-26,913.3477783203125,1155.175048828125,1171.9749755859375,1151.5250244140625,1170.0,2187438
2017-04-27,910.303955078125,1151.324951171875,1163.9000244140625,1138.824951171875,1153.0250244140625,5773186
2017-04-28,898.6419067382812,1136.574951171875,1149.375,1134.0,1147.0,2540510
2017-05-02,905.263427734375,1144.949951171875,1151.0,1140.0,1147.0,2382696
2017-05-03,924.0022583007812,1168.6500244140625,1172.5,1134.25,1147.5,3514406
2017-05-04,921.1558227539062,1165.050048828125,1175.0,1154.4000244140625,1174.9749755859375,2708208
2017-05-05,917.3606567382812,1160.25,1166.25,1151.25,1154.0,1682474
2017-05-08,926.0377197265625,1171.2249755859375,1173.699951171875,1158.8499755859375,1160.5,1071782
2017-05-09,930.0308227539062,1176.2750244140625,1180.5,1166.2750244140625,1171.9749755859375,1790270
2017-05-10,922.0846557617188,1166.2249755859375,1178.074951171875,1158.0,1177.5,1206388
2017-05-11,928.8056030273438,1174.7249755859375,1180.0,1161.375,1173.6500244140625,2071302
2017-05-12,933.2329711914062,1180.324951171875,1184.949951171875,1160.0250244140625,1171.6500244140625,2314446
2017-05-15,934.9923706054688,1182.550048828125,1188.9749755859375,1170.800048828125,1187.550048828125,1817604
2017-05-16,960.3130493164062,1214.574951171875,1217.5,1186.7249755859375,1190.0,3601026
2017-05-17,970.6708374023438,1227.675048828125,1230.375,1211.5,1216.75,2876198
2017-05-18,1002.6327514648438,1268.0999755859375,1286.0,1221.125,1225.0,5138594
2017-05-19,991.1484985351562,1253.574951171875,1270.2750244140625,1243.0,1268.0999755859375,1786044
2017-05-22,1000.7157592773438,1265.675048828125,1276.875,1255.0,1255.0,1663940
2017-05-23,996.9008178710938,1260.8499755859375,1282.074951171875,1257.0,1266.5999755859375,2748596
2017-05-24,1011.7056884765625,1279.574951171875,1285.0,1264.824951171875,1267.4000244140625,2534548
2017-05-25,1037.580322265625,1312.300048828125,1318.7750244140625,1284.0,1288.5,4094094
2017-05-26,1019.2572631835938,1289.125,1313.425048828125,1282.324951171875,1312.5,1362550
2017-05-29,1017.1220092773438,1286.425048828125,1298.25,1282.0,1289.5,1749290
2017-05-30,1008.5234985351562,1275.550048828125,1287.9749755859375,1262.5,1280.0,927634
2017-05-31,1006.7449951171875,1273.300048828125,1286.25,1264.0,1266.5,2502730
2017-06-01,1009.5118408203125,1276.800048828125,1282.0,1265.0,1265.0,1080064
2017-06-02,1013.978759765625,1282.449951171875,1295.925048828125,1276.25,1278.125,1355648
2017-06-05,1029.4168701171875,1301.9749755859375,1309.949951171875,1280.074951171875,1282.5,1500188
2017-06-06,1065.8067626953125,1348.0,1354.4749755859375,1315.0,1315.5,5946720
2017-06-07,1033.8836669921875,1307.625,1350.0,1288.2750244140625,1348.5,4927776
2017-06-08,996.8612670898438,1260.800048828125,1302.4749755859375,1257.75,1299.0,3330714
2017-06-09,991.0896606445312,1253.5,1273.699951171875,1243.0,1260.0,3148034
2017-06-12,983.2616577148438,1243.5999755859375,1256.449951171875,1235.199951171875,1248.5,1626506
2017-06-13,980.0040893554688,1225.7750244140625,1240.550048828125,1223.5,1232.5,1175414
2017-06-14,987.458984375,1235.0999755859375,1238.0,1227.5,1227.5,1489142
2017-06-15,963.8739624023438,1205.5999755859375,1234.8499755859375,1202.5,1234.5,2997198
2017-06-16,959.2770385742188,1199.8499755859375,1217.5,1193.25,1207.4749755859375,2450426
2017-06-19,972.06884765625,1215.8499755859375,1223.175048828125,1202.574951171875,1208.449951171875,1644742
2017-06-20,977.3856811523438,1222.5,1224.5,1190.1500244140625,1215.5,1670958
2017-06-21,961.915283203125,1203.1500244140625,1221.074951171875,1198.5999755859375,1220.0,1657818
2017-06-22,957.338134765625,1197.425048828125,1215.5,1192.5,1204.5,5775882
2017-06-23,944.0865478515625,1180.8499755859375,1206.9749755859375,1177.0,1199.699951171875,1424756
2017-06-27,936.5512084960938,1171.425048828125,1192.3499755859375,1165.800048828125,1175.300048828125,1974330
2017-06-28,939.4293212890625,1175.0250244140625,1179.0,1167.5,1174.949951171875,1789726
2017-06-29,932.71337890625,1166.625,1186.0250244140625,1161.550048828125,1179.5,2471826
2017-06-30,944.3462524414062,1181.175048828125,1188.5,1161.550048828125,1162.199951171875,1753848
2017-07-03,948.8438110351562,1186.800048828125,1191.5250244140625,1171.550048828125,1178.699951171875,1475956
2017-07-04,946.1456298828125,1183.425048828125,1190.2249755859375,1175.0250244140625,1186.6500244140625,1215134
2017-07-05,941.807861328125,1178.0,1182.5,1172.5,1180.4000244140625,815856
2017-07-06,938.43017578125,1173.7750244140625,1180.949951171875,1170.050048828125,1179.5,1026788
2017-07-07,932.1937255859375,1165.9749755859375,1178.2249755859375,1162.75,1175.0,1232090
2017-07-10,973.3678588867188,1217.4749755859375,1222.449951171875,1189.4749755859375,1203.0,783608
2017-07-11,989.6978149414062,1237.9000244140625,1257.4000244140625,1213.0,1213.0,3537504
2017-07-12,975.1673583984375,1219.7249755859375,1241.6500244140625,1215.050048828125,1241.25,2646450
2017-07-13,977.9450073242188,1223.199951171875,1236.0,1213.300048828125,1222.5,3131960
2017-07-14,958.377685546875,1198.7249755859375,1212.5,1187.5,1191.5,4508432
2017-07-17,957.5779418945312,1197.7249755859375,1211.050048828125,1191.0999755859375,1198.8499755859375,2211822
2017-07-18,962.73486328125,1204.175048828125,1221.5,1198.074951171875,1198.074951171875,1908002
2017-07-19,979.2244262695312,1224.800048828125,1230.0,1207.550048828125,1207.75,3915576
2017-07-20,977.2659912109375,1222.3499755859375,1228.449951171875,1215.25,1224.625,1182504
2017-07-21,995.85400390625,1245.5999755859375,1250.0,1217.2750244140625,1217.449951171875,2148416
2017-07-24,1014.4947509765625,1265.3499755859375,1270.0,1241.0,1241.0,2271402
2017-07-25,1030.8504638671875,1285.75,1290.0,1259.199951171875,1262.875,2678832
2017-07-26,1024.6370849609375,1278.0,1287.5,1273.5,1280.0,1459826
2017-07-27,994.8517456054688,1240.8499755859375,1292.4000244140625,1233.25,1271.0999755859375,4255304
2017-07-28,995.8941040039062,1242.1500244140625,1246.5250244140625,1221.0,1240.5,1382752
2017-07-31,998.9005126953125,1245.9000244140625,1259.5,1231.5,1235.5,2019662
2017-08-01,1002.8489990234375,1250.824951171875,1260.375,1245.5,1250.0,1747460
2017-08-02,991.6845092773438,1236.9000244140625,1254.0,1231.0,1250.0,1251024
2017-08-03,997.958740234375,1244.7249755859375,1251.0,1233.2249755859375,1240.0,1882548
2017-08-04,1011.3280029296875,1261.4000244140625,1264.1500244140625,1244.0,1245.4000244140625,1387890
2017-08-07,1003.5706176757812,1251.7249755859375,1260.0,1240.5999755859375,1258.25,1885520
2017-08-08,1003.4107055664062,1251.5250244140625,1264.300048828125,1248.1500244140625,1256.0,1073958
2017-08-09,1006.9981689453125,1256.0,1261.425048828125,1246.6500244140625,1250.0,992946
2017-08-10,1006.7781982421875,1255.7249755859375,1260.300048828125,1243.175048828125,1254.5,1526172
2017-08-11,1000.6044921875,1248.0250244140625,1267.5,1241.5,1249.949951171875,1394736
2017-08-14,989.921142578125,1234.699951171875,1254.949951171875,1231.5,1251.5,786504
2017-08-16,999.1212768554688,1246.175048828125,1271.9000244140625,1232.5999755859375,1242.0,1373340
2017-08-17,996.4354248046875,1242.824951171875,1252.5,1231.050048828125,1250.3499755859375,1752374
2017-08-18,1007.7200927734375,1256.9000244140625,1274.949951171875,1235.699951171875,1237.0,2837356
2017-08-21,1013.7332763671875,1264.4000244140625,1274.5,1247.1500244140625,1252.75,2304834
2017-08-22,1001.2059936523438,1248.7750244140625,1269.75,1246.0,1261.5,1131326
2017-08-23,997.958740234375,1244.7249755859375,1258.4000244140625,1236.574951171875,1252.5,1562272
2017-08-24,1000.8248291015625,1248.300048828125,1258.9749755859375,1243.074951171875,1248.8499755859375,1623908
2017-08-28,997.096923828125,1243.6500244140625,1252.699951171875,1230.5,1252.300048828125,2036796
2017-08-29,990.5023803710938,1235.425048828125,1248.0,1231.9749755859375,1241.0,1312602
2017-08-30,995.9943237304688,1242.2750244140625,1245.0,1230.050048828125,1240.5,970782
2017-08-31,1000.7241821289062,1248.175048828125,1252.199951171875,1233.324951171875,1242.5,1784664
2017-09-01,984.7297973632812,1228.2249755859375,1249.0250244140625,1218.2750244140625,1240.0,1702330
2017-09-04,984.6295776367188,1228.0999755859375,1230.5,1219.0,1226.550048828125,1062544
2017-09-05,995.914306640625,1242.175048828125,1245.0,1218.5250244140625,1230.0,1165994
2017-09-06,983.4267578125,1226.5999755859375,1237.425048828125,1225.0,1234.074951171875,1228764
2017-09-07,986.1927490234375,1230.050048828125,1234.199951171875,1225.5250244140625,1229.0,870636
2017-09-08,990.4022216796875,1235.300048828125,1237.0,1226.2750244140625,1226.875,1021134
2017-09-11,983.927978515625,1227.2249755859375,1241.4749755859375,1225.0,1235.5999755859375,732764
2017-09-12,997.5574951171875,1244.2249755859375,1248.5,1228.5,1236.949951171875,1396460
2017-09-13,997.8583374023438,1244.5999755859375,1265.824951171875,1237.5999755859375,1250.0,1278980
2017-09-14,996.9561157226562,1243.4749755859375,1248.800048828125,1235.949951171875,1241.0,1081510
2017-09-15,1004.6131591796875,1253.0250244140625,1258.5,1242.5,1249.5,2944072
2017-09-18,1001.8070068359375,1249.5250244140625,1259.4749755859375,1244.625,1252.4749755859375,726600
2017-09-19,1001.4861450195312,1249.125,1252.5,1245.75,1252.5,782754
2017-09-20,999.6022338867188,1246.7750244140625,1257.0,1237.1500244140625,1257.0,1334642
2017-09-21,1012.1696166992188,1262.449951171875,1270.5,1240.0,1245.5250244140625,2438740
2017-09-22,1003.6310424804688,1251.800048828125,1263.449951171875,1246.0,1259.949951171875,2435396
2017-09-25,1006.4973754882812,1255.375,1267.0,1246.375,1248.2750244140625,1599558
2017-09-26,992.0255737304688,1237.324951171875,1263.199951171875,1233.0,1255.0,1449230
2017-09-27,1000.1834716796875,1247.5,1256.0999755859375,1236.875,1245.0,2010356
2017-09-28,992.747314453125,1238.2249755859375,1257.0,1226.0,1247.3499755859375,4332866
2017-09-29,976.5119018554688,1217.9749755859375,1242.0,1210.75,1239.5,1985014
2017-10-03,981.522705078125,1224.2249755859375,1227.1500244140625,1213.5250244140625,1220.0,1923006
2017-10-04,979.05712890625,1221.1500244140625,1227.0,1212.5,1224.800048828125,1300778
2017-10-05,973.9661254882812,1214.800048828125,1221.7249755859375,1212.199951171875,1220.5,1684686
2017-10-06,980.8009643554688,1223.324951171875,1227.5,1214.0250244140625,1215.0,1389188
2017-10-09,983.7874145507812,1227.050048828125,1233.9749755859375,1220.5250244140625,1220.5250244140625,1773616
2017-10-10,985.8526611328125,1229.625,1234.9749755859375,1225.625,1227.5,1222010
2017-10-11,1002.3278198242188,1250.175048828125,1257.2249755859375,1228.375,1230.0,1527746
2017-10-12,1021.5101318359375,1274.0999755859375,1277.5,1253.5,1256.5,5006356
2017-10-13,1025.6788330078125,1279.300048828125,1304.4749755859375,1261.5,1274.0999755859375,4066320
2017-10-16,1036.0218505859375,1292.199951171875,1295.0,1277.5250244140625,1277.5250244140625,1218590
2017-10-17,1040.0902099609375,1297.2750244140625,1307.4749755859375,1288.7750244140625,1292.5,1443016
2017-10-18,1036.904052734375,1293.300048828125,1306.824951171875,1290.0,1297.5,1514144
2017-10-19,1035.8209228515625,1291.949951171875,1297.9000244140625,1285.5,1296.0,86822
2017-10-23,1037.4248046875,1293.949951171875,1314.5,1273.7249755859375,1292.0,1886088
2017-10-24,1033.61572265625,1289.199951171875,1310.449951171875,1284.5250244140625,1310.0,1339020
2017-10-25,1028.9937744140625,1279.949951171875,1307.0,1277.5,1289.25,1105106
2017-10-26,1020.5321655273438,1269.425048828125,1284.574951171875,1258.949951171875,1267.550048828125,3007552
2017-10-27,1038.8018798828125,1292.1500244140625,1296.574951171875,1265.1500244140625,1269.0,1409270
2017-10-30,1051.6246337890625,1308.0999755859375,1310.0,1290.8499755859375,1293.0,1137252
2017-10-31,1054.7598876953125,1312.0,1320.0,1300.6500244140625,1300.6500244140625,1592634
2017-11-01,1046.258544921875,1301.425048828125,1313.425048828125,1289.425048828125,1312.0,741882
2017-11-02,1055.6243896484375,1313.074951171875,1337.0,1303.375,1304.25,1468422
2017-11-03,1053.1920166015625,1310.050048828125,1318.3499755859375,1301.4000244140625,1316.199951171875,666886
2017-11-06,1071.4613037109375,1332.7750244140625,1335.9000244140625,1305.875,1310.0,1377000
2017-11-07,1089.34912109375,1355.0250244140625,1384.0,1333.0250244140625,1335.0,2696892
2017-11-08,1099.3782958984375,1367.5,1379.5,1359.125,1361.5,1402252
2017-11-09,1099.9407958984375,1368.199951171875,1375.0,1359.6500244140625,1375.0,1152432
2017-11-10,1088.826416015625,1354.375,1363.0,1346.675048828125,1361.0999755859375,1356566
2017-11-13,1109.00537109375,1379.4749755859375,1388.699951171875,1351.0250244140625,1351.0250244140625,1496996
2017-11-14,1091.1781005859375,1357.300048828125,1378.2750244140625,1353.75,1378.2750244140625,1657252
2017-11-15,1087.4395751953125,1352.6500244140625,1377.5,1350.675048828125,1353.0,6670834
2017-11-16,1104.06103515625,1373.324951171875,1381.5,1343.4749755859375,1355.0,1653482
2017-11-17,1088.2437744140625,1353.6500244140625,1374.050048828125,1351.800048828125,1374.050048828125,1325464
2017-11-20,1086.696044921875,1351.7249755859375,1363.449951171875,1347.6500244140625,1357.5,1014498
2017-11-21,1074.4361572265625,1336.4749755859375,1350.5,1333.0,1350.5,1527740
2017-11-22,1077.5316162109375,1340.324951171875,1354.8499755859375,1336.199951171875,1336.5,1822624
2017-11-23,1077.7724609375,1340.625,1346.5,1334.5,1340.5,793470
2017-11-24,1080.5059814453125,1344.0250244140625,1351.449951171875,1336.550048828125,1341.0,2287512
2017-11-27,1079.62158203125,1342.925048828125,1347.949951171875,1331.0999755859375,1344.0,1856786
2017-11-28,1079.400390625,1342.6500244140625,1351.199951171875,1335.0,1343.0,911716
2017-11-29,1068.48681640625,1329.074951171875,1346.5,1325.0,1338.75,1447532
2017-11-30,1059.9853515625,1318.5,1333.4749755859375,1311.5,1326.824951171875,4299962
2017-12-01,1057.1514892578125,1314.9749755859375,1334.0,1310.75,1317.5,1031144
2017-12-04,1058.116455078125,1316.175048828125,1329.25,1301.4749755859375,1311.0,1259104
2017-12-05,1059.40234375,1317.7750244140625,1325.8499755859375,1314.074951171875,1315.5,1167914
2017-12-06,1058.498046875,1316.6500244140625,1322.5,1306.425048828125,1318.0,1407518
2017-12-07,1052.0465087890625,1308.625,1322.9749755859375,1307.5,1316.1500244140625,1326300
2017-12-08,1045.7156982421875,1300.75,1322.5,1298.5,1309.0,1385548
2017-12-11,1069.6727294921875,1330.550048828125,1336.324951171875,1304.175048828125,1304.175048828125,1008002
2017-12-12,1049.9967041015625,1306.074951171875,1331.0,1303.699951171875,1330.5,1882246
2017-12-13,1056.528564453125,1314.199951171875,1325.7249755859375,1300.5,1305.699951171875,2961458
2017-12-14,1028.149658203125,1278.9000244140625,1316.0,1265.550048828125,1316.0,5504150
2017-12-15,1023.2457885742188,1272.800048828125,1292.2249755859375,1268.425048828125,1281.875,2718138
2017-12-18,1037.2747802734375,1290.25,1294.4749755859375,1247.175048828125,1268.5,2180664
2017-12-19,1035.18408203125,1287.6500244140625,1298.9000244140625,1282.3499755859375,1288.0,1801952
2017-12-20,1040.671142578125,1294.4749755859375,1296.375,1275.324951171875,1291.0,1577570
2017-12-21,1043.38427734375,1297.8499755859375,1304.0,1290.0250244140625,1293.5,1293648
2017-12-22,1063.904541015625,1323.375,1331.949951171875,1295.0999755859375,1302.0,3665664
2017-12-26,1064.9901123046875,1324.7249755859375,1344.875,1315.800048828125,1343.0,2175786
2017-12-27,1053.11181640625,1309.949951171875,1329.25,1305.25,1324.7249755859375,739284
2017-12-28,1055.94580078125,1313.4749755859375,1326.75,1302.824951171875,1304.4000244140625,2605088
2017-12-29,1085.791748046875,1350.5999755859375,1354.449951171875,1309.2750244140625,1311.550048828125,2609542
2018-01-01,1063.4425048828125,1322.800048828125,1347.4000244140625,1317.5,1341.1500244140625,1351760
2018-01-02,1057.6536865234375,1315.5999755859375,1334.800048828125,1310.0999755859375,1330.0,1920290
2018-01-03,1060.648681640625,1319.324951171875,1334.5,1315.5999755859375,1316.0,1257120
2018-01-04,1068.0650634765625,1328.550048828125,1331.0,1320.0,1325.0,913082
2018-01-05,1080.96826171875,1344.5999755859375,1349.75,1325.0,1325.0,1153706
2018-01-08,1091.09765625,1357.199951171875,1363.425048828125,1340.925048828125,1350.0,1242220
2018-01-09,1088.92724609375,1354.5,1360.5,1338.2750244140625,1357.5,2149396
2018-01-10,1128.158935546875,1403.300048828125,1408.0,1347.324951171875,1355.5,3365850
2018-01-11,1121.68701171875,1395.25,1410.949951171875,1391.0999755859375,1405.0,2520744
2018-01-12,1115.99951171875,1388.175048828125,1402.5,1370.2750244140625,1402.5,3360314
2018-01-15,1103.840087890625,1373.050048828125,1404.0,1367.5250244140625,1388.574951171875,1457214
2018-01-16,1145.9459228515625,1425.425048828125,1430.824951171875,1375.2750244140625,1378.0,4267752
2018-01-17,1161.2611083984375,1444.4749755859375,1462.5,1431.074951171875,1435.0,4280806
2018-01-18,1173.0184326171875,1459.0999755859375,1466.5,1434.0250244140625,1448.5,2209478
2018-01-19,1189.5390625,1479.6500244140625,1491.0,1451.824951171875,1465.2750244140625,1820000
2018-01-22,1255.658447265625,1558.199951171875,1567.3499755859375,1461.0,1480.5,4367110
2018-01-23,1249.8564453125,1551.0,1571.175048828125,1545.0250244140625,1557.4749755859375,3239610
2018-01-24,1279.1080322265625,1587.300048828125,1629.5250244140625,1541.324951171875,1545.0,5621538
2018-01-25,1257.5321044921875,1560.5250244140625,1589.9000244140625,1540.5,1587.5,3833844
2018-01-29,1288.879150390625,1599.425048828125,1612.5,1561.0,1565.699951171875,3141060
2018-01-30,1270.3447265625,1576.425048828125,1601.9000244140625,1571.8499755859375,1590.0,1574758
2018-01-31,1254.0263671875,1556.175048828125,1575.0,1549.300048828125,1568.5,3043214
2018-02-01,1264.6031494140625,1569.300048828125,1595.0,1544.4000244140625,1562.0,2400630
2018-02-02,1270.6671142578125,1576.824951171875,1595.0,1551.7249755859375,1560.0,2456490
2018-02-05,1250.33984375,1551.5999755859375,1594.0,1538.425048828125,1555.0,2757742
2018-02-06,1207.650634765625,1498.625,1538.574951171875,1492.5,1505.0,2657306
2018-02-07,1190.6473388671875,1477.5250244140625,1515.5,1473.7249755859375,1513.5,2180324
2018-02-08,1198.3634033203125,1487.0999755859375,1513.800048828125,1479.5,1489.875,2755004
2018-02-09,1197.35595703125,1485.8499755859375,1497.0,1448.324951171875,1475.0,2102458
2018-02-12,1195.5828857421875,1483.6500244140625,1511.675048828125,1477.7750244140625,1489.1500244140625,1974562
2018-02-14,1173.220703125,1455.9000244140625,1487.2249755859375,1446.25,1485.0,2847532
2018-02-15,1178.8822021484375,1462.925048828125,1471.5,1452.550048828125,1465.9749755859375,2465236
2018-02-16,1181.78271484375,1466.5250244140625,1499.800048828125,1461.5,1461.5,2515756
2018-02-19,1177.9752197265625,1461.800048828125,1476.6500244140625,1447.5999755859375,1472.5,1568224
2018-02-20,1186.4974365234375,1472.375,1492.5250244140625,1463.949951171875,1464.0,1889068
2018-02-21,1225.802001953125,1521.1500244140625,1531.300048828125,1480.0250244140625,1487.0,3089228
2018-02-22,1228.985107421875,1525.0999755859375,1539.5,1511.25,1526.0,3463010
2018-02-23,1239.2998046875,1537.9000244140625,1544.5,1496.050048828125,1525.0,3362500
2018-02-26,1221.53076171875,1515.8499755859375,1544.9749755859375,1510.5999755859375,1537.5,1363882
2018-02-27,1225.8221435546875,1521.175048828125,1539.2750244140625,1516.0,1520.5,1717800
2018-02-28,1222.8809814453125,1517.5250244140625,1531.9749755859375,1510.7249755859375,1517.5,2706864
2018-03-01,1223.9486083984375,1518.8499755859375,1530.5999755859375,1510.0,1524.5,1718124
2018-03-05,1251.407470703125,1552.925048828125,1556.824951171875,1516.4749755859375,1524.5,2858168
2018-03-06,1226.0032958984375,1521.4000244140625,1563.5,1515.074951171875,1561.0,1906764
2018-03-07,1219.81884765625,1513.7249755859375,1544.5,1509.25,1535.0,1917772
2018-03-08,1210.3502197265625,1501.9749755859375,1527.449951171875,1493.75,1527.449951171875,1951826
2018-03-09,1222.4981689453125,1517.050048828125,1531.5999755859375,1488.5999755859375,1502.5,1872436
2018-03-12,1229.770751953125,1526.074951171875,1541.949951171875,1517.75,1521.5,2091340
2018-03-13,1163.148193359375,1443.4000244140625,1469.8499755859375,1436.0,1462.449951171875,88067154
2018-03-14,1163.1884765625,1443.449951171875,1461.5250244140625,1437.5250244140625,1446.4749755859375,3668668
2018-03-15,1156.258056640625,1434.8499755859375,1451.2750244140625,1427.800048828125,1447.5,2348906
2018-03-16,1138.52978515625,1412.8499755859375,1436.0,1402.5,1434.4000244140625,7197482
2018-03-19,1140.665283203125,1415.5,1424.0,1410.0,1414.5,3489940
2018-03-20,1154.3040771484375,1432.425048828125,1436.5999755859375,1409.5,1410.0,4024984
2018-03-21,1151.040283203125,1428.375,1442.1500244140625,1425.0,1436.25,3907678
2018-03-22,1140.80615234375,1415.675048828125,1437.9749755859375,1411.2750244140625,1429.9749755859375,2326094
2018-03-23,1135.48779296875,1409.074951171875,1417.050048828125,1399.0250244140625,1401.0,3654122
2018-03-26,1135.0244140625,1408.5,1413.699951171875,1390.7750244140625,1409.5,2964210
2018-03-27,1147.3939208984375,1423.8499755859375,1431.5,1411.5250244140625,1412.5,2494574
2018-03-28,1147.97802734375,1424.574951171875,1437.5,1412.5,1417.949951171875,6865654
2018-04-02,1172.3548583984375,1454.824951171875,1457.0,1420.0,1420.0,1662988
2018-04-03,1172.999267578125,1455.625,1464.949951171875,1446.050048828125,1446.050048828125,1937290
2018-04-04,1172.8582763671875,1455.449951171875,1467.0,1446.0,1464.7249755859375,2841820
2018-04-05,1191.8154296875,1478.9749755859375,1481.875,1460.175048828125,1463.2750244140625,1809424
2018-04-06,1188.7333984375,1475.1500244140625,1480.0,1463.2750244140625,1477.0,1129018
2018-04-09,1178.09619140625,1461.949951171875,1481.75,1457.5,1469.8499755859375,1235866
2018-04-10,1183.6163330078125,1468.800048828125,1478.625,1462.8499755859375,1462.8499755859375,1184532
2018-04-11,1214.45947265625,1507.074951171875,1512.5,1472.800048828125,1475.300048828125,3124416
2018-04-12,1264.864990234375,1569.625,1575.0,1503.9749755859375,1505.0,6114360
2018-04-13,1270.5263671875,1576.6500244140625,1620.4000244140625,1566.050048828125,1575.0,8179118
2018-04-16,1284.3663330078125,1593.824951171875,1599.9749755859375,1555.375,1558.0,6270274
2018-04-17,1275.884765625,1583.300048828125,1597.4749755859375,1573.5999755859375,1593.824951171875,3301724
2018-04-18,1272.86328125,1579.550048828125,1596.7249755859375,1572.925048828125,1583.0,2433066
2018-04-19,1285.7763671875,1595.574951171875,1608.5999755859375,1582.875,1589.949951171875,4820952
2018-04-20,1370.9130859375,1701.2249755859375,1711.175048828125,1620.0,1625.0,18465662
2018-04-23,1373.411376953125,1704.324951171875,1778.949951171875,1694.7750244140625,1712.0,15185910
2018-04-24,1364.1441650390625,1692.824951171875,1721.574951171875,1671.25,1705.0,8314336
2018-04-25,1398.2310791015625,1735.125,1741.5,1682.5250244140625,1692.5,8196574
2018-04-26,1426.032470703125,1769.625,1780.0,1733.5,1733.5,12135034
2018-04-27,1390.8580322265625,1725.9749755859375,1772.0,1710.0,1762.5,4501330
2018-04-30,1423.15185546875,1766.050048828125,1774.5,1718.800048828125,1725.9749755859375,3458558
2018-05-02,1410.1177978515625,1749.875,1766.0999755859375,1735.6500244140625,1765.25,3158046
2018-05-03,1402.9053955078125,1740.925048828125,1763.0,1735.199951171875,1754.9000244140625,3761550
2018-05-04,1402.4622802734375,1740.375,1748.5,1735.0,1746.0,2347244
2018-05-07,1378.3677978515625,1710.4749755859375,1745.0,1705.449951171875,1745.0,3484426
2018-05-08,1386.5263671875,1720.5999755859375,1743.25,1698.3499755859375,1717.3499755859375,2992820
2018-05-09,1405.9068603515625,1744.6500244140625,1747.375,1720.0999755859375,1720.0999755859375,2615050
2018-05-10,1390.575927734375,1725.625,1755.574951171875,1720.0999755859375,1751.4749755859375,3858678
2018-05-11,1392.87255859375,1728.4749755859375,1742.5,1721.25,1727.0999755859375,2627876
2018-05-14,1383.444091796875,1716.7750244140625,1735.5,1705.4000244140625,1728.5,2433894
2018-05-15,1403.126953125,1741.199951171875,1747.9000244140625,1716.8499755859375,1725.0,1952890
2018-05-16,1407.76025390625,1746.949951171875,1754.5,1737.625,1739.9749755859375,1648450
2018-05-17,1406.914306640625,1745.9000244140625,1766.574951171875,1738.0,1756.4749755859375,2968048
2018-05-18,1411.0439453125,1751.0250244140625,1758.8499755859375,1729.0,1740.4000244140625,1874996
2018-05-21,1433.0841064453125,1778.375,1796.0,1759.0250244140625,1764.3499755859375,3446178
2018-05-22,1413.803955078125,1754.449951171875,1787.4749755859375,1746.8499755859375,1779.0,1857416
2018-05-23,1408.2440185546875,1747.550048828125,1772.5,1740.5,1762.5,1507298
2018-05-24,1452.001220703125,1801.8499755859375,1807.5,1751.175048828125,1755.0,2962316
2018-05-25,1444.78857421875,1792.9000244140625,1837.4000244140625,1786.2750244140625,1812.5,3769772
2018-05-28,1411.0439453125,1751.0250244140625,1808.25,1743.0,1808.25,3716798
2018-05-29,1419.6866455078125,1761.75,1772.0,1744.0,1764.949951171875,3525312
2018-05-30,1415.8994140625,1757.050048828125,1766.5,1741.25,1754.5250244140625,3779106
2018-05-31,1414.6807861328125,1741.050048828125,1759.050048828125,1726.0999755859375,1734.0,5049371
2018-06-01,1407.6925048828125,1732.449951171875,1757.5,1716.300048828125,1754.0,1603856
2018-06-04,1417.280517578125,1744.25,1749.0,1712.5999755859375,1745.0,1681483
2018-06-05,1398.8760986328125,1721.5999755859375,1751.9000244140625,1711.1500244140625,1744.0,2449568
2018-06-06,1402.24853515625,1725.75,1734.9000244140625,1715.199951171875,1723.0,2236512
2018-06-07,1410.2115478515625,1735.550048828125,1749.0,1723.800048828125,1725.0,2414762
2018-06-08,1419.5963134765625,1747.0999755859375,1757.300048828125,1735.0,1735.0,2582138
2018-06-11,1421.708984375,1749.699951171875,1763.0,1743.0,1747.0999755859375,2179378
2018-06-12,1447.1416015625,1781.0,1785.0,1753.0,1757.0,4608875
2018-06-13,1482.162353515625,1824.0999755859375,1831.6500244140625,1798.0,1816.0,5370983
2018-06-14,1452.4637451171875,1787.550048828125,1832.300048828125,1784.0,1830.0,3819998
2018-06-15,1495.1224365234375,1840.050048828125,1847.0999755859375,1788.5999755859375,1800.0,9183574
2018-06-18,1486.1439208984375,1829.0,1867.949951171875,1822.1500244140625,1867.949951171875,4674987
2018-06-19,1482.4874267578125,1824.5,1839.0,1821.0,1822.1500244140625,3245034
2018-06-20,1480.8216552734375,1822.449951171875,1836.300048828125,1818.5999755859375,1832.0,3107695
2018-06-21,1478.302490234375,1819.3499755859375,1832.0,1817.5999755859375,1832.0,2910659
2018-06-22,1470.54296875,1809.800048828125,1827.0,1799.550048828125,1827.0,2949458
2018-06-25,1478.221435546875,1819.25,1822.3499755859375,1806.0,1811.9000244140625,2083217
2018-06-26,1504.83251953125,1852.0,1861.0,1821.0,1823.0,4679712
2018-06-27,1509.7076416015625,1858.0,1885.1500244140625,1851.25,1860.0,4081208
2018-06-28,1497.2757568359375,1842.699951171875,1871.0,1826.300048828125,1865.0,4888125
2018-06-29,1501.37890625,1847.75,1867.4000244140625,1842.300048828125,1844.9000244140625,3506276
2018-07-02,1504.304443359375,1851.3499755859375,1857.800048828125,1841.0999755859375,1852.0,2650290
2018-07-03,1522.7489013671875,1874.050048828125,1879.9000244140625,1857.050048828125,1859.949951171875,3242233
2018-07-04,1516.3297119140625,1866.1500244140625,1879.9000244140625,1857.1500244140625,1879.9000244140625,2700614
2018-07-05,1527.827392578125,1880.300048828125,1887.5,1862.0999755859375,1873.0,2472571
2018-07-06,1554.356689453125,1912.949951171875,1921.0,1881.6500244140625,1882.8499755859375,3713781
2018-07-09,1530.021240234375,1883.0,1924.4000244140625,1876.5,1924.0,6151747
2018-07-10,1523.60205078125,1875.0999755859375,1898.9000244140625,1870.75,1898.0,5303302
2018-07-11,1608.7567138671875,1979.9000244140625,1998.0,1894.1500244140625,1900.0,22903802
2018-07-12,1601.8096923828125,1971.3499755859375,1990.9000244140625,1960.5,1984.0,6921701
2018-07-13,1609.7318115234375,1981.0999755859375,1997.9000244140625,1974.0,1975.0,4148185
2018-07-16,1616.3133544921875,1989.199951171875,1996.0,1977.449951171875,1990.0,2582159
2018-07-17,1630.11376953125,2002.1500244140625,2009.0,1981.0,1989.0,3315492
2018-07-18,1628.56689453125,2000.25,2011.699951171875,1993.050048828125,2005.0,2013869
2018-07-19,1613.219970703125,1981.4000244140625,2010.449951171875,1970.0,2002.0999755859375,1746318
2018-07-20,1625.594970703125,1996.5999755859375,2000.0,1984.0,1984.9000244140625,1934995
2018-07-23,1632.96337890625,2005.6500244140625,2009.949951171875,1986.0,2001.0,2086201
2018-07-24,1627.548828125,1999.0,2015.0,1984.1500244140625,2015.0,2038423
2018-07-25,1613.3011474609375,1981.5,2002.0,1968.4000244140625,2001.9000244140625,1535492
2018-07-26,1599.6224365234375,1964.699951171875,1985.0,1955.0999755859375,1974.949951171875,3503036
2018-07-27,1582.5657958984375,1943.75,1964.6500244140625,1940.300048828125,1960.8499755859375,2033977
2018-07-30,1583.2576904296875,1944.5999755859375,1954.699951171875,1931.550048828125,1943.0,1579251
2018-07-31,1579.675537109375,1940.199951171875,1947.0,1928.0,1942.0,2204803
2018-08-01,1609.2301025390625,1976.5,1981.550048828125,1949.800048828125,1949.949951171875,2425180
2018-08-02,1586.351806640625,1948.4000244140625,1985.0,1945.0,1980.0,1509287
2018-08-03,1611.632080078125,1979.449951171875,1982.050048828125,1956.5,1956.5,1505131
2018-08-06,1608.4566650390625,1975.550048828125,1998.949951171875,1972.25,1997.0,1532249
2018-08-07,1601.7803955078125,1967.3499755859375,1979.1500244140625,1960.5,1978.199951171875,1353521
2018-08-08,1607.1944580078125,1974.0,1978.300048828125,1962.0,1972.0,1315062
2018-08-09,1607.479736328125,1974.3499755859375,1980.800048828125,1966.0,1980.0,2060297
2018-08-10,1622.745361328125,1993.0999755859375,1996.5,1972.050048828125,1980.949951171875,2784105
2018-08-13,1628.485595703125,2000.1500244140625,2004.25,1990.0,1997.800048828125,3559575
2018-08-14,1631.2535400390625,2003.550048828125,2024.5999755859375,1982.4000244140625,1992.0,3311765
2018-08-16,1635.283935546875,2008.5,2020.050048828125,1995.0,2000.300048828125,2152065
2018-08-17,1638.7437744140625,2012.75,2021.9000244140625,2004.0,2013.8499755859375,1213731
2018-08-20,1636.46435546875,2009.949951171875,2024.0,2003.699951171875,2024.0,1587032
2018-08-21,1642.7332763671875,2017.6500244140625,2024.0,2004.0,2010.1500244140625,1376866
2018-08-23,1656.9410400390625,2035.0999755859375,2038.0,2020.300048828125,2022.800048828125,3046791
2018-08-24,1663.373291015625,2043.0,2046.0,2031.0,2035.0999755859375,1570533
2018-08-27,1669.8046875,2050.89990234375,2059.0,2035.0,2043.0,1532702
2018-08-28,1684.704345703125,2069.199951171875,2072.0,2052.0,2055.0,1987983
2018-08-29,1686.9844970703125,2072.0,2076.60009765625,2045.5999755859375,2072.5,1525867
2018-08-30,1695.45166015625,2082.39990234375,2085.0,2065.5,2068.0,2408020
2018-08-31,1692.1953125,2078.39990234375,2092.0,2074.0,2082.300048828125,2504554
2018-09-03,1671.43359375,2052.89990234375,2090.0,2048.39990234375,2084.800048828125,1439711
2018-09-04,1708.885986328125,2098.89990234375,2104.75,2056.949951171875,2059.800048828125,4420803
2018-09-05,1692.887451171875,2079.25,2107.25,2075.050048828125,2100.0,1681106
2018-09-06,1689.6712646484375,2075.300048828125,2081.5,2060.300048828125,2075.0,2238097
2018-09-07,1693.375732421875,2079.85009765625,2084.0,2065.39990234375,2079.300048828125,1312182
2018-09-10,1694.10888671875,2080.75,2093.39990234375,2074.25,2084.39990234375,1530539
2018-09-11,1666.01953125,2046.25,2089.0,2042.199951171875,2089.0,3679745
2018-09-12,1664.146728515625,2043.949951171875,2068.89990234375,2040.0,2052.35009765625,2307661
2018-09-14,1681.6107177734375,2065.39990234375,2071.550048828125,2018.1500244140625,2044.0,3642038
2018-09-17,1688.73486328125,2074.14990234375,2077.800048828125,2054.550048828125,2070.0,1033857
2018-09-18,1685.966796875,2070.75,2078.800048828125,2057.60009765625,2073.0,1456507
2018-09-19,1691.7884521484375,2077.89990234375,2089.0,2066.85009765625,2071.89990234375,1301268
2018-09-21,1712.346435546875,2103.14990234375,2121.0,2050.14990234375,2077.0,4508530
2018-09-24,1789.9376220703125,2198.449951171875,2210.5,2098.14990234375,2115.0,3032226
2018-09-25,1777.521484375,2183.199951171875,2211.89990234375,2153.800048828125,2204.89990234375,2868778
2018-09-26,1744.0994873046875,2142.14990234375,2199.0,2135.10009765625,2187.0,1970951
2018-09-27,1782.121826171875,2188.85009765625,2209.699951171875,2135.800048828125,2141.89990234375,3311802
2018-09-28,1777.9283447265625,2183.699951171875,2190.0,2158.85009765625,2178.0,2904371
2018-10-01,1836.4278564453125,2255.550048828125,2275.949951171875,2190.35009765625,2190.89990234375,3772208
2018-10-03,1760.953125,2162.85009765625,2255.0,2155.60009765625,2250.300048828125,3902322
2018-10-04,1681.122314453125,2064.800048828125,2156.64990234375,2056.35009765625,2156.60009765625,4762419
2018-10-05,1711.93896484375,2102.64990234375,2120.0,2020.9000244140625,2050.0,3417624
2018-10-08,1691.5030517578125,2077.550048828125,2122.199951171875,2048.14990234375,2102.64990234375,2010154
2018-10-09,1703.10546875,2091.800048828125,2107.64990234375,2053.199951171875,2080.35009765625,1867130
2018-10-10,1663.86181640625,2043.5999755859375,2105.949951171875,2029.0,2100.0,2749573
2018-10-11,1612.0391845703125,1979.949951171875,2013.0,1941.0,1985.0,4700256
2018-10-12,1561.8447265625,1918.300048828125,1978.0,1903.0,1978.0,9373289
2018-10-15,1587.247314453125,1949.5,1955.550048828125,1920.0,1940.0,2638151
2018-10-16,1597.668701171875,1962.300048828125,1971.9000244140625,1935.0,1958.0,2815425
2018-10-17,1570.88232421875,1929.4000244140625,1989.0,1920.0,1970.0,2779207
2018-10-19,1557.6923828125,1913.199951171875,1929.0,1870.050048828125,1929.0,3428776
2018-10-22,1549.387939453125,1903.0,1916.0,1886.949951171875,1914.0,1778496
2018-10-23,1504.2279052734375,1843.6500244140625,1898.0,1837.0,1888.0,2752811
2018-10-24,1508.185302734375,1848.5,1874.0,1811.0999755859375,1852.050048828125,2735913
2018-10-25,1511.8563232421875,1853.0,1876.9000244140625,1825.050048828125,1844.0,2507233
2018-10-26,1467.8795166015625,1799.0999755859375,1853.9000244140625,1791.0999755859375,1853.9000244140625,2285970
2018-10-29,1526.5430908203125,1871.0,1877.949951171875,1784.3499755859375,1808.699951171875,2609483
2018-10-30,1545.9608154296875,1894.800048828125,1909.4000244140625,1845.0,1867.0,2404883
2018-10-31,1581.3302001953125,1938.1500244140625,1943.9000244140625,1875.449951171875,1900.0,2769190
2018-11-01,1579.3721923828125,1935.75,1944.3499755859375,1901.300048828125,1943.6500244140625,2769759
2018-11-02,1561.1776123046875,1913.449951171875,1954.5999755859375,1905.0,1934.199951171875,1818635
2018-11-05,1542.7381591796875,1890.8499755859375,1927.3499755859375,1884.75,1910.0,1713366
2018-11-06,1576.8836669921875,1932.699951171875,1937.5,1891.0,1894.0,1398710
2018-11-07,1584.59375,1942.1500244140625,1949.0,1937.0,1940.0,144530
2018-11-09,1557.7100830078125,1909.199951171875,1961.949951171875,1905.0,1961.0,2570479
2018-11-12,1562.319580078125,1914.8499755859375,1946.0999755859375,1908.5,1908.5,2552008
2018-11-13,1578.7191162109375,1934.949951171875,1939.0,1903.0,1915.0,1418432
2018-11-14,1534.416015625,1880.6500244140625,1929.9000244140625,1870.0,1925.0,2422318
2018-11-15,1528.0518798828125,1872.8499755859375,1899.0,1857.5999755859375,1864.0,1829123
2018-11-16,1539.270751953125,1886.5999755859375,1899.800048828125,1870.25,1889.0,1829729
2018-11-19,1552.20263671875,1902.449951171875,1907.3499755859375,1864.300048828125,1899.0,1740628
2018-11-20,1532.4578857421875,1878.25,1902.0,1874.199951171875,1902.0,1190182
2018-11-21,1478.4049072265625,1812.0,1871.050048828125,1798.550048828125,1871.0,3840461
2018-11-22,1478.853515625,1812.550048828125,1847.5999755859375,1809.949951171875,1820.0,3194219
2018-11-26,1506.2265625,1846.0999755859375,1860.0,1784.5,1819.0,4333177
2018-11-27,1542.2486572265625,1890.25,1897.9000244140625,1835.3499755859375,1854.0,3344839
2018-11-28,1618.656982421875,1983.9000244140625,1989.0,1882.5,1889.0,5313249
2018-11-29,1599.6064453125,1960.550048828125,1997.0,1942.550048828125,1997.0,4035441
2018-11-30,1605.8885498046875,1968.25,1991.0,1959.8499755859375,1966.0,5268901
2018-12-03,1617.4334716796875,1982.4000244140625,1990.0,1968.300048828125,1984.0,1610576
2018-12-04,1640.64599609375,2010.8499755859375,2019.4000244140625,1971.0,1983.0,3270615
2018-12-05,1637.3006591796875,2006.75,2018.0,1985.0,2006.0,2501539
2018-12-06,1625.83740234375,1992.699951171875,2017.0,1979.5999755859375,1998.0,2321216
2018-12-07,1627.8770751953125,1995.199951171875,2003.9000244140625,1973.0,1985.050048828125,1680420
2018-12-10,1612.048583984375,1975.800048828125,2011.0,1960.0,1975.0,2010786
2018-12-11,1631.79345703125,2000.0,2010.0,1961.0,1970.0,2942014
2018-12-12,1645.50048828125,2016.800048828125,2022.0,1984.949951171875,2001.0999755859375,2219993
2018-12-13,1617.5968017578125,1982.5999755859375,2029.699951171875,1974.5,2024.0,3748429
2018-12-14,1623.430419921875,1989.75,1998.949951171875,1975.25,1983.0,2473761
2018-12-17,1627.1424560546875,1994.300048828125,2004.9000244140625,1985.0,1999.0,1227921
2018-12-18,1621.8804931640625,1987.8499755859375,2002.0,1976.4000244140625,1991.9000244140625,1768742
2018-12-19,1606.0517578125,1968.449951171875,1984.800048828125,1960.050048828125,1984.800048828125,2498833
2018-12-20,1594.3028564453125,1954.050048828125,1974.9000244140625,1946.0,1953.800048828125,1940277
2018-12-21,1546.7767333984375,1895.800048828125,1950.0,1886.550048828125,1948.0,3729956
2018-12-24,1565.2978515625,1918.5,1938.9000244140625,1905.0,1905.800048828125,1864116
2018-12-26,1541.3919677734375,1889.199951171875,1921.800048828125,1870.25,1921.800048828125,2446614
2018-12-27,1557.5059814453125,1908.949951171875,1941.699951171875,1872.0999755859375,1909.0,4968201
2018-12-28,1546.9808349609375,1896.050048828125,1920.0,1893.0,1915.0,2239130
2018-12-31,1544.5333251953125,1893.050048828125,1909.0,1886.1500244140625,1908.0,1879740
2019-01-01,1552.4884033203125,1902.800048828125,1910.0,1885.0,1896.0,1094883
2019-01-02,1569.2139892578125,1923.300048828125,1934.449951171875,1900.0,1905.0,2100463
2019-01-03,1550.162841796875,1899.949951171875,1944.949951171875,1893.0999755859375,1919.0,2611668
2019-01-04,1531.3155517578125,1876.8499755859375,1901.199951171875,1841.0,1900.0,4280862
2019-01-07,1548.4903564453125,1897.9000244140625,1908.800048828125,1881.0,1891.800048828125,1856423
2019-01-08,1544.9412841796875,1893.550048828125,1906.4000244140625,1883.300048828125,1905.4000244140625,1691756
2019-01-09,1539.55615234375,1886.949951171875,1919.0,1866.699951171875,1907.4000244140625,2414376
2019-01-10,1540.86181640625,1888.550048828125,1905.0,1872.0999755859375,1890.0,3053461
2019-01-11,1503.3306884765625,1842.550048828125,1875.0,1835.0,1870.0,9209862
2019-01-14,1479.424560546875,1813.25,1851.0,1810.0,1850.0,3615370
2019-01-15,1523.931640625,1867.800048828125,1869.3499755859375,1808.0,1810.0,7711653
2019-01-16,1525.8492431640625,1870.1500244140625,1875.0,1847.0,1870.0,2359280
2019-01-17,1548.865966796875,1894.300048828125,1898.0,1871.300048828125,1878.0,2625816
2019-01-18,1554.0577392578125,1900.6500244140625,1904.199951171875,1876.0,1881.0,1683728
2019-01-21,1560.6400146484375,1908.699951171875,1932.0,1895.449951171875,1902.0,2409803
2019-01-22,1555.080078125,1901.9000244140625,1918.25,1890.0,1907.0999755859375,2457093
2019-01-23,1533.5758056640625,1875.5999755859375,1906.0999755859375,1870.0,1901.0,2578169
2019-01-24,1554.793701171875,1901.550048828125,1905.25,1875.0,1884.800048828125,1962927
2019-01-25,1570.5335693359375,1920.800048828125,1935.0,1901.0,1902.0,2327080
2019-01-28,1598.496826171875,1955.0,1962.0,1925.5,1933.0,2769033
2019-01-29,1621.186767578125,1982.75,1989.050048828125,1936.6500244140625,1962.0,2557626
2019-01-30,1620.0826416015625,1981.4000244140625,1989.5,1954.6500244140625,1979.5999755859375,2429575
2019-01-31,1646.8197021484375,2014.0999755859375,2019.75,1985.0,1987.0,4094319
2019-02-01,1659.779296875,2029.949951171875,2034.75,1998.0999755859375,2009.5,3064163
2019-02-04,1676.3778076171875,2050.25,2055.449951171875,2023.0,2029.949951171875,1590764
2019-02-05,1671.7171630859375,2044.550048828125,2055.0,2028.0,2050.0,1111404
2019-02-06,1696.450927734375,2074.800048828125,2086.85009765625,2041.050048828125,2049.89990234375,1789812
2019-02-07,1703.0736083984375,2082.89990234375,2097.949951171875,2067.0,2074.75,1339945
2019-02-08,1685.494140625,2061.39990234375,2089.5,2051.0,2075.0,1684474
2019-02-11,1689.173583984375,2065.89990234375,2096.0,2048.89990234375,2060.0,1778730
2019-02-12,1677.481689453125,2051.60009765625,2070.0,2018.0,2070.0,2422903
2019-02-14,1671.758056640625,2044.5999755859375,2075.0,2033.050048828125,2060.050048828125,1724085
2019-02-15,1659.5750732421875,2029.699951171875,2052.0,2010.949951171875,2049.0,1930065
2019-02-18,1611.0072021484375,1970.300048828125,2041.949951171875,1962.6500244140625,2037.5999755859375,2942184
2019-02-19,1557.451171875,1904.800048828125,1971.0,1892.0,1970.0,4408554
2019-02-20,1565.5867919921875,1914.75,1933.800048828125,1881.300048828125,1915.0,4645778
2019-02-21,1565.13720703125,1914.199951171875,1940.0,1897.050048828125,1914.75,4683919
2019-02-22,1574.4991455078125,1925.6500244140625,1930.0,1905.0999755859375,1917.199951171875,2271955
2019-02-25,1623.14892578125,1985.1500244140625,1990.0,1930.5,1932.5,2934880
2019-02-26,1666.933837890625,2038.699951171875,2045.1500244140625,1972.25,1984.0,6453309
2019-02-27,1682.796142578125,2058.10009765625,2074.949951171875,2022.0,2040.0,4732082
2019-02-28,1621.7589111328125,1983.449951171875,2071.35009765625,1977.5999755859375,2060.0,8454295
2019-03-01,1631.5296630859375,1995.4000244140625,2005.0,1980.3499755859375,1995.050048828125,4148548
2019-03-05,1625.5611572265625,1988.0999755859375,2007.0,1976.5999755859375,2005.0,2449622
2019-03-06,1634.9637451171875,1999.5999755859375,2015.0,1985.050048828125,1989.300048828125,2635047
2019-03-07,1646.1656494140625,2013.300048828125,2024.050048828125,2000.199951171875,2005.0,2539884
2019-03-08,1653.8514404296875,2022.699951171875,2033.0,2010.050048828125,2025.0,2031071
2019-03-11,1647.3919677734375,2014.800048828125,2033.0,2003.6500244140625,2028.9000244140625,3111689
2019-03-12,1645.4708251953125,2012.449951171875,2024.800048828125,2003.0,2014.050048828125,2658550
2019-03-13,1635.699951171875,2000.5,2015.9000244140625,1978.5999755859375,2013.0,1833163
2019-03-14,1624.988525390625,1987.4000244140625,2007.800048828125,1981.0,2004.949951171875,1905495
2019-03-15,1667.9561767578125,2039.949951171875,2068.949951171875,1991.0,1998.9000244140625,5184318
2019-03-18,1653.933349609375,2022.800048828125,2064.60009765625,2011.0,2043.0,2349915
2019-03-19,1653.933349609375,2022.800048828125,2030.0,1995.0999755859375,2030.0,2373993
2019-03-20,1647.5963134765625,2015.050048828125,2044.800048828125,2000.0,2028.0,3091165
2019-03-22,1639.910888671875,2005.6500244140625,2016.0,1983.300048828125,2015.0,3148149
2019-03-25,1622.4129638671875,1984.25,2007.800048828125,1977.199951171875,2007.800048828125,2429205
2019-03-26,1621.1048583984375,1982.6500244140625,1994.949951171875,1958.050048828125,1984.0,2316539
2019-03-27,1609.0445556640625,1967.9000244140625,1998.0,1961.0,1994.0,2266166
2019-03-28,1635.5364990234375,2000.300048828125,2014.5999755859375,1972.800048828125,1980.0,4054489
2019-04-01,1661.1695556640625,2031.6500244140625,2039.949951171875,2008.25,2010.0,2095740
2019-04-02,1700.1302490234375,2079.300048828125,2086.0,2037.0,2037.0999755859375,3719663
2019-04-03,1700.1302490234375,2079.300048828125,2089.60009765625,2058.10009765625,2085.0,2939886
2019-04-04,1647.1468505859375,2014.5,2079.699951171875,2007.4000244140625,2078.14990234375,4397518
2019-04-05,1674.7833251953125,2048.300048828125,2054.39990234375,2018.800048828125,2028.6500244140625,3152103
2019-04-08,1693.1395263671875,2070.75,2075.0,2032.699951171875,2059.0,2194294
2019-04-09,1710.1055908203125,2091.5,2098.0,2057.64990234375,2070.0,2690970
2019-04-10,1668.201171875,2040.25,2085.5,2036.0,2083.0,3313062
2019-04-11,1651.2352294921875,2019.5,2055.0,2013.6500244140625,2045.0,3422442
2019-04-12,1647.1468505859375,2014.5,2039.0,2007.0,2038.0,3198471
2019-04-15,1727.930419921875,2113.300048828125,2119.800048828125,2041.0,2070.0,9189201
2019-04-16,1743.056640625,2131.800048828125,2155.949951171875,2115.550048828125,2120.0,5771952
2019-04-18,1757.9788818359375,2150.050048828125,2155.0,2114.199951171875,2149.89990234375,3413728
2019-04-22,1767.2998046875,2161.449951171875,2176.0,2145.60009765625,2148.0,2007135
2019-04-23,1762.06689453125,2155.050048828125,2165.5,2134.050048828125,2163.0,2163524
2019-04-24,1785.2880859375,2183.449951171875,2195.0,2156.10009765625,2158.0,3003071
2019-04-25,1794.73193359375,2195.0,2205.0,2168.050048828125,2175.0,4211526
2019-04-26,1830.3402099609375,2238.550048828125,2243.949951171875,2193.14990234375,2203.0,2716958
2019-04-30,1848.165283203125,2260.35009765625,2266.949951171875,2230.10009765625,2238.550048828125,3488395
2019-05-02,1811.4112548828125,2215.39990234375,2259.39990234375,2211.10009765625,2255.0,2457699
2019-05-03,1743.2200927734375,2132.0,2186.050048828125,2125.0,2185.0,3780886
2019-05-06,1764.3560791015625,2157.85009765625,2165.0,2108.5,2110.0,2891422
2019-05-07,1759.532470703125,2151.949951171875,2184.35009765625,2138.800048828125,2160.050048828125,2201698
2019-05-08,1760.2681884765625,2152.85009765625,2168.0,2130.39990234375,2151.0,1824895
2019-05-09,1776.375732421875,2172.550048828125,2184.10009765625,2136.10009765625,2145.0,2264162
2019-05-10,1746.3272705078125,2135.800048828125,2192.0,2125.85009765625,2175.0,2039633
2019-05-13,1740.562744140625,2128.75,2167.0,2121.64990234375,2133.0,1701744
2019-05-14,1710.8006591796875,2092.35009765625,2159.800048828125,2072.35009765625,2135.0,2456110
2019-05-15,1713.2940673828125,2095.39990234375,2124.0,2084.5,2097.0,2346876
2019-05-16,1724.2103271484375,2108.75,2124.0,2077.050048828125,2096.0,1946529
2019-05-17,1713.3353271484375,2095.449951171875,2135.0,2090.0,2112.60009765625,1947908
2019-05-20,1752.9912109375,2143.949951171875,2151.39990234375,2050.0,2125.0,2625116
2019-05-21,1725.027587890625,2109.75,2148.699951171875,2102.550048828125,2148.050048828125,1863157
2019-05-22,1702.133544921875,2081.75,2121.949951171875,2075.0,2110.0,2595795
2019-05-23,1679.4844970703125,2054.050048828125,2115.35009765625,2050.0,2098.0,2541294
2019-05-24,1674.5380859375,2048.0,2070.0,2032.25,2070.0,2274208
2019-05-27,1680.3839111328125,2055.14990234375,2068.949951171875,2040.0999755859375,2054.800048828125,2329820
2019-05-28,1695.5927734375,2073.75,2097.5,2045.0,2060.0,5872979
2019-05-29,1723.22900390625,2107.550048828125,2123.699951171875,2077.10009765625,2080.0,3281320
2019-05-30,1754.912109375,2146.300048828125,2156.550048828125,2114.39990234375,2123.0,4971725
2019-05-31,1795.9990234375,2196.550048828125,2204.949951171875,2152.25,2160.0,4265370
2019-06-03,1833.4061279296875,2242.300048828125,2247.64990234375,2185.64990234375,2201.0,3682419
2019-06-04,1799.447509765625,2183.10009765625,2224.0,2175.0,2224.0,2408658
2019-06-06,1785.4349365234375,2166.10009765625,2199.0,2152.0,2199.0,3735467
2019-06-07,1798.334228515625,2181.75,2189.800048828125,2142.10009765625,2174.0,2659446
2019-06-10,1839.3411865234375,2231.5,2235.85009765625,2185.5,2196.699951171875,2080593
2019-06-11,1856.8983154296875,2252.800048828125,2263.949951171875,2231.0,2237.0,3048937
2019-06-12,1863.574462890625,2260.89990234375,2266.89990234375,2219.0,2245.0,2404448
2019-06-13,1857.9693603515625,2254.10009765625,2285.0,2243.050048828125,2264.0,3320916
2019-06-14,1858.29931640625,2254.5,2263.10009765625,2234.0,2257.25,2131408
2019-06-17,1853.9307861328125,2249.199951171875,2262.0,2241.449951171875,2256.0,1489497
2019-06-18,1855.290771484375,2250.85009765625,2260.0,2231.199951171875,2244.0,1877447
2019-06-19,1862.750244140625,2259.89990234375,2276.0,2243.14990234375,2255.0,1652817
2019-06-20,1877.6280517578125,2277.949951171875,2284.0,2212.0,2230.0,2199377
2019-06-21,1854.46630859375,2249.85009765625,2292.5,2242.0,2285.0,3871804
2019-06-24,1875.6085205078125,2275.5,2280.0,2250.800048828125,2254.14990234375,1382424
2019-06-25,1869.2613525390625,2267.800048828125,2274.449951171875,2250.5,2270.0,1386077
2019-06-26,1858.052001953125,2254.199951171875,2266.800048828125,2250.0,2265.0,1762224
2019-06-27,1856.6925048828125,2252.550048828125,2264.0,2241.300048828125,2255.0,2813464
2019-06-28,1835.797119140625,2227.199951171875,2261.949951171875,2222.5,2260.0,2372928
2019-07-01,1845.976318359375,2239.550048828125,2255.0,2206.60009765625,2235.0,2769940
2019-07-02,1856.321044921875,2252.10009765625,2257.0,2216.449951171875,2244.89990234375,1771746
2019-07-03,1844.41064453125,2237.64990234375,2258.800048828125,2232.0,2252.199951171875,1656881
2019-07-04,1848.53173828125,2242.64990234375,2252.0,2230.10009765625,2234.0,984140
2019-07-05,1782.9613037109375,2163.10009765625,2250.0,2140.0,2247.0,4088470
2019-07-08,1793.1002197265625,2175.39990234375,2188.800048828125,2132.10009765625,2149.0,2788062
2019-07-09,1758.4400634765625,2133.35009765625,2174.39990234375,2104.550048828125,2174.0,3977224
2019-07-10,1737.709716796875,2108.199951171875,2127.85009765625,2071.300048828125,2080.0,6343581
2019-07-11,1733.052734375,2102.550048828125,2129.0,2086.050048828125,2128.0,2400346
2019-07-12,1737.2154541015625,2107.60009765625,2119.75,2093.10009765625,2102.10009765625,1560725
2019-07-15,1768.6195068359375,2145.699951171875,2153.60009765625,2098.0,2125.0,2900415
2019-07-16,1739.9510498046875,2106.0,2132.5,2100.0,2126.0,2735399
2019-07-17,1749.2454833984375,2117.25,2125.0,2092.10009765625,2108.0,1802969
2019-07-18,1706.862060546875,2065.949951171875,2116.199951171875,2060.0,2116.199951171875,3072096
2019-07-19,1715.9498291015625,2076.949951171875,2097.0,2062.5,2077.0,1953177
2019-07-22,1743.1729736328125,2109.89990234375,2117.449951171875,2068.800048828125,2077.0,1920167
2019-07-23,1745.279541015625,2112.449951171875,2130.0,2102.39990234375,2127.89990234375,3538588
2019-07-24,1732.3499755859375,2096.800048828125,2120.800048828125,2076.5,2110.0,2413196
2019-07-25,1758.0443115234375,2127.89990234375,2135.0,2092.550048828125,2108.89990234375,2544464
2019-07-26,1742.4705810546875,2109.050048828125,2129.800048828125,2095.0,2129.800048828125,1720592
2019-07-29,1759.779052734375,2130.0,2142.0,2103.300048828125,2110.800048828125,1647090
2019-07-30,1800.386474609375,2179.14990234375,2185.0,2120.449951171875,2130.0,2851672
2019-07-31,1822.32177734375,2205.699951171875,2211.699951171875,2147.14990234375,2171.75,3000677
2019-08-01,1801.130126953125,2180.050048828125,2217.5,2166.25,2200.0,2375236
2019-08-02,1821.9915771484375,2205.300048828125,2210.0,2165.5,2173.0,2500816
2019-08-05,1857.7650146484375,2248.60009765625,2252.25,2195.60009765625,2199.89990234375,3039682
2019-08-06,1829.9222412109375,2214.89990234375,2251.949951171875,2211.449951171875,2232.800048828125,2885467
2019-08-07,1828.7247314453125,2213.449951171875,2238.5,2207.25,2230.0,2165362
2019-08-08,1865.614013671875,2258.10009765625,2281.0,2218.89990234375,2228.89990234375,2073298
2019-08-09,1855.8238525390625,2246.25,2267.89990234375,2241.35009765625,2260.0,1744550
2019-08-13,1817.15771484375,2199.449951171875,2246.25,2194.300048828125,2245.0,1647281
2019-08-14,1821.2474365234375,2204.39990234375,2217.85009765625,2167.39990234375,2181.10009765625,1945002
2019-08-16,1788.7781982421875,2165.10009765625,2241.39990234375,2143.25,2241.39990234375,3755507
2019-08-19,1787.0438232421875,2163.0,2186.0,2157.699951171875,2180.0,974884
2019-08-20,1806.6654052734375,2186.75,2205.0,2166.5,2172.0,1843611
2019-08-21,1806.2110595703125,2186.199951171875,2202.0,2182.25,2184.949951171875,1214408
2019-08-22,1830.83154296875,2216.0,2235.64990234375,2170.0,2187.0,2131601
2019-08-23,1857.021240234375,2247.699951171875,2259.89990234375,2213.89990234375,2214.949951171875,2826425
2019-08-26,1880.650390625,2276.300048828125,2282.0,2225.0,2247.0,2345475
2019-08-27,1847.7685546875,2236.5,2274.85009765625,2229.0,2270.0,3432106
2019-08-28,1850.0404052734375,2239.25,2252.14990234375,2216.0,2240.0,1294621
2019-08-29,1845.2484130859375,2233.449951171875,2248.199951171875,2222.199951171875,2222.199951171875,1670652
2019-08-30,1866.853759765625,2259.60009765625,2266.0,2218.0,2241.0,2583625
2019-09-03,1860.2437744140625,2251.60009765625,2296.199951171875,2236.949951171875,2270.0,2545060
2019-09-04,1855.120849609375,2245.39990234375,2270.0,2233.0,2265.0,2228092
2019-09-05,1830.253173828125,2215.300048828125,2253.64990234375,2207.300048828125,2242.199951171875,2055943
2019-09-06,1815.546630859375,2197.5,2233.5,2192.60009765625,2216.0,1890550
2019-09-09,1803.443115234375,2182.85009765625,2202.85009765625,2179.800048828125,2200.0,1703945
2019-09-11,1779.60791015625,2154.0,2195.0,2146.550048828125,2186.0,2627440
2019-09-12,1762.7537841796875,2133.60009765625,2165.0,2120.35009765625,2155.0,2118859
2019-09-13,1769.65234375,2141.949951171875,2157.949951171875,2115.550048828125,2135.0,2291174
2019-09-16,1776.302978515625,2150.0,2173.39990234375,2126.39990234375,2159.949951171875,2597948
2019-09-17,1753.706787109375,2122.64990234375,2156.550048828125,2105.60009765625,2154.949951171875,2796530
2019-09-18,1766.8433837890625,2138.550048828125,2142.949951171875,2113.14990234375,2126.39990234375,1454663
2019-09-19,1736.6044921875,2101.949951171875,2135.800048828125,2091.0,2135.0,1652691
2019-09-20,1706.448974609375,2065.449951171875,2129.39990234375,2057.0,2104.89990234375,6941979
2019-09-23,1665.428955078125,2015.800048828125,2099.0,1975.0,2099.0,6323401
2019-09-24,1689.305419921875,2044.699951171875,2061.0,2013.0,2015.0,4620978
2019-09-25,1725.4512939453125,2088.449951171875,2092.0,2060.050048828125,2065.0,4002232
2019-09-26,1724.748779296875,2087.60009765625,2107.0,2063.0,2097.89990234375,4234281
2019-09-27,1698.765380859375,2056.14990234375,2085.199951171875,2051.39990234375,2085.0,2046795
2019-09-30,1734.4151611328125,2099.300048828125,2104.0,2060.0,2061.85009765625,2620039
2019-10-01,1701.90478515625,2059.949951171875,2095.949951171875,2039.699951171875,2095.949951171875,3342877
2019-10-03,1702.1527099609375,2060.25,2081.14990234375,2046.1500244140625,2070.0,2317618
2019-10-04,1717.9332275390625,2079.35009765625,2087.949951171875,2054.949951171875,2060.60009765625,2163251
2019-10-07,1691.7841796875,2047.699951171875,2094.5,2041.0,2080.0,2177916
2019-10-09,1668.981201171875,2020.0999755859375,2060.0,2015.5,2060.0,2066920
2019-10-10,1656.05126953125,2004.449951171875,2039.050048828125,1997.0999755859375,2028.0,2881452
2019-10-11,1641.5106201171875,1986.8499755859375,1995.0,1925.0,1931.0,12593069
2019-10-14,1669.72509765625,2021.0,2032.75,1968.0,1995.0,3510704
2019-10-15,1683.1917724609375,2037.300048828125,2047.0,2022.699951171875,2032.0,2261310
2019-10-16,1690.7099609375,2046.4000244140625,2056.0,2016.0,2038.0,3034082
2019-10-17,1715.6729736328125,2030.949951171875,2038.0,1999.300048828125,2014.0,3818774
2019-10-18,1737.974609375,2057.35009765625,2063.89990234375,2025.0,2037.5,3087901
2019-10-22,1732.9482421875,2051.39990234375,2111.5,2040.050048828125,2080.0,5552505
2019-10-23,1748.745361328125,2070.10009765625,2083.85009765625,2052.5,2060.0,2348134
2019-10-24,1758.798095703125,2082.0,2099.0,2061.300048828125,2084.0,2798671
2019-10-25,1795.08056640625,2124.949951171875,2130.0,2075.050048828125,2094.0,3954245
2019-10-27,1787.2662353515625,2115.699951171875,2129.0,2108.800048828125,2129.0,224405
2019-10-29,1854.12939453125,2194.85009765625,2201.699951171875,2121.5,2121.5,5064173
2019-10-30,1903.0838623046875,2252.800048828125,2260.0,2176.85009765625,2225.0,5195136
2019-10-31,1917.317626953125,2269.64990234375,2284.949951171875,2237.0,2250.0,4879261
2019-11-01,1859.2401123046875,2200.89990234375,2275.0,2195.0,2264.0,4172620
2019-11-04,1853.3690185546875,2193.949951171875,2229.199951171875,2180.89990234375,2207.0,2646411
2019-11-05,1860.043212890625,2201.85009765625,2211.0,2169.0,2197.0,2693475
2019-11-06,1848.7650146484375,2188.5,2210.800048828125,2179.0,2200.0,2540719
2019-11-07,1846.1043701171875,2185.35009765625,2204.5,2175.199951171875,2204.5,1915598
2019-11-08,1799.30419921875,2129.949951171875,2189.60009765625,2124.0,2189.60009765625,2788759
2019-11-11,1774.80615234375,2100.949951171875,2139.0,2091.0,2135.0,2983768
2019-11-13,1840.402099609375,2178.60009765625,2183.800048828125,2118.0,2118.0,3823365
2019-11-14,1855.77734375,2196.800048828125,2200.0,2146.699951171875,2187.5,2995915
2019-11-15,1836.8966064453125,2174.449951171875,2211.5,2168.75,2196.0,2724180
2019-11-18,1818.438232421875,2152.60009765625,2187.75,2148.75,2178.39990234375,1611089
2019-11-19,1781.4375,2108.800048828125,2154.64990234375,2105.0,2153.0,2975313
2019-11-20,1781.2265625,2108.550048828125,2135.0,2094.5,2121.949951171875,2894129
2019-11-21,1789.2940673828125,2118.10009765625,2126.60009765625,2107.39990234375,2112.0,2052574
2019-11-22,1750.0966796875,2071.699951171875,2107.0,2060.5,2097.0,3742049
2019-11-25,1758.375732421875,2081.5,2084.949951171875,2052.199951171875,2074.550048828125,2737010
2019-11-26,1728.9354248046875,2046.6500244140625,2097.89990234375,2035.050048828125,2089.85009765625,6561580
2019-11-27,1735.39794921875,2054.300048828125,2071.699951171875,2046.550048828125,2052.0,2907521
2019-11-28,1754.869873046875,2077.35009765625,2094.39990234375,2060.0,2067.050048828125,2924429
2019-11-29,1734.5107421875,2053.25,2085.0,2045.800048828125,2085.0,2064271
2019-12-02,1707.3096923828125,2021.050048828125,2067.699951171875,2016.0,2060.0,3809860
2019-12-03,1732.6102294921875,2051.0,2062.0,2010.0,2027.699951171875,4664774
2019-12-04,1755.8414306640625,2078.5,2082.0,2045.5,2053.0,3334301
2019-12-05,1791.997314453125,2121.300048828125,2126.800048828125,2068.35009765625,2083.0,3902721
2019-12-06,1793.9398193359375,2123.60009765625,2128.0,2101.0,2124.0,1829461
2019-12-09,1740.59326171875,2060.449951171875,2127.949951171875,2053.5,2127.949951171875,2244747
2019-12-10,1700.382568359375,2012.8499755859375,2060.85009765625,2003.25,2060.0,4520045
2019-12-11,1724.9227294921875,2041.9000244140625,2048.0,2006.75,2025.4000244140625,4943024
2019-12-12,1707.18310546875,2020.9000244140625,2083.64990234375,1984.0,2051.10009765625,7137306
2019-12-13,1749.7169189453125,2071.25,2077.39990234375,2007.0,2023.0,5711133
2019-12-16,1796.60107421875,2126.75,2136.0,2080.300048828125,2096.0,5574177
2019-12-17,1828.87109375,2164.949951171875,2169.0,2119.0,2126.5,6059673
2019-12-18,1831.236083984375,2167.75,2203.449951171875,2153.0,2174.0,8251081
2019-12-19,1883.020751953125,2229.050048828125,2236.5,2167.550048828125,2179.800048828125,6251505
2019-12-20,1877.8255615234375,2222.89990234375,2246.699951171875,2208.25,2220.0,5548338
2019-12-23,1885.2591552734375,2231.699951171875,2241.949951171875,2210.0,2210.0,2247329
2019-12-24,1871.65869140625,2215.60009765625,2243.550048828125,2211.14990234375,2239.0,1805896
2019-12-26,1860.1275634765625,2201.949951171875,2229.0,2195.199951171875,2216.39990234375,1880367
2019-12-27,1857.212890625,2198.5,2226.39990234375,2176.0,2208.0,2720261
2019-12-30,1844.2880859375,2183.199951171875,2225.0,2177.10009765625,2207.0,2288830
2019-12-31,1826.1260986328125,2161.699951171875,2197.0,2157.449951171875,2189.0,1909289
2020-01-01,1831.1099853515625,2167.60009765625,2183.89990234375,2154.0,2168.0,1354908
2020-01-02,1822.70458984375,2157.64990234375,2179.949951171875,2149.199951171875,2179.949951171875,2380752
2020-01-03,1859.0294189453125,2200.64990234375,2223.0,2164.0,2164.0,4655761
2020-01-06,1858.8602294921875,2200.449951171875,2225.949951171875,2187.89990234375,2205.0,3023209
2020-01-07,1863.422119140625,2205.85009765625,2214.64990234375,2183.800048828125,2200.5,2429317
2020-01-08,1905.153076171875,2255.25,2260.0,2202.050048828125,2205.0,5197454
2020-01-09,1870.6025390625,2214.35009765625,2251.949951171875,2210.0,2248.75,3734173
2020-01-10,1869.9268798828125,2213.550048828125,2234.0,2208.0,2228.0,1915807
2020-01-13,1850.328125,2190.35009765625,2218.949951171875,2184.699951171875,2217.85009765625,2843893
2020-01-14,1864.3084716796875,2206.89990234375,2229.800048828125,2195.0,2195.0,2948452
2020-01-15,1881.203857421875,2226.89990234375,2231.0,2194.199951171875,2213.0,2620681
2020-01-16,1891.2569580078125,2238.800048828125,2249.0,2215.0,2226.949951171875,3117214
2020-01-17,1874.615234375,2219.10009765625,2253.550048828125,2213.0,2240.75,3281059
2020-01-20,1833.432861328125,2170.35009765625,2242.199951171875,2156.199951171875,2194.89990234375,5817599
2020-01-21,1834.0244140625,2171.050048828125,2186.550048828125,2158.050048828125,2169.949951171875,1902980
2020-01-22,1864.3084716796875,2206.89990234375,2210.0,2173.699951171875,2181.0,1773686
2020-01-23,1855.0382080078125,2190.949951171875,2217.75,2183.699951171875,2209.800048828125,2069866
2020-01-24,1848.6455078125,2183.39990234375,2190.949951171875,2170.0,2190.949951171875,1319430
2020-01-27,1836.6651611328125,2169.25,2193.449951171875,2165.0,2189.699951171875,1549101
2020-01-28,1848.9417724609375,2183.75,2187.800048828125,2152.0,2174.0,1743024
2020-01-29,1824.260986328125,2154.60009765625,2186.949951171875,2150.0,2185.0,2306761
2020-01-30,1810.0791015625,2137.85009765625,2165.0,2125.0,2160.0,2098567
2020-01-31,1760.294189453125,2079.050048828125,2144.35009765625,2071.60009765625,2139.39990234375,3287223
2020-02-03,1780.148681640625,2102.5,2194.699951171875,2093.199951171875,2152.0,4728073
2020-02-04,1784.5938720703125,2107.75,2136.699951171875,2086.60009765625,2129.0,3509339
2020-02-05,1817.4453125,2146.550048828125,2156.699951171875,2104.300048828125,2115.0,2439322
2020-02-06,1802.035400390625,2128.35009765625,2174.199951171875,2115.5,2145.0,2640065
2020-02-07,1808.9786376953125,2136.550048828125,2151.0,2119.0,2139.0,2083442
2020-02-10,1830.4835205078125,2161.949951171875,2167.0,2119.0,2140.89990234375,2383032
2020-02-11,1823.244384765625,2153.39990234375,2174.800048828125,2147.60009765625,2163.0,1335820
2020-02-12,1837.9346923828125,2170.75,2185.0,2150.0,2151.10009765625,1620407
2020-02-13,1855.884521484375,2191.949951171875,2197.0,2171.0,2172.949951171875,1645948
2020-02-14,1849.322998046875,2184.199951171875,2212.0,2171.0,2188.0,1500115
2020-02-17,1865.4515380859375,2203.25,2217.0,2190.199951171875,2196.949951171875,1774724
2020-02-18,1876.0352783203125,2215.75,2221.0,2186.050048828125,2199.949951171875,2486223
2020-02-19,1859.6099853515625,2196.35009765625,2230.0,2190.5,2215.75,1760463
2020-02-20,1826.1240234375,2156.800048828125,2214.39990234375,2151.25,2204.5,2317278
2020-02-24,1791.028564453125,2115.35009765625,2178.949951171875,2106.699951171875,2156.0,3092877
2020-02-25,1825.5732421875,2156.14990234375,2176.64990234375,2111.0,2115.5,2674567
2020-02-26,1798.0135498046875,2123.60009765625,2163.89990234375,2112.949951171875,2154.0,2686842
2020-02-27,1782.6888427734375,2105.5,2119.949951171875,2086.199951171875,2119.949951171875,2349001
2020-02-28,1693.4908447265625,2000.1500244140625,2069.5,1990.0,2068.0,4298076
2020-03-02,1694.4647216796875,2001.300048828125,2053.949951171875,1985.699951171875,2035.0,2667076
2020-03-03,1724.013671875,2036.199951171875,2060.0,2012.0,2020.0,2757585
2020-03-04,1763.807373046875,2083.199951171875,2094.449951171875,2025.0,2056.0,3237002
2020-03-05,1799.2413330078125,2125.050048828125,2147.75,2084.050048828125,2085.699951171875,3937056
2020-03-06,1791.9600830078125,2116.449951171875,2123.64990234375,2071.60009765625,2098.0,2595027
2020-03-09,1669.9532470703125,1972.3499755859375,2079.89990234375,1935.0,2075.0,4940975
2020-03-11,1654.1624755859375,1953.699951171875,1987.300048828125,1920.0,1933.0,6796449
2020-03-12,1498.499755859375,1769.8499755859375,1908.4000244140625,1758.3499755859375,1904.0,8728786
2020-03-13,1529.36181640625,1806.300048828125,1820.0,1506.050048828125,1687.9000244140625,8029720
2020-03-16,1436.3114013671875,1696.4000244140625,1842.25,1675.8499755859375,1755.0,7844271
2020-03-17,1403.7984619140625,1658.0,1731.0,1623.1500244140625,1730.0,5713248
2020-03-18,1400.7506103515625,1654.4000244140625,1713.550048828125,1627.75,1676.800048828125,7258778
2020-03-19,1395.5906982421875,1636.3499755859375,1685.449951171875,1546.75,1559.699951171875,5135111
2020-03-20,1532.9879150390625,1797.449951171875,1869.0,1627.0,1630.0,8547498
2020-03-23,1424.0338134765625,1669.699951171875,1750.0,1617.75,1620.0,7003490
2020-03-24,1452.5625,1703.1500244140625,1770.0,1632.8499755859375,1653.050048828125,6350865
2020-03-25,1492.7750244140625,1750.300048828125,1810.0,1680.0,1700.0,2765520
2020-03-26,1527.4444580078125,1790.949951171875,1832.050048828125,1722.550048828125,1831.5999755859375,4556067
2020-03-27,1556.0582275390625,1824.5,1850.0,1750.4000244140625,1820.0,4331250
2020-03-30,1516.8260498046875,1778.5,1905.0,1763.550048828125,1766.0,8513547
2020-03-31,1557.42236328125,1826.0999755859375,1855.0,1780.0,1837.4000244140625,3927593
2020-04-01,1457.338134765625,1708.75,1834.75,1702.0,1825.9000244140625,4941878
2020-04-03,1410.8145751953125,1654.199951171875,1740.0,1650.0,1740.0,5735369
2020-04-07,1514.0113525390625,1775.199951171875,1785.8499755859375,1705.0,1710.0,5427577
2020-04-08,1454.52392578125,1705.449951171875,1806.0,1701.0,1760.0,6285615
2020-04-09,1506.2928466796875,1766.1500244140625,1778.800048828125,1731.199951171875,1750.449951171875,5307397
2020-04-13,1500.4083251953125,1759.25,1787.0,1746.0,1761.0,2990438
2020-04-15,1479.854248046875,1735.1500244140625,1812.0,1727.800048828125,1785.0,4761399
2020-04-16,1463.564453125,1716.050048828125,1764.9000244140625,1675.050048828125,1709.949951171875,6245533
2020-04-17,1540.450439453125,1806.199951171875,1851.949951171875,1753.0,1800.0,9895823
2020-04-20,1551.068603515625,1818.6500244140625,1830.0,1802.5,1830.0,3244282
2020-04-21,1481.9864501953125,1737.6500244140625,1794.5999755859375,1727.699951171875,1765.0,5122541
2020-04-22,1509.14990234375,1769.5,1790.0,1719.1500244140625,1737.6500244140625,3829836
2020-04-23,1601.8994140625,1878.25,1900.0,1760.8499755859375,1780.0,5934366
2020-04-24,1550.9835205078125,1818.550048828125,1851.949951171875,1807.800048828125,1840.699951171875,2987102
2020-04-27,1566.3775634765625,1836.5999755859375,1875.0,1825.0,1832.300048828125,3374741
2020-04-28,1585.5247802734375,1859.050048828125,1868.0,1832.5999755859375,1865.0,2678505
2020-04-29,1625.26806640625,1905.6500244140625,1912.550048828125,1850.050048828125,1874.0,4241510
2020-04-30,1718.0604248046875,2014.449951171875,2032.0,1942.199951171875,1980.0,5915544
2020-05-04,1646.4189453125,1930.449951171875,1966.0,1913.6500244140625,1966.0,3729348
2020-05-05,1648.381103515625,1932.75,1977.0,1927.0,1955.0999755859375,2905528
2020-05-06,1623.519775390625,1903.5999755859375,1953.699951171875,1893.5999755859375,1939.800048828125,3517431
2020-05-07,1613.3280029296875,1891.6500244140625,1934.449951171875,1883.3499755859375,1910.0,3166754
2020-05-08,1614.8204345703125,1893.4000244140625,1939.5,1886.25,1939.0999755859375,2686530
2020-05-11,1650.5556640625,1935.300048828125,1951.4000244140625,1909.0,1909.0,2449841
2020-05-12,1662.66650390625,1949.5,1956.5,1910.25,1933.4000244140625,3256595
2020-05-13,1662.794189453125,1949.6500244140625,1994.0,1925.6500244140625,1994.0,2656665
2020-05-14,1622.45361328125,1902.3499755859375,1923.0999755859375,1891.0999755859375,1910.0,2263146
2020-05-15,1614.3941650390625,1892.9000244140625,1917.4000244140625,1865.199951171875,1916.0,3173682
2020-05-18,1659.34033203125,1945.5999755859375,1952.949951171875,1872.0999755859375,1907.0,3727694
2020-05-19,1661.9417724609375,1948.6500244140625,1966.449951171875,1903.0,1903.0,3198693
2020-05-20,1666.163330078125,1953.5999755859375,1962.9000244140625,1931.699951171875,1950.0,2778505
2020-05-21,1698.23095703125,1991.199951171875,1998.0,1941.1500244140625,1946.0,3400908
2020-05-22,1723.0921630859375,2020.3499755859375,2032.0,1961.25,1977.0999755859375,3663418
2020-05-26,1657.12255859375,1943.0,2024.0,1925.0,2015.0,4575317
2020-05-27,1710.2564697265625,2005.300048828125,2010.0,1941.25,1959.0,3482160
2020-05-28,1709.4036865234375,2004.300048828125,2014.0,1971.300048828125,1988.5,3475681
2020-05-29,1682.1546630859375,1972.3499755859375,2002.6500244140625,1962.4000244140625,1982.0,7237735
2020-06-01,1744.328857421875,2045.25,2060.0,1981.0999755859375,1990.0,3747773
2020-06-02,1745.9490966796875,2047.1500244140625,2081.0,2040.050048828125,2060.199951171875,2443886
2020-06-03,1750.2255859375,2046.1500244140625,2063.75,2020.0,2051.85009765625,3699799
2020-06-04,1789.0599365234375,2091.550048828125,2100.0,2046.75,2046.75,4048593
2020-06-05,1752.0218505859375,2048.25,2098.0,2040.300048828125,2091.60009765625,3573289
2020-06-08,1772.12353515625,2071.75,2095.0,2062.10009765625,2078.25,2957841
2020-06-09,1772.3802490234375,2072.050048828125,2095.5,2060.25,2063.10009765625,2909439
2020-06-10,1803.7724609375,2108.75,2132.0,2073.5,2077.050048828125,5168397
2020-06-11,1768.615966796875,2067.64990234375,2105.0,2061.800048828125,2100.0,2269513
2020-06-12,1744.5374755859375,2039.5,2049.199951171875,2011.0,2011.199951171875,2842642
2020-06-15,1736.3260498046875,2029.9000244140625,2059.0,2000.949951171875,2039.0999755859375,2399022
2020-06-16,1749.9268798828125,2045.800048828125,2073.949951171875,2031.0,2065.0,2146528
2020-06-17,1751.6370849609375,2047.800048828125,2058.85009765625,2026.550048828125,2046.0,2703527
2020-06-18,1743.33984375,2038.0999755859375,2059.199951171875,2025.199951171875,2045.0,1944389
2020-06-19,1748.8997802734375,2044.5999755859375,2090.0,2032.0,2042.0,5681758
2020-06-22,1734.6578369140625,2027.949951171875,2052.25,2019.1500244140625,2050.0,3196138
2020-06-23,1740.9449462890625,2035.300048828125,2044.0,2010.0,2027.0,4205944
2020-06-24,1746.8470458984375,2042.199951171875,2064.25,2031.5999755859375,2034.0,2560937
2020-06-25,1724.52197265625,2016.0999755859375,2060.0,2009.25,2035.0,3043931
2020-06-26,1812.411865234375,2118.85009765625,2132.0,2019.949951171875,2025.0,6300722
2020-06-29,1797.6993408203125,2101.64990234375,2127.60009765625,2091.300048828125,2108.0,3076341
2020-06-30,1781.019287109375,2082.14990234375,2111.89990234375,2075.050048828125,2100.0,3071725
2020-07-01,1789.48779296875,2092.050048828125,2113.949951171875,2079.5,2079.699951171875,2503466
2020-07-02,1845.172607421875,2157.14990234375,2165.0,2098.0,2102.0,3758699
2020-07-03,1881.526123046875,2199.64990234375,2205.0,2160.25,2163.64990234375,4185208
2020-07-06,1935.885009765625,2263.199951171875,2269.89990234375,2205.0,2205.0,5190366
2020-07-07,1941.616455078125,2269.89990234375,2302.699951171875,2232.14990234375,2275.0,5630055
2020-07-08,1897.9915771484375,2218.89990234375,2274.39990234375,2207.60009765625,2270.0,2793358
2020-07-09,1885.546142578125,2204.35009765625,2244.5,2191.050048828125,2229.0,3443998
2020-07-10,1900.943359375,2222.35009765625,2249.85009765625,2176.0,2205.25,9610320
2020-07-13,1898.933349609375,2220.0,2244.949951171875,2210.0,2220.0,2963503
2020-07-14,1857.832275390625,2171.949951171875,2239.0,2165.0,2210.0,2976738
2020-07-15,1910.822509765625,2233.89990234375,2260.0,2181.10009765625,2185.0,5569321
2020-07-16,1915.838134765625,2234.75,2333.0,2220.10009765625,2244.0,8582118
2020-07-17,1886.6895751953125,2200.75,2243.89990234375,2190.050048828125,2237.0,4509135
2020-07-20,1892.819091796875,2207.89990234375,2226.89990234375,2190.800048828125,2201.0,2952646
2020-07-21,1907.5218505859375,2225.050048828125,2238.64990234375,2201.14990234375,2230.0,2665286
2020-07-22,1878.288330078125,2190.949951171875,2231.0,2184.199951171875,2231.0,2861534
2020-07-23,1861.3563232421875,2171.199951171875,2190.949951171875,2163.0,2190.949951171875,2265766
2020-07-24,1849.5255126953125,2157.39990234375,2163.0,2125.10009765625,2154.5,3665100
2020-07-27,1891.8758544921875,2206.800048828125,2215.0,2163.5,2165.0,4248480
2020-07-28,1980.134521484375,2309.75,2320.0,2215.0,2215.0,8092319
2020-07-29,1951.243896484375,2276.050048828125,2342.0,2246.050048828125,2292.0,6090431
2020-07-30,1954.201904296875,2279.5,2358.0,2272.25,2285.89990234375,7098496
2020-07-31,1955.830322265625,2281.39990234375,2334.800048828125,2257.449951171875,2303.14990234375,4723290
2020-08-03,1932.46923828125,2254.14990234375,2303.85009765625,2230.699951171875,2290.449951171875,4012337
2020-08-04,1928.654052734375,2249.699951171875,2269.64990234375,2225.050048828125,2259.949951171875,2927928
2020-08-05,1937.0560302734375,2259.5,2300.0,2253.0,2260.0,3800641
2020-08-06,1978.7205810546875,2308.10009765625,2319.5,2265.35009765625,2275.0,4748047
2020-08-07,1967.7896728515625,2295.35009765625,2328.0,2287.0,2308.0,3165491
2020-08-10,1957.0313720703125,2282.800048828125,2325.0,2276.050048828125,2318.0,2929353
2020-08-11,1954.5443115234375,2279.89990234375,2312.0,2275.60009765625,2283.0,2774423
2020-08-12,1935.21240234375,2257.35009765625,2296.39990234375,2246.550048828125,2288.35009765625,3415751
2020-08-13,1932.726318359375,2254.449951171875,2300.0,2250.5,2273.0,2695682
2020-08-14,1922.18115234375,2242.14990234375,2281.300048828125,2233.10009765625,2277.0,2270405
2020-08-17,1931.8260498046875,2253.39990234375,2270.0,2238.25,2263.0,2625630
2020-08-18,1945.8427734375,2269.75,2289.0,2248.300048828125,2262.800048828125,3493374
2020-08-19,1934.569580078125,2256.60009765625,2284.60009765625,2252.5,2276.35009765625,2843005
2020-08-20,1931.354736328125,2252.85009765625,2276.550048828125,2240.050048828125,2257.0,2895164
2020-08-21,1927.7110595703125,2248.60009765625,2271.0,2241.050048828125,2260.0,1975294
2020-08-24,1927.2825927734375,2248.10009765625,2259.949951171875,2230.0,2250.60009765625,2167966
2020-08-25,1922.6103515625,2242.64990234375,2250.0,2233.550048828125,2245.0,1663419
2020-08-26,1931.9114990234375,2253.5,2259.89990234375,2216.449951171875,2242.0,2618149
2020-08-27,1927.539306640625,2248.39990234375,2287.35009765625,2241.75,2266.0,3579393
2020-08-28,1919.0953369140625,2238.550048828125,2279.949951171875,2235.10009765625,2268.39990234375,2941136
2020-08-31,1935.126708984375,2257.25,2276.199951171875,2228.0,2240.0,6018154
2020-09-01,1925.7825927734375,2246.35009765625,2278.0,2241.300048828125,2269.0,3610908
2020-09-02,1941.899169921875,2265.14990234375,2268.75,2241.64990234375,2247.0,2084137
2020-09-03,1971.3477783203125,2299.5,2324.0,2268.0,2268.0,4654146
2020-09-04,1962.1744384765625,2288.800048828125,2324.25,2262.949951171875,2275.0,5231303
2020-09-07,1994.9654541015625,2327.050048828125,2343.5,2283.35009765625,2289.0,4620401
2020-09-08,2013.097412109375,2348.199951171875,2390.449951171875,2327.050048828125,2335.949951171875,7453998
2020-09-09,1995.47998046875,2327.64990234375,2359.0,2320.0,2325.0,3866535
2020-09-10,1998.481201171875,2331.14990234375,2348.5,2324.300048828125,2335.0,2308813
2020-09-11,2035.3013916015625,2374.10009765625,2383.0,2330.14990234375,2330.949951171875,4145424
2020-09-14,2135.8623046875,2491.39990234375,2505.75,2381.85009765625,2384.10009765625,7512131
2020-09-15,2135.8623046875,2491.39990234375,2538.0,2464.60009765625,2491.39990234375,7318770
2020-09-16,2145.80712890625,2503.0,2507.60009765625,2477.300048828125,2488.949951171875,3074003
2020-09-17,2109.75732421875,2460.949951171875,2495.75,2450.60009765625,2480.0,4828176
2020-09-18,2100.284423828125,2449.89990234375,2500.39990234375,2436.39990234375,2485.0,4183256
2020-09-21,2113.48681640625,2465.300048828125,2504.89990234375,2452.14990234375,2465.0,4598809
2020-09-22,2162.909912109375,2522.949951171875,2555.0,2458.0,2485.0,7499613
2020-09-23,2115.32958984375,2467.449951171875,2519.85009765625,2409.0,2510.0,7502280
2020-09-24,1999.423828125,2332.25,2450.0,2302.60009765625,2450.0,8424708
2020-09-25,2076.62353515625,2422.300048828125,2440.0,2352.10009765625,2368.0,8228267
2020-09-28,2080.052001953125,2426.300048828125,2444.0,2366.0,2440.0,4347166
2020-09-29,2133.290771484375,2488.39990234375,2511.050048828125,2426.300048828125,2434.85009765625,6995811
2020-09-30,2136.6337890625,2492.300048828125,2505.0,2460.0,2489.0,3917166
2020-10-01,2163.338134765625,2523.449951171875,2540.0,2492.300048828125,2510.0,2610337
2020-10-05,2319.665771484375,2705.800048828125,2728.10009765625,2603.050048828125,2620.0,17412105
2020-10-06,2326.953125,2714.300048828125,2736.0,2650.10009765625,2736.0,9846367
2020-10-07,2345.5126953125,2735.949951171875,2770.0,2703.0,2742.0,9656101
2020-10-08,2422.455322265625,2825.699951171875,2885.0,2800.0,2800.0,19839329
2020-10-09,2411.525146484375,2812.949951171875,2829.85009765625,2780.0,2810.0,7739245
2020-10-12,2426.14208984375,2830.0,2854.0,2800.75,2815.5,4623203
2020-10-13,2423.1845703125,2826.550048828125,2854.89990234375,2812.199951171875,2845.0,4209878
2020-10-14,2418.92236328125,2809.60009765625,2842.0,2787.550048828125,2842.0,4395936
2020-10-15,2359.516845703125,2740.60009765625,2827.75,2727.0,2811.0,6629355
2020-10-16,2379.060546875,2763.300048828125,2771.64990234375,2731.300048828125,2750.10009765625,5273773
2020-10-19,2334.507080078125,2711.550048828125,2774.0,2706.60009765625,2774.0,3331194
2020-10-20,2358.139404296875,2739.0,2759.89990234375,2717.949951171875,2725.0,3406273
2020-10-21,2303.3837890625,2675.39990234375,2749.0,2663.050048828125,2739.0,4570143
2020-10-22,2299.7236328125,2671.14990234375,2686.64990234375,2638.10009765625,2661.0,5262294
2020-10-23,2313.197998046875,2686.800048828125,2702.0,2670.10009765625,2687.800048828125,3499091
2020-10-26,2314.403564453125,2688.199951171875,2709.949951171875,2670.5,2689.949951171875,2672752
2020-10-27,2264.42578125,2630.14990234375,2718.14990234375,2624.10009765625,2699.75,3537502
2020-10-28,2257.580322265625,2622.199951171875,2655.949951171875,2606.0,2650.0,3569445
2020-10-29,2266.576904296875,2632.64990234375,2655.0,2600.25,2608.0,3105968
2020-10-30,2294.2998046875,2664.85009765625,2674.35009765625,2621.60009765625,2636.10009765625,3427003
2020-11-02,2242.427734375,2604.60009765625,2664.85009765625,2600.050048828125,2660.0,2571196
2020-11-03,2267.395751953125,2633.60009765625,2665.0,2601.050048828125,2604.0,2879269
2020-11-04,2284.226806640625,2653.14990234375,2721.85009765625,2610.0,2610.0,4893928
2020-11-05,2312.250732421875,2685.699951171875,2710.0,2667.0,2685.0,2816502
2020-11-06,2330.9765625,2707.449951171875,2713.25,2681.300048828125,2699.0,3884421
2020-11-09,2347.463623046875,2726.60009765625,2744.0,2695.10009765625,2731.10009765625,3646592
2020-11-10,2281.17041015625,2649.60009765625,2713.14990234375,2638.35009765625,2697.199951171875,4760020
2020-11-11,2314.05908203125,2687.800048828125,2692.800048828125,2643.39990234375,2667.949951171875,3242441
2020-11-12,2299.6376953125,2671.050048828125,2713.0,2661.75,2686.0,2437505
2020-11-13,2287.412353515625,2656.85009765625,2664.89990234375,2636.0,2655.75,2548093
2020-11-14,2299.035400390625,2670.35009765625,2689.0,2660.050048828125,2677.949951171875,298819
2020-11-17,2295.33251953125,2666.050048828125,2695.0,2650.050048828125,2695.0,2827273
2020-11-18,2261.412109375,2626.64990234375,2664.199951171875,2607.050048828125,2661.0,2893762
2020-11-19,2270.236083984375,2636.89990234375,2676.14990234375,2630.85009765625,2637.0,4167501
2020-11-20,2290.339599609375,2660.25,2676.0,2627.550048828125,2655.0,2711471
2020-11-23,2345.440673828125,2724.25,2730.0,2665.0,2690.0,3706418
2020-11-24,2343.546630859375,2722.050048828125,2743.0,2705.0,2734.39990234375,3120516
2020-11-25,2325.681884765625,2701.300048828125,2732.949951171875,2688.199951171875,2729.0,3302249
2020-11-26,2342.298095703125,2720.60009765625,2730.949951171875,2680.0,2686.0,2341099
2020-11-27,2307.042236328125,2679.64990234375,2717.699951171875,2669.050048828125,2705.0,6086808
2020-12-01,2347.635498046875,2726.800048828125,2735.89990234375,2624.449951171875,2679.0,3605017
2020-12-02,2367.221923828125,2749.550048828125,2754.699951171875,2702.449951171875,2719.0,2509032
2020-12-03,2332.698486328125,2709.449951171875,2773.89990234375,2700.800048828125,2773.89990234375,2852548
2020-12-04,2348.281982421875,2727.550048828125,2738.85009765625,2699.0,2710.800048828125,2686527
2020-12-07,2357.020751953125,2737.699951171875,2744.0,2706.14990234375,2715.0,1996400
2020-12-08,2408.332763671875,2797.300048828125,2805.550048828125,2732.449951171875,2740.0,4277818
2020-12-09,2419.95556640625,2810.800048828125,2840.0,2793.14990234375,2815.0,3659996
2020-12-10,2397.140380859375,2784.300048828125,2827.300048828125,2780.25,2818.0,2127801
2020-12-11,2396.537841796875,2783.60009765625,2807.699951171875,2764.550048828125,2792.699951171875,1795408
2020-12-14,2408.677490234375,2797.699951171875,2804.0,2756.25,2802.0,2483658
2020-12-15,2377.554443359375,2761.550048828125,2794.699951171875,2755.0,2786.0,2365509
2020-12-16,2422.88330078125,2814.199951171875,2819.800048828125,2760.449951171875,2779.0,2565149
2020-12-17,2443.545166015625,2838.199951171875,2853.699951171875,2805.0,2811.0,2863460
2020-12-18,2463.17529296875,2861.0,2898.0,2846.199951171875,2868.0,6076692
2020-12-21,2428.00537109375,2820.14990234375,2886.5,2785.0,2861.0,2705195
2020-12-22,2473.076416015625,2872.5,2883.64990234375,2818.64990234375,2834.0,2881737
2020-12-23,2504.2861328125,2908.75,2919.0,2865.449951171875,2876.050048828125,2790988
2020-12-24,2504.80224609375,2909.35009765625,2921.35009765625,2883.199951171875,2909.0,1807144
2020-12-28,2522.064453125,2929.39990234375,2949.699951171875,2902.0,2910.0,2108994
2020-12-29,2523.011474609375,2930.5,2952.0,2920.0,2920.0,1994151
2020-12-30,2504.75927734375,2909.300048828125,2947.699951171875,2902.0,2934.39990234375,2637968
2020-12-31,2464.68212890625,2862.75,2905.0,2845.0,2900.0,4040956
2021-01-01,2521.07421875,2928.25,2940.0,2879.0,2880.0,2681440
2021-01-04,2616.811767578125,3039.449951171875,3050.75,2940.949951171875,2950.0,5113293
2021-01-05,2662.916015625,3093.0,3114.25,3039.60009765625,3039.60009765625,5801309
2021-01-06,2627.185791015625,3051.5,3113.5,3037.199951171875,3100.0,3726716
2021-01-07,2611.086669921875,3032.800048828125,3080.85009765625,3000.25,3075.0,3717827
2021-01-08,2686.936279296875,3120.89990234375,3128.0,3060.0,3090.0,5879039
2021-01-11,2734.761962890625,3176.449951171875,3230.0,3146.550048828125,3230.0,9508039
2021-01-12,2733.38330078125,3174.85009765625,3210.0,3150.0,3176.449951171875,3611458
2021-01-13,2719.69482421875,3158.949951171875,3177.0,3126.25,3175.0,3572801
2021-01-14,2804.012451171875,3250.699951171875,3266.5,3120.39990234375,3155.0,6931542
2021-01-15,2789.04736328125,3233.35009765625,3274.0,3210.0,3235.0,4131692
2021-01-18,2779.041748046875,3221.75,3256.75,3187.39990234375,3250.0,4160906
2021-01-19,2812.638427734375,3260.699951171875,3279.0,3232.0,3233.0,2975735
2021-01-20,2854.129638671875,3308.800048828125,3327.949951171875,3267.10009765625,3270.0,3453446
2021-01-21,2823.98193359375,3273.85009765625,3309.14990234375,3262.10009765625,3305.0,2778546
2021-01-22,2849.212890625,3303.10009765625,3325.0,3241.89990234375,3241.89990234375,3052459
2021-01-25,2839.034423828125,3291.300048828125,3339.800048828125,3278.64990234375,3308.949951171875,2272887
2021-01-27,2812.94091796875,3261.050048828125,3306.449951171875,3227.0,3300.0,2786662
2021-01-28,2757.303955078125,3196.550048828125,3275.0,3183.800048828125,3230.0,3083938
2021-01-29,2683.811279296875,3111.35009765625,3216.85009765625,3100.0,3210.050048828125,5445659
2021-02-01,2707.9638671875,3139.35009765625,3165.0,3044.10009765625,3100.0,3985846
2021-02-02,2763.255859375,3203.449951171875,3224.0,3150.0,3174.0,2881837
2021-02-03,2760.322998046875,3200.050048828125,3236.0,3162.64990234375,3213.0,2505866
2021-02-04,2750.31689453125,3188.449951171875,3237.85009765625,3176.0,3216.050048828125,2057261
2021-02-05,2724.007568359375,3157.949951171875,3205.85009765625,3129.0,3198.949951171875,2366135
2021-02-08,2772.44287109375,3214.10009765625,3226.0,3155.14990234375,3189.5,2526592
2021-02-09,2740.354736328125,3176.89990234375,3245.800048828125,3164.0,3195.0,2658751
2021-02-10,2771.751953125,3213.300048828125,3219.39990234375,3157.300048828125,3185.0,2127983
2021-02-11,2765.45556640625,3206.0,3219.300048828125,3185.050048828125,3215.0,1165882
2021-02-12,2752.34375,3190.800048828125,3245.5,3182.0,3184.199951171875,2777404
2021-02-15,2708.395751953125,3139.85009765625,3209.0,3131.550048828125,3209.0,2630853
2021-02-16,2681.611572265625,3108.800048828125,3167.64990234375,3100.0,3150.0,3435770
2021-02-17,2650.8173828125,3073.10009765625,3132.85009765625,3045.550048828125,3105.10009765625,3678426
2021-02-18,2637.232421875,3057.35009765625,3097.89990234375,3031.0,3065.0,4189909
2021-02-19,2649.7392578125,3071.85009765625,3087.14990234375,3016.14990234375,3058.0,3725028
2021-02-22,2551.922119140625,2958.449951171875,3096.0,2943.14990234375,3096.0,5366696
2021-02-23,2570.682861328125,2980.199951171875,3028.0,2968.0,2970.0,3832829
2021-02-24,2542.993896484375,2948.10009765625,3003.35009765625,2921.14990234375,2972.0,3774549
2021-02-25,2583.708740234375,2995.300048828125,3029.89990234375,2968.449951171875,2974.0,4224073
2021-02-26,2496.5869140625,2894.300048828125,2972.35009765625,2880.0,2960.0,5553153
2021-03-01,2522.3779296875,2924.199951171875,2965.0,2901.800048828125,2926.0,3265871
2021-03-02,2593.23974609375,3006.35009765625,3025.0,2948.0,2960.0,3306469
2021-03-03,2638.741455078125,3059.10009765625,3064.0,2996.89990234375,3035.0,3509857
2021-03-04,2630.632568359375,3049.699951171875,3081.449951171875,3016.050048828125,3023.0,3916760
2021-03-05,2594.7060546875,3008.050048828125,3063.199951171875,2996.60009765625,3016.10009765625,3203686
2021-03-08,2593.75732421875,3006.949951171875,3033.0,2996.0,3016.0,2003125
2021-03-09,2631.711181640625,3050.949951171875,3066.89990234375,2992.10009765625,3006.949951171875,1942397
2021-03-10,2648.963134765625,3070.949951171875,3093.199951171875,3060.0,3075.0,3053778
2021-03-12,2637.749267578125,3057.949951171875,3117.0,3041.35009765625,3075.0,2938317
2021-03-15,2644.822265625,3066.14990234375,3099.0,3041.0,3041.0,3097083
2021-03-16,2682.68994140625,3110.050048828125,3141.0,3060.0,3060.0,4894756
2021-03-17,2685.191162109375,3112.949951171875,3155.0,3085.300048828125,3105.0,3838390
2021-03-18,2619.246826171875,3036.5,3146.449951171875,2987.050048828125,3125.949951171875,3656306
2021-03-19,2631.064453125,3050.199951171875,3099.0,3005.0,3030.0,5776626
2021-03-22,2699.5966796875,3129.64990234375,3139.449951171875,3018.64990234375,3048.699951171875,2821646
2021-03-23,2710.767333984375,3142.60009765625,3169.0,3122.85009765625,3140.0,3305973
2021-03-24,2692.221923828125,3121.10009765625,3152.300048828125,3111.14990234375,3111.199951171875,2207104
2021-03-25,2643.701416015625,3064.85009765625,3130.85009765625,3050.0,3112.199951171875,3179786
2021-03-26,2645.383056640625,3066.800048828125,3118.0,3043.050048828125,3090.64990234375,3697370
2021-03-30,2724.525634765625,3158.550048828125,3188.449951171875,3060.89990234375,3083.0,4694008
2021-03-31,2741.174072265625,3177.85009765625,3205.0,3132.0,3155.0,3530069
2021-04-01,2730.08935546875,3165.0,3215.0,3145.0,3191.10009765625,4285076
2021-04-05,2793.834716796875,3238.89990234375,3263.0,3151.0,3171.0,5317862
2021-04-06,2816.0888671875,3264.699951171875,3275.0,3230.0,3275.0,2291562
2021-04-07,2821.868408203125,3271.39990234375,3277.550048828125,3234.800048828125,3259.0,2491268
2021-04-08,2861.504150390625,3317.35009765625,3335.0,3266.050048828125,3270.0,2578118
2021-04-09,2865.730712890625,3322.25,3354.35009765625,3308.0,3354.0,2911129
2021-04-12,2800.43310546875,3246.550048828125,3338.10009765625,3213.199951171875,3322.25,3791828
2021-04-13,2677.514892578125,3104.050048828125,3214.0,3073.050048828125,3214.0,8654596
2021-04-15,2776.625244140625,3218.949951171875,3237.25,3087.449951171875,3160.300048828125,6062760
2021-04-16,2756.09619140625,3195.14990234375,3247.0,3182.60009765625,3229.0,3224657
2021-04-19,2727.32861328125,3161.800048828125,3189.0,3135.10009765625,3169.0,2679106
2021-04-20,2712.449462890625,3144.550048828125,3225.35009765625,3126.35009765625,3225.0,3141893
2021-04-22,2690.2373046875,3118.800048828125,3148.0,3105.25,3148.0,1988980
2021-04-23,2682.21533203125,3109.5,3119.0,3091.050048828125,3105.0,1615309
2021-04-26,2674.7109375,3100.800048828125,3153.0,3088.050048828125,3102.050048828125,2490260
2021-04-27,2701.623779296875,3132.0,3136.10009765625,3103.0,3106.0,1471417
2021-04-28,2694.80908203125,3124.10009765625,3151.0,3112.0,3149.949951171875,1639037
2021-04-29,2687.175537109375,3115.25,3157.35009765625,3105.5,3145.60009765625,1621395
2021-04-30,2618.513427734375,3035.64990234375,3132.050048828125,3020.0,3099.0,3072305
2021-05-03,2619.677490234375,3037.0,3055.0,3004.0,3024.89990234375,1545831
2021-05-04,2630.6767578125,3049.75,3090.0,3035.0,3062.800048828125,1990777
2021-05-05,2670.311767578125,3095.699951171875,3099.39990234375,3052.39990234375,3070.0,1939289
2021-05-06,2683.897705078125,3111.449951171875,3134.0,3074.0,3105.5,1791671
2021-05-07,2702.400146484375,3132.89990234375,3159.85009765625,3111.800048828125,3133.0,1912540
2021-05-10,2713.2685546875,3145.5,3164.199951171875,3125.0,3145.949951171875,2137153
2021-05-11,2693.515869140625,3122.60009765625,3128.10009765625,3091.14990234375,3125.0,2415625
2021-05-12,2663.3251953125,3087.60009765625,3120.0,3070.60009765625,3120.0,1978558
2021-05-14,2632.185302734375,3051.5,3098.5,3040.0,3098.5,2043935
2021-05-17,2647.927734375,3069.75,3075.199951171875,3036.0,3055.0,2890462
2021-05-18,2664.360107421875,3088.800048828125,3124.0,3078.0,3100.0,2098538
2021-05-19,2658.49462890625,3082.0,3118.0,3067.10009765625,3084.0,1986041
2021-05-20,2639.517333984375,3060.0,3088.800048828125,3052.10009765625,3067.10009765625,2329027
2021-05-21,2657.20068359375,3080.5,3088.199951171875,3055.10009765625,3061.0,1685566
2021-05-24,2658.06298828125,3081.5,3105.0,3072.0,3081.5,1652260
2021-05-25,2699.236083984375,3114.0,3128.25,3082.10009765625,3092.0,1841613
2021-05-26,2737.8095703125,3158.5,3165.0,3103.800048828125,3120.0,1923753
2021-05-27,2756.4453125,3180.0,3217.75,3161.800048828125,3161.949951171875,5959785
2021-05-28,2724.894287109375,3143.60009765625,3198.0,3135.64990234375,3189.5,1763701
2021-05-31,2738.373046875,3159.14990234375,3170.35009765625,3128.60009765625,3150.0,1652799
2021-06-01,2733.041748046875,3153.0,3169.949951171875,3132.0,3168.60009765625,1377441
2021-06-02,2712.62841796875,3129.449951171875,3159.449951171875,3115.0,3150.85009765625,2240078
2021-06-03,2722.856689453125,3141.25,3154.550048828125,3122.64990234375,3154.550048828125,1281706
2021-06-04,2725.02392578125,3143.75,3156.85009765625,3125.0,3128.0,1836060
2021-06-07,2759.219482421875,3183.199951171875,3190.449951171875,3133.60009765625,3145.0,2559821
2021-06-08,2773.911376953125,3200.14990234375,3231.0,3187.199951171875,3198.0,2574057
2021-06-09,2773.998291015625,3200.25,3220.0,3186.199951171875,3202.0,1710925
2021-06-10,2788.3447265625,3216.800048828125,3224.0,3193.0,3210.0,1874324
2021-06-11,2837.751953125,3273.800048828125,3309.0,3211.0,3211.550048828125,3452954
2021-06-14,2839.962646484375,3276.35009765625,3308.699951171875,3270.35009765625,3279.0,1847360
2021-06-15,2828.173828125,3262.75,3298.0,3251.550048828125,3298.0,1304985
2021-06-16,2838.228271484375,3274.35009765625,3294.699951171875,3253.0,3262.10009765625,1635552
2021-06-17,2875.848388671875,3317.75,3336.050048828125,3260.0,3265.5,2273413
2021-06-18,2858.122314453125,3297.300048828125,3358.0,3275.0,3350.89990234375,3380431
2021-06-21,2837.145751953125,3273.10009765625,3286.0,3251.699951171875,3265.0,1130569
2021-06-22,2861.503173828125,3301.199951171875,3327.050048828125,3285.0,3304.0,1708688
2021-06-23,2827.00341796875,3261.39990234375,3329.0,3256.39990234375,3329.0,1467104
2021-06-24,2924.259765625,3373.60009765625,3383.0,3278.5,3284.0,4155204
2021-06-25,2930.500732421875,3380.800048828125,3399.64990234375,3350.0,3375.25,2722861
2021-06-28,2892.317138671875,3336.75,3391.5,3333.0,3391.5,1355238
2021-06-29,2895.8720703125,3340.85009765625,3366.300048828125,3326.5,3342.0,1497322
2021-06-30,2900.119384765625,3345.75,3382.0,3338.5,3346.0,1693146
2021-07-01,2896.434326171875,3341.5,3362.0,3332.35009765625,3358.0,990310
2021-07-02,2882.522705078125,3325.449951171875,3339.699951171875,3295.199951171875,3331.0,1682274
2021-07-05,2878.66552734375,3321.0,3374.0,3302.0,3342.0,1972858
2021-07-06,2827.783447265625,3262.300048828125,3328.0,3256.10009765625,3313.0,2159420
2021-07-07,2838.7490234375,3274.949951171875,3282.699951171875,3241.60009765625,3275.0,2640710
2021-07-08,2824.490478515625,3258.5,3298.0,3231.89990234375,3298.0,2485811
2021-07-09,2780.846435546875,3208.14990234375,3282.0,3201.0,3250.0,6365067
2021-07-12,2767.801025390625,3193.10009765625,3236.0,3188.35009765625,3235.0,1892226
2021-07-13,2762.990234375,3187.550048828125,3214.0,3175.0,3214.0,1809339
2021-07-14,2786.394287109375,3214.550048828125,3222.0,3185.0,3187.0,2044279
2021-07-15,2782.3974609375,3202.949951171875,3231.85009765625,3194.0,3227.60009765625,2232968
2021-07-16,2775.318359375,3194.800048828125,3219.85009765625,3192.0,3213.0,1256526
2021-07-19,2766.45751953125,3184.60009765625,3199.800048828125,3176.0,3180.0,1597058
2021-07-20,2784.874267578125,3205.800048828125,3215.0,3156.14990234375,3184.60009765625,1811945
2021-07-22,2794.03857421875,3216.35009765625,3224.949951171875,3190.0,3190.0,2859334
2021-07-23,2790.998046875,3212.85009765625,3241.550048828125,3206.64990234375,3230.0,1776193
2021-07-26,2777.706787109375,3197.550048828125,3224.25,3190.85009765625,3200.0,1259611
2021-07-27,2765.024169921875,3182.949951171875,3210.0,3161.14990234375,3200.0,1121367
2021-07-28,2777.92431640625,3197.800048828125,3204.449951171875,3132.39990234375,3188.0,1660654
2021-07-29,2776.1865234375,3195.800048828125,3225.449951171875,3190.300048828125,3200.25,1731997
2021-07-30,2751.55908203125,3167.449951171875,3223.5,3162.35009765625,3219.0,2999943
2021-08-02,2796.687744140625,3219.39990234375,3224.89990234375,3167.0,3180.0,2608669
2021-08-03,2853.58740234375,3284.89990234375,3290.0,3218.949951171875,3229.0,3804735
2021-08-04,2844.0751953125,3273.949951171875,3305.199951171875,3261.199951171875,3300.0,2929598
2021-08-05,2852.761962890625,3283.949951171875,3315.0,3262.5,3275.0,2534521
2021-08-06,2875.2177734375,3309.800048828125,3324.0,3265.0,3272.550048828125,2292362
2021-08-09,2886.424072265625,3322.699951171875,3337.0,3310.0,3323.89990234375,1510489
2021-08-10,2896.153564453125,3333.89990234375,3349.89990234375,3315.60009765625,3315.60009765625,2040777
2021-08-11,2905.101806640625,3344.199951171875,3360.0,3327.10009765625,3350.0,1929707
2021-08-12,2911.66015625,3351.75,3368.0,3326.0,3326.0,1310205
2021-08-13,3008.649658203125,3463.39990234375,3480.0,3357.5,3360.75,4363584
2021-08-16,3016.9462890625,3472.949951171875,3494.35009765625,3436.5,3460.0,2083489
2021-08-17,3086.529052734375,3553.050048828125,3560.800048828125,3463.0,3482.10009765625,4336019
2021-08-18,3093.044677734375,3560.550048828125,3595.0,3536.60009765625,3573.85009765625,2631309
2021-08-20,3092.132080078125,3559.5,3575.0,3500.0,3506.0,2836148
2021-08-23,3159.80419921875,3637.39990234375,3673.0,3561.89990234375,3580.0,3744176
2021-08-24,3138.781982421875,3613.199951171875,3667.35009765625,3594.39990234375,3657.0,2511141
2021-08-25,3178.568115234375,3659.0,3697.75,3607.050048828125,3610.0,2123263
2021-08-26,3189.731201171875,3671.85009765625,3687.60009765625,3647.89990234375,3660.0,1902533
2021-08-27,3231.68896484375,3720.14990234375,3729.5,3651.10009765625,3666.0,3944728
2021-08-30,3215.314208984375,3701.300048828125,3740.35009765625,3687.60009765625,3715.0,2033114
2021-08-31,3289.283447265625,3786.449951171875,3804.10009765625,3703.449951171875,3709.39990234375,3207480
2021-09-01,3227.17138671875,3714.949951171875,3816.699951171875,3707.0,3796.0,2643336
2021-09-02,3332.978515625,3836.75,3859.14990234375,3722.0,3734.0,3403717
2021-09-03,3337.5830078125,3842.050048828125,3856.89990234375,3804.550048828125,3825.0,1746812
2021-09-06,3346.226318359375,3852.0,3877.60009765625,3814.0,3849.699951171875,1723693
2021-09-07,3314.866455078125,3815.89990234375,3869.949951171875,3808.25,3864.0,1585039
2021-09-08,3278.59814453125,3774.14990234375,3815.0,3756.0,3810.0,4147175
2021-09-09,3293.583740234375,3791.39990234375,3808.699951171875,3765.0,3789.699951171875,1441148
2021-09-13,3340.449462890625,3845.35009765625,3852.39990234375,3767.0,3767.0,1691473
2021-09-14,3375.67529296875,3885.89990234375,3896.5,3825.0,3849.949951171875,1991188
2021-09-15,3435.312255859375,3954.550048828125,3980.0,3866.0,3882.10009765625,2461369
2021-09-16,3390.790771484375,3903.300048828125,3981.75,3892.10009765625,3930.0,2946666
2021-09-17,3325.2470703125,3827.85009765625,3945.0,3805.0,3920.0,6477148
2021-09-20,3321.468994140625,3823.5,3871.0,3807.85009765625,3809.0,2002008
2021-09-21,3355.739013671875,3862.949951171875,3871.550048828125,3821.64990234375,3858.0,1568129
2021-09-22,3355.043701171875,3862.14990234375,3896.85009765625,3852.449951171875,3862.5,1744067
2021-09-23,3361.2119140625,3869.25,3879.0,3835.0,3870.0,2003869
2021-09-24,3362.992919921875,3871.300048828125,3944.39990234375,3855.0,3890.0,2320754
2021-09-27,3333.15234375,3836.949951171875,3904.0,3802.89990234375,3900.0,1673362
2021-09-28,3282.94189453125,3779.14990234375,3850.0,3751.25,3850.0,2253075
2021-09-29,3294.01806640625,3791.89990234375,3806.0,3722.14990234375,3759.800048828125,2489161
2021-09-30,3279.815185546875,3775.550048828125,3805.0,3750.10009765625,3805.0,2252412
2021-10-01,3240.4189453125,3730.199951171875,3810.0,3725.0,3781.75,1578374
2021-10-04,3277.860595703125,3773.300048828125,3783.64990234375,3707.449951171875,3724.800048828125,1356860
2021-10-05,3329.982421875,3833.300048828125,3840.0,3741.60009765625,3754.0,1877966
2021-10-06,3310.5234375,3810.89990234375,3857.449951171875,3795.0,3836.0,1678154
2021-10-07,3381.756103515625,3892.89990234375,3899.0,3820.050048828125,3830.0,1647233
2021-10-08,3418.892822265625,3935.64990234375,3989.89990234375,3900.0,3925.0,2934339
2021-10-11,3201.67578125,3685.60009765625,3757.5,3660.0,3755.0,11845402
2021-10-12,3173.225341796875,3652.85009765625,3707.0,3630.60009765625,3706.0,5752877
2021-10-13,3175.266845703125,3655.199951171875,3675.449951171875,3645.0,3650.0,3545655
2021-10-14,3143.280517578125,3611.449951171875,3670.0,3608.199951171875,3625.0,6442299
2021-10-18,3174.353271484375,3647.14990234375,3652.699951171875,3601.449951171875,3603.449951171875,3590107
2021-10-19,3163.0380859375,3634.14990234375,3690.10009765625,3625.199951171875,3669.0,3135441
2021-10-20,3141.0185546875,3608.85009765625,3630.0,3578.300048828125,3612.0,2933693
2021-10-21,3074.565673828125,3532.5,3607.449951171875,3511.25,3604.10009765625,4871211
2021-10-22,3045.27734375,3498.85009765625,3561.60009765625,3485.0,3560.0,2691670
2021-10-25,3040.142333984375,3492.949951171875,3514.550048828125,3450.0,3503.0,2595594
2021-10-26,3031.134521484375,3482.60009765625,3529.0,3475.0,3494.5,3878763
2021-10-27,3037.35791015625,3489.75,3511.25,3483.0,3483.0,2510813
2021-10-28,2978.085205078125,3421.64990234375,3518.0,3415.0,3518.0,2424942
2021-10-29,2957.283935546875,3397.75,3461.0,3385.949951171875,3400.050048828125,3960501
2021-11-01,3025.73828125,3476.39990234375,3487.0,3412.949951171875,3437.949951171875,2020718
2021-11-02,3032.526611328125,3484.199951171875,3513.60009765625,3469.75,3494.0,3087414
2021-11-03,3039.532958984375,3492.25,3519.89990234375,3466.050048828125,3504.199951171875,1537639
2021-11-04,3053.8076171875,3508.64990234375,3513.25,3505.0,3512.949951171875,328991
2021-11-08,3048.671875,3502.75,3548.0,3481.199951171875,3548.0,2526082
2021-11-09,3051.23974609375,3505.699951171875,3535.0,3496.0,3508.0,1782692
2021-11-10,3032.6142578125,3484.300048828125,3519.699951171875,3480.199951171875,3498.0,1516489
2021-11-11,3036.0087890625,3488.199951171875,3510.050048828125,3436.0,3480.0,1284514
2021-11-12,3068.951904296875,3526.050048828125,3534.14990234375,3485.699951171875,3506.0,1747259
2021-11-15,3092.66943359375,3553.300048828125,3569.60009765625,3528.0,3528.0,1809157
2021-11-16,3095.367431640625,3556.39990234375,3575.550048828125,3542.0,3569.0,2013204
2021-11-17,3065.33984375,3521.89990234375,3562.85009765625,3506.39990234375,3550.60009765625,1632914
2021-11-18,3025.12890625,3475.699951171875,3520.85009765625,3451.60009765625,3515.14990234375,2136598
2021-11-22,3010.071533203125,3458.39990234375,3515.949951171875,3440.300048828125,3478.39990234375,3167936
2021-11-23,3015.163330078125,3464.25,3480.949951171875,3407.800048828125,3445.0,2153461
2021-11-24,2996.928955078125,3443.300048828125,3493.050048828125,3424.0,3472.199951171875,2161746
2021-11-25,2999.19189453125,3445.89990234375,3463.0,3434.050048828125,3443.89990234375,1849619
2021-11-26,3000.01904296875,3446.85009765625,3490.0,3411.89990234375,3425.0,1941251
2021-11-29,3048.019287109375,3502.0,3529.35009765625,3406.449951171875,3447.14990234375,2981745
2021-11-30,3071.650146484375,3529.14990234375,3563.75,3491.0,3491.0,5588446
2021-12-01,3113.993408203125,3577.800048828125,3590.0,3535.0,3535.0,2102118
2021-12-02,3170.6533203125,3642.89990234375,3648.0,3574.10009765625,3589.199951171875,3152938
2021-12-03,3168.521484375,3640.449951171875,3665.949951171875,3630.85009765625,3646.449951171875,2486263
2021-12-06,3077.959716796875,3536.39990234375,3658.0,3522.0,3640.449951171875,1849642
2021-12-07,3119.824951171875,3584.5,3598.0,3524.300048828125,3562.5,1484458
2021-12-08,3156.727294921875,3626.89990234375,3646.449951171875,3601.0,3601.0,1428660
2021-12-09,3134.838623046875,3601.75,3634.75,3566.0,3610.0,1567957
2021-12-10,3165.3447265625,3636.800048828125,3642.0,3575.10009765625,3585.0,1510718
2021-12-13,3141.7138671875,3609.64990234375,3662.0,3601.699951171875,3650.0,1883864
2021-12-14,3154.02978515625,3623.800048828125,3635.0,3576.699951171875,3605.0,1747007
2021-12-15,3107.509033203125,3570.35009765625,3623.0,3558.14990234375,3620.0,1603233
2021-12-16,3117.300537109375,3581.60009765625,3608.449951171875,3570.0,3582.0,2072320
2021-12-17,3119.6943359375,3584.35009765625,3651.35009765625,3573.699951171875,3602.5,4333992
2021-12-20,3095.802490234375,3556.89990234375,3606.0,3510.14990234375,3589.0,2312310
2021-12-21,3140.539306640625,3608.300048828125,3641.199951171875,3566.39990234375,3582.64990234375,2340989
2021-12-22,3160.07861328125,3630.75,3636.800048828125,3606.25,3624.0,1224328
2021-12-23,3187.88720703125,3662.699951171875,3670.5,3630.0,3648.0,1792861
2021-12-24,3195.024658203125,3670.89990234375,3705.0,3644.800048828125,3685.0,2209923
2021-12-27,3216.957275390625,3696.10009765625,3700.0,3653.10009765625,3671.0,1534135
2021-12-28,3226.052490234375,3706.550048828125,3725.0,3693.85009765625,3710.0,1456218
2021-12-29,3215.738525390625,3694.699951171875,3719.949951171875,3685.0,3692.25,1456923
2021-12-30,3249.72607421875,3733.75,3740.0,3680.0,3681.35009765625,1966475
2021-12-31,3253.72998046875,3738.35009765625,3760.0,3731.300048828125,3742.800048828125,1207141
2022-01-03,3322.836669921875,3817.75,3830.0,3745.0,3750.0,2346158
2022-01-04,3381.1513671875,3884.75,3889.14990234375,3811.699951171875,3831.10009765625,2488606
2022-01-05,3360.436767578125,3860.949951171875,3870.0,3812.39990234375,3865.0,1733031
2022-01-06,3313.87255859375,3807.449951171875,3835.0,3772.0,3812.0,1810293
2022-01-07,3353.952880859375,3853.5,3864.89990234375,3796.39990234375,3820.0,2460591
2022-01-10,3376.88720703125,3879.85009765625,3978.0,3861.0,3978.0,3937092
2022-01-11,3408.263671875,3915.89990234375,3925.0,3856.0,3856.0,1906106
2022-01-12,3359.522705078125,3859.89990234375,3929.0,3836.550048828125,3925.0,3203744
2022-01-13,3392.5966796875,3897.89990234375,3923.0,3857.0,3918.0,6684507
2022-01-14,3453.74072265625,3968.14990234375,3977.0,3860.050048828125,3877.85009765625,3348123
2022-01-17,3498.12890625,4019.14990234375,4043.0,3962.300048828125,3992.699951171875,3442604
2022-01-18,3473.27978515625,3990.60009765625,4041.699951171875,3980.0,4033.949951171875,2389041
2022-01-19,3413.162353515625,3914.64990234375,4012.0,3910.5,4012.0,3102539
2022-01-20,3336.3486328125,3826.550048828125,3920.0,3811.0,3910.0,6176776
2022-01-21,3342.40869140625,3833.5,3851.550048828125,3771.10009765625,3807.0,3112358
2022-01-24,3288.219970703125,3771.35009765625,3849.64990234375,3740.10009765625,3840.0,3258414
2022-01-25,3286.955810546875,3769.89990234375,3809.39990234375,3722.199951171875,3769.5,3330501
2022-01-27,3181.761962890625,3649.25,3733.39990234375,3625.10009765625,3731.0,5718297
2022-01-28,3217.334716796875,3690.050048828125,3729.800048828125,3646.0,3646.0,3143862
2022-01-31,3257.616943359375,3736.25,3758.0,3721.39990234375,3749.0,2739393
2022-02-01,3313.766845703125,3800.64990234375,3808.0,3736.39990234375,3770.0,2105169
2022-02-02,3362.20068359375,3856.199951171875,3864.0,3800.64990234375,3827.89990234375,1984212
2022-02-03,3334.64892578125,3824.60009765625,3882.5,3816.050048828125,3851.0,1960538
2022-02-04,3326.19140625,3814.89990234375,3824.699951171875,3769.0,3815.300048828125,2307366
2022-02-07,3294.890625,3779.0,3831.800048828125,3756.14990234375,3791.0,1919149
2022-02-08,3263.89404296875,3743.449951171875,3799.699951171875,3721.0,3791.550048828125,2946443
2022-02-09,3278.80419921875,3760.550048828125,3777.949951171875,3746.10009765625,3750.0,1638721
2022-02-10,3287.34765625,3770.35009765625,3789.800048828125,3758.0,3789.800048828125,2112459
2022-02-11,3221.607421875,3694.949951171875,3752.5,3690.0,3752.5,3851488
2022-02-14,3255.4365234375,3733.75,3793.25,3710.0,3724.0,5951745
2022-02-15,3328.719970703125,3817.800048828125,3835.0,3748.0,3786.0,3931683
2022-02-16,3324.6220703125,3813.10009765625,3854.10009765625,3806.0,3844.0,3256906
2022-02-17,3299.423828125,3784.199951171875,3835.0,3779.0,3825.0,3134372
2022-02-18,3307.88134765625,3793.89990234375,3815.949951171875,3757.60009765625,3769.0,3688883
2022-02-21,3242.92529296875,3719.39990234375,3827.800048828125,3705.550048828125,3810.0,7465922
2022-02-22,3126.963134765625,3586.39990234375,3667.89990234375,3570.0,3650.0,5408531
2022-02-23,3107.258544921875,3563.800048828125,3622.89990234375,3555.64990234375,3611.0,2426203
2022-02-24,2965.880859375,3401.64990234375,3483.85009765625,3391.10009765625,3474.0,5039136
2022-02-25,3069.723388671875,3520.75,3530.0,3462.0,3468.0,2549723
2022-02-28,3098.888427734375,3554.199951171875,3563.75,3455.89990234375,3490.0,3288942
2022-03-02,3091.869140625,3546.14990234375,3571.949951171875,3506.0,3552.5,2761341
2022-03-03,3090.343505859375,3544.39990234375,3578.60009765625,3530.10009765625,3562.85009765625,1928039
2022-03-04,3072.8623046875,3524.35009765625,3561.199951171875,3487.050048828125,3501.5,2370257
2022-03-07,3038.46533203125,3484.89990234375,3548.0,3431.550048828125,3450.0,3054130
2022-03-08,3138.77734375,3599.949951171875,3609.0,3460.0,3460.0,3300992
2022-03-09,3167.24462890625,3632.60009765625,3654.0,3597.050048828125,3605.0,2719654
2022-03-10,3157.0869140625,3620.949951171875,3684.0,3615.0,3684.0,2005441
2022-03-11,3138.07958984375,3599.14990234375,3639.85009765625,3592.85009765625,3603.25,1623423
2022-03-14,3176.3125,3643.0,3648.35009765625,3580.0,3580.0,1765688
2022-03-15,3133.501953125,3593.89990234375,3659.0,3585.39990234375,3659.0,3651133
2022-03-16,3187.559814453125,3655.89990234375,3668.0,3616.25,3640.5,3090475
2022-03-17,3202.2509765625,3672.75,3710.0,3660.300048828125,3696.60009765625,3600452
2022-03-21,3162.1005859375,3626.699951171875,3713.949951171875,3615.0,3696.0,2413831
2022-03-22,3226.8388671875,3700.949951171875,3711.0,3625.0,3640.0,2907611
2022-03-23,3236.822265625,3712.39990234375,3729.800048828125,3690.0,3708.0,1596195
2022-03-24,3269.47509765625,3749.85009765625,3758.199951171875,3695.0,3700.0,1879046
2022-03-25,3232.505859375,3707.449951171875,3779.5,3672.0,3759.89990234375,1690133
2022-03-28,3232.72412109375,3707.699951171875,3713.0,3661.199951171875,3695.0,1760990
2022-03-29,3230.67529296875,3705.35009765625,3722.0,3691.0,3694.75,2689063
2022-03-30,3253.518798828125,3731.550048828125,3738.0,3706.199951171875,3738.0,1583455
2022-03-31,3260.8427734375,3739.949951171875,3754.64990234375,3720.199951171875,3740.0,2168110
2022-04-01,3277.234130859375,3758.75,3763.0,3728.050048828125,3748.0,1387014
2022-04-04,3287.34765625,3770.35009765625,3780.0,3737.10009765625,3762.0,1472994
2022-04-05,3326.104248046875,3814.800048828125,3835.60009765625,3772.0,3772.0,2314947
2022-04-06,3274.269287109375,3755.35009765625,3809.300048828125,3731.14990234375,3809.300048828125,2051729
2022-04-07,3212.191162109375,3684.14990234375,3745.5,3679.0,3745.5,2494829
2022-04-08,3213.49853515625,3685.64990234375,3705.0,3642.5,3690.0,2296773
2022-04-11,3222.871337890625,3696.39990234375,3712.35009765625,3656.10009765625,3690.0,2291660
2022-04-12,3218.251220703125,3691.10009765625,3739.0,3648.35009765625,3683.0,4483476
2022-04-13,3192.834716796875,3661.949951171875,3709.85009765625,3655.550048828125,3707.0,1621672
2022-04-18,3076.088134765625,3528.050048828125,3610.0,3522.5,3610.0,3820792
2022-04-19,3027.13134765625,3471.89990234375,3563.550048828125,3439.14990234375,3550.0,3170014
2022-04-20,3101.1552734375,3556.800048828125,3569.14990234375,3480.0,3500.0,2640370
2022-04-21,3163.80078125,3628.64990234375,3644.0,3567.39990234375,3580.0,2280996
2022-04-22,3149.763916015625,3612.550048828125,3617.0,3571.5,3581.10009765625,1581465
2022-04-25,3093.65673828125,3548.199951171875,3584.0,3533.10009765625,3558.0,1960694
2022-04-26,3092.00048828125,3546.300048828125,3587.89990234375,3518.14990234375,3575.14990234375,1943469
2022-04-27,3104.99169921875,3561.199951171875,3568.449951171875,3506.300048828125,3546.0,1727648
2022-04-28,3125.13232421875,3584.300048828125,3604.39990234375,3538.050048828125,3588.0,1703660
2022-04-29,3092.34912109375,3546.699951171875,3623.25,3536.85009765625,3597.0,2051115
2022-05-02,3088.599609375,3542.39990234375,3547.949951171875,3492.75,3519.89990234375,1324161
2022-05-04,3033.975341796875,3479.75,3545.449951171875,3465.300048828125,3538.5,2305825
2022-05-05,3063.315185546875,3513.39990234375,3533.0,3485.35009765625,3512.10009765625,1612262
2022-05-06,2992.866455078125,3432.60009765625,3474.5,3424.5,3459.0,2010812
2022-05-09,3003.7646484375,3445.10009765625,3456.0,3346.85009765625,3398.0,2481830
2022-05-10,2998.227783203125,3438.75,3464.800048828125,3422.0,3434.0,1622685
2022-05-11,2974.905029296875,3412.0,3448.449951171875,3382.14990234375,3435.0,1841769
2022-05-12,2971.98388671875,3408.64990234375,3449.699951171875,3350.10009765625,3378.0,2807195
2022-05-13,2977.4326171875,3414.89990234375,3439.89990234375,3382.14990234375,3435.0,2187823
2022-05-16,2944.214111328125,3376.800048828125,3430.0,3366.60009765625,3415.0,1195813
2022-05-17,3009.431640625,3451.60009765625,3467.0,3350.39990234375,3370.0,1754076
2022-05-18,3006.990478515625,3448.800048828125,3495.0,3443.050048828125,3465.0,1866781
2022-05-19,2844.076904296875,3261.949951171875,3405.0,3230.0,3397.0,4642963
2022-05-20,2871.1494140625,3293.0,3313.89990234375,3270.050048828125,3310.0,3065125
2022-05-23,2896.216064453125,3321.75,3338.89990234375,3267.0,3304.800048828125,2293690
2022-05-24,2866.78955078125,3288.0,3324.85009765625,3275.60009765625,3315.14990234375,1711510
2022-05-25,2780.4609375,3167.64990234375,3292.85009765625,3154.050048828125,3292.85009765625,3548046
2022-05-26,2832.51318359375,3226.949951171875,3241.5,3180.550048828125,3191.0,2813186
2022-05-27,2862.664306640625,3261.300048828125,3278.89990234375,3229.199951171875,3253.199951171875,3103153
2022-05-30,2962.68603515625,3375.25,3386.60009765625,3286.35009765625,3297.0,2094624
2022-05-31,2953.118408203125,3364.35009765625,3383.39990234375,3325.0,3354.14990234375,4840965
2022-06-01,2945.086669921875,3355.199951171875,3388.0,3340.050048828125,3388.0,1493835
2022-06-02,3004.59912109375,3423.0,3432.0,3346.300048828125,3355.0,2657939
2022-06-03,3019.653076171875,3440.14990234375,3477.300048828125,3431.199951171875,3459.39990234375,1913622
2022-06-06,3011.57763671875,3430.949951171875,3453.0,3377.14990234375,3418.0,1084210
2022-06-07,2951.67041015625,3362.699951171875,3418.85009765625,3356.0,3401.050048828125,2308256
2022-06-08,2988.053466796875,3404.14990234375,3413.949951171875,3346.5,3380.14990234375,2185707
2022-06-09,3008.198486328125,3427.10009765625,3437.0,3353.10009765625,3385.0,1279197
2022-06-10,2949.2119140625,3359.89990234375,3393.0,3352.0,3382.0,1527582
2022-06-13,2826.061279296875,3219.60009765625,3293.0,3192.449951171875,3290.0,3030921
2022-06-14,2818.116943359375,3210.550048828125,3238.89990234375,3174.699951171875,3190.0,2611493
2022-06-15,2814.386962890625,3206.300048828125,3234.0,3201.0,3218.5,1404536
2022-06-16,2757.946533203125,3142.0,3244.85009765625,3133.050048828125,3240.0,2032028
2022-06-17,2711.336669921875,3088.89990234375,3118.75,3023.85009765625,3092.0,5240434
2022-06-20,2731.96435546875,3112.39990234375,3138.75,3069.0,3094.0,1502769
2022-06-21,2819.3466796875,3211.949951171875,3237.75,3125.39990234375,3130.0,2964461
2022-06-22,2829.002197265625,3222.949951171875,3250.550048828125,3183.0,3199.89990234375,3336315
2022-06-23,2904.3583984375,3308.800048828125,3318.0,3222.949951171875,3222.949951171875,3692578
2022-06-24,2890.57763671875,3293.10009765625,3345.0,3277.5,3339.0,2132118
2022-06-27,2909.537353515625,3314.699951171875,3362.89990234375,3306.5,3350.0,2037686
2022-06-28,2912.565185546875,3318.14990234375,3330.0,3272.60009765625,3307.0,1400046
2022-06-29,2888.295166015625,3290.5,3333.0,3271.0,3271.0,2133994
2022-06-30,2867.755615234375,3267.10009765625,3310.89990234375,3255.0,3272.0,2719603
2022-07-01,2909.887939453125,3315.10009765625,3333.0,3252.050048828125,3260.0,1502879
2022-07-04,2839.622802734375,3235.050048828125,3317.949951171875,3225.050048828125,3312.0,2622535
2022-07-05,2823.16455078125,3216.300048828125,3272.0,3206.949951171875,3255.0,2170627
2022-07-06,2862.181640625,3260.75,3268.5,3202.25,3218.5,2182144
2022-07-07,2885.96923828125,3287.85009765625,3319.39990234375,3265.050048828125,3271.0,1989921
2022-07-08,2866.306884765625,3265.449951171875,3305.0,3250.0,3300.0,2136916
2022-07-11,2733.193115234375,3113.800048828125,3225.0,3106.0,3206.14990234375,6974600
2022-07-12,2707.64990234375,3084.699951171875,3136.199951171875,3080.25,3114.89990234375,3734815
2022-07-13,2667.317138671875,3038.75,3110.0,3035.0,3104.0,3863530
2022-07-14,2639.154296875,2998.75,3057.0,2967.0,3056.0,4764908
2022-07-15,2635.50244140625,2994.60009765625,3028.89990234375,2953.0,3018.550048828125,4574806
2022-07-18,2696.1396484375,3063.5,3076.949951171875,3014.300048828125,3023.0,3202795
2022-07-19,2705.6005859375,3074.25,3078.949951171875,3030.050048828125,3030.050048828125,1865074
2022-07-20,2785.292236328125,3164.800048828125,3171.949951171875,3098.050048828125,3107.800048828125,3402251
2022-07-21,2796.293701171875,3177.300048828125,3184.0,3144.050048828125,3167.0,2420640
2022-07-22,2790.74951171875,3171.0,3197.0,3143.5,3185.0,2075886
2022-07-25,2787.0087890625,3166.75,3186.449951171875,3149.10009765625,3165.0,1797504
2022-07-26,2742.25634765625,3115.89990234375,3168.89990234375,3096.5,3164.699951171875,2639367
2022-07-27,2806.45849609375,3188.85009765625,3194.10009765625,3110.0,3115.0,1389808
2022-07-28,2869.5166015625,3260.5,3264.0,3201.64990234375,3216.0,2106333
2022-07-29,2905.95166015625,3301.89990234375,3317.300048828125,3275.0,3290.0,2430257
2022-08-01,2903.223876953125,3298.800048828125,3327.0,3271.0,3327.0,1306913
2022-08-02,2897.063232421875,3291.800048828125,3312.89990234375,3271.64990234375,3290.0,1269114
2022-08-03,2939.043701171875,3339.5,3349.0,3277.050048828125,3280.0,2895824
2022-08-04,2952.640625,3354.949951171875,3387.89990234375,3307.35009765625,3350.0,2150567
2022-08-05,2961.52978515625,3365.050048828125,3377.0,3355.0,3361.199951171875,1106933
2022-08-08,2969.80224609375,3374.449951171875,3378.89990234375,3336.0,3365.0,1068836
2022-08-10,2952.024169921875,3354.25,3385.0,3335.0,3385.0,1878359
2022-08-11,3012.09033203125,3422.5,3428.699951171875,3375.050048828125,3400.0,1449248
2022-08-12,2993.65283203125,3401.550048828125,3419.0,3381.25,3419.0,1472354
2022-08-16,2985.864013671875,3392.699951171875,3414.85009765625,3387.5,3411.0,839942
2022-08-17,2993.2568359375,3401.10009765625,3417.949951171875,3371.10009765625,3385.10009765625,1622326
2022-08-18,2975.786865234375,3381.25,3392.0,3362.0,3390.0,1430659
2022-08-19,2979.747314453125,3385.75,3421.5,3371.25,3387.0,1398410
2022-08-22,2952.28857421875,3354.550048828125,3384.10009765625,3347.39990234375,3365.0,1536532
2022-08-23,2890.72705078125,3284.60009765625,3341.89990234375,3270.0,3319.949951171875,1849256
2022-08-24,2864.98388671875,3255.35009765625,3308.0,3250.199951171875,3292.0,1691923
2022-08-25,2832.28857421875,3218.199951171875,3278.14990234375,3214.75,3276.0,1946930
2022-08-26,2835.808837890625,3222.199951171875,3257.0,3216.800048828125,3234.300048828125,1457962
2022-08-29,2756.90966796875,3132.550048828125,3142.699951171875,3081.0,3125.0,2539173
2022-08-30,2826.084716796875,3211.14990234375,3226.5,3142.10009765625,3155.0,3431525
2022-09-01,2756.161865234375,3131.699951171875,3190.0,3121.0,3190.0,3546935
2022-09-02,2755.017578125,3130.39990234375,3163.0,3120.300048828125,3163.0,2052900
2022-09-05,2757.65771484375,3133.39990234375,3147.949951171875,3112.25,3123.64990234375,2147912
2022-09-06,2752.069091796875,3127.050048828125,3140.85009765625,3106.35009765625,3135.5,1936453
2022-09-07,2771.915283203125,3149.60009765625,3161.89990234375,3102.0,3102.0,1291534
2022-09-08,2789.560546875,3169.64990234375,3183.5,3160.10009765625,3170.0,1346113
2022-09-09,2831.805419921875,3217.64990234375,3233.5,3168.5,3195.0,1561185
2022-09-12,2854.071044921875,3242.949951171875,3269.800048828125,3225.0,3239.89990234375,1785928
2022-09-13,2842.101806640625,3229.35009765625,3263.449951171875,3225.0,3263.449951171875,1972678
2022-09-14,2746.21630859375,3120.39990234375,3141.39990234375,3113.800048828125,3135.0,5090269
2022-09-15,2732.091064453125,3104.35009765625,3137.75,3100.0,3130.0,2138023
2022-09-16,2647.91162109375,3008.699951171875,3094.35009765625,3000.0,3076.0,5322221
2022-09-19,2665.601318359375,3028.800048828125,3042.0,2987.800048828125,3036.0,2072220
2022-09-20,2675.7216796875,3040.300048828125,3079.949951171875,3030.0,3050.0,1544295
2022-09-21,2641.310546875,3001.199951171875,3041.39990234375,2998.14990234375,3028.0,2253818
2022-09-22,2646.767578125,3007.39990234375,3029.949951171875,2979.300048828125,2990.0,2017983
2022-09-23,2624.456787109375,2982.050048828125,3022.5,2979.0,3004.0,2652374
2022-09-26,2635.32568359375,2994.39990234375,3025.85009765625,2926.10009765625,2959.85009765625,2925489
2022-09-27,2655.6123046875,3017.449951171875,3025.0,2976.0,3009.39990234375,2227447
2022-09-28,2671.62939453125,3035.64990234375,3049.949951171875,2980.0,2980.0,2739767
2022-09-29,2637.87890625,2997.300048828125,3055.85009765625,2990.0,3054.0,2493902
2022-09-30,2644.259033203125,3004.550048828125,3019.699951171875,2950.10009765625,2990.85009765625,2817353
2022-10-03,2627.00927734375,2984.949951171875,3020.699951171875,2974.0,2995.0,1763331
2022-10-04,2720.4736328125,3091.14990234375,3098.0,3023.0,3029.949951171875,2145875
2022-10-06,2729.979736328125,3101.949951171875,3124.0,3092.449951171875,3111.0,1790816
2022-10-07,2697.3720703125,3064.89990234375,3105.0,3058.10009765625,3097.39990234375,1939879
2022-10-10,2744.58837890625,3118.550048828125,3127.0,3005.0,3010.0,3064063
2022-10-11,2701.464599609375,3069.550048828125,3145.0,3053.35009765625,3100.0,4730645
2022-10-12,2728.923095703125,3100.75,3109.89990234375,3062.050048828125,3084.89990234375,1665247
2022-10-13,2731.167236328125,3103.300048828125,3110.0,3052.35009765625,3100.75,2054781
2022-10-14,2727.514892578125,3099.14990234375,3150.0,3071.0,3145.0,2245977
2022-10-17,2745.69189453125,3111.75,3128.39990234375,3071.449951171875,3072.64990234375,1517005
2022-10-18,2774.765380859375,3144.699951171875,3155.35009765625,3128.550048828125,3150.0,1793722
2022-10-19,2754.60400390625,3121.85009765625,3159.0,3112.0,3159.0,1194289
2022-10-20,2785.8828125,3157.300048828125,3160.0,3105.0,3105.0,1587601
2022-10-21,2768.32421875,3137.39990234375,3160.39990234375,3127.0,3157.800048828125,1021913
2022-10-24,2789.765380859375,3161.699951171875,3178.0,3155.0,3170.10009765625,260949
2022-10-25,2790.118408203125,3162.10009765625,3184.25,3151.14990234375,3180.5,2069643
2022-10-27,2785.9716796875,3157.39990234375,3174.0,3134.35009765625,3160.699951171875,2438421
2022-10-28,2791.13330078125,3163.25,3178.5,3145.0,3150.0,1355739
2022-10-31,2817.51611328125,3193.14990234375,3199.0,3177.800048828125,3199.0,1919414
2022-11-01,2876.237060546875,3259.699951171875,3262.60009765625,3203.449951171875,3214.5,2991060
2022-11-02,2860.3544921875,3241.699951171875,3270.0,3222.050048828125,3270.0,1405955
2022-11-03,2829.51611328125,3206.75,3228.050048828125,3195.0,3228.050048828125,1422652
2022-11-04,2838.91357421875,3217.39990234375,3220.050048828125,3166.14990234375,3217.0,1464013
2022-11-07,2853.2958984375,3233.699951171875,3242.800048828125,3195.10009765625,3229.0,1474498
2022-11-09,2837.72216796875,3216.050048828125,3249.800048828125,3201.64990234375,3249.800048828125,1162267
2022-11-10,2828.545654296875,3205.64990234375,3225.0,3170.0,3170.0,1573092
2022-11-11,2925.8701171875,3315.949951171875,3341.60009765625,3255.050048828125,3269.60009765625,3265394
2022-11-14,2943.1201171875,3335.5,3349.0,3309.0,3324.0,1342074
2022-11-15,2940.560791015625,3332.60009765625,3339.949951171875,3292.0,3321.0,1400708
2022-11-16,2960.63525390625,3355.35009765625,3367.89990234375,3321.449951171875,3338.89990234375,1748235
2022-11-17,2955.0322265625,3349.0,3360.0,3317.75,3340.0,1417986
2022-11-18,2950.134765625,3343.449951171875,3362.75,3321.0,3350.0,1164540
2022-11-21,2897.2373046875,3283.5,3333.699951171875,3273.0,3322.5,1304194
2022-11-22,2924.9873046875,3314.949951171875,3318.949951171875,3255.25,3280.0,1149739
2022-11-23,2919.1201171875,3308.300048828125,3330.0,3291.0,3330.0,1150011
2022-11-24,2982.517578125,3380.14990234375,3392.949951171875,3308.300048828125,3316.25,1296591
2022-11-25,2990.89990234375,3389.64990234375,3403.35009765625,3348.0,3383.0,1588981
2022-11-28,2995.841064453125,3395.25,3417.0,3365.550048828125,3366.0,2195437
2022-11-29,2997.694091796875,3397.35009765625,3429.0,3383.0,3383.0,1576028
2022-11-30,2991.91455078125,3390.800048828125,3414.89990234375,3375.0,3383.0,3410702
2022-12-01,3066.783203125,3475.64990234375,3480.0,3420.0,3425.0,2180856
2022-12-02,3034.57666015625,3439.14990234375,3468.89990234375,3413.0,3458.10009765625,2411749
2022-12-05,3022.88525390625,3425.89990234375,3439.14990234375,3407.0,3433.0,1475065
2022-12-06,2987.1064453125,3385.35009765625,3407.949951171875,3368.0,3400.050048828125,1166999
2022-12-07,2982.91455078125,3380.60009765625,3393.699951171875,3354.0,3368.300048828125,1167505
2022-12-08,2956.399658203125,3350.550048828125,3380.60009765625,3339.449951171875,3360.0,1285619
2022-12-09,2905.399169921875,3292.75,3374.10009765625,3276.35009765625,3374.10009765625,1797896
2022-12-12,2899.840087890625,3286.449951171875,3296.0,3236.10009765625,3255.5,1527610
2022-12-13,2940.120361328125,3332.10009765625,3336.449951171875,3267.800048828125,3277.199951171875,1378016
2022-12-14,2969.458984375,3365.35009765625,3377.0,3340.89990234375,3348.800048828125,1213311
2022-12-15,2916.296875,3305.10009765625,3364.75,3298.949951171875,3358.800048828125,1415694
2022-12-16,2859.07568359375,3240.25,3292.0,3225.199951171875,3275.0,2703680
2022-12-19,2825.368896484375,3202.050048828125,3245.5,3194.5,3227.0,2120965
2022-12-20,2862.339599609375,3243.949951171875,3249.0,3163.64990234375,3198.89990234375,1529971
2022-12-21,2884.0458984375,3268.550048828125,3283.050048828125,3240.0,3249.0,1432566
2022-12-22,2876.237060546875,3259.699951171875,3294.0,3245.10009765625,3294.0,1384101
2022-12-23,2848.57470703125,3228.35009765625,3266.85009765625,3217.0,3217.0,1360281
2022-12-26,2870.23681640625,3252.89990234375,3272.0,3225.050048828125,3228.35009765625,870157
2022-12-27,2876.060546875,3259.5,3273.800048828125,3231.5,3269.199951171875,835883
2022-12-28,2873.94287109375,3257.10009765625,3266.10009765625,3226.0,3249.800048828125,910795
2022-12-29,2884.222412109375,3268.75,3271.5,3228.0,3231.10009765625,1037927
2022-12-30,2873.58984375,3256.699951171875,3299.0,3246.199951171875,3286.050048828125,1163131
2023-01-02,2877.781494140625,3261.449951171875,3266.85009765625,3235.199951171875,3261.0,709547
2023-01-03,2921.81103515625,3311.35009765625,3320.0,3245.300048828125,3252.0,1245178
2023-01-04,2924.72265625,3314.64990234375,3327.35009765625,3286.199951171875,3306.699951171875,1231668
2023-01-05,2921.590576171875,3311.10009765625,3337.300048828125,3281.949951171875,3330.199951171875,1826057
2023-01-06,2833.751220703125,3211.550048828125,3301.550048828125,3200.0,3300.0,2488376
2023-01-09,2929.3994140625,3319.949951171875,3327.0,3221.14990234375,3229.0,2885060
2023-01-10,2899.796142578125,3286.39990234375,3298.0,3230.10009765625,3285.0,3864655
2023-01-11,2937.1201171875,3328.699951171875,3349.5,3271.14990234375,3290.10009765625,2720512
2023-01-12,2942.10546875,3334.35009765625,3350.0,3315.550048828125,3329.0,2250391
2023-01-13,2977.576416015625,3374.550048828125,3379.0,3305.0,3342.89990234375,1742837
2023-01-16,3008.710205078125,3334.050048828125,3353.0,3298.050048828125,3317.0,1843607
2023-01-17,3048.732421875,3378.39990234375,3381.800048828125,3321.0,3330.0,1688475
2023-01-18,3059.2001953125,3390.0,3408.949951171875,3372.25,3380.0,2421189
2023-01-19,3043.94970703125,3373.10009765625,3387.0,3361.0,3380.0,1585044
2023-01-20,3034.926025390625,3363.10009765625,3394.64990234375,3355.60009765625,3365.0,1529349
2023-01-23,3081.670166015625,3414.89990234375,3419.0,3355.60009765625,3388.0,1067916
2023-01-24,3100.982177734375,3436.300048828125,3451.949951171875,3417.300048828125,3425.0,1387863
2023-01-25,3095.071044921875,3429.75,3435.0,3405.0,3425.300048828125,874110
2023-01-27,3078.19677734375,3411.050048828125,3446.0,3382.300048828125,3426.0,1785879
2023-01-30,3098.59130859375,3433.64990234375,3458.449951171875,3385.550048828125,3420.0,1953798
2023-01-31,3030.95458984375,3358.699951171875,3449.0,3351.0,3449.0,2820375
2023-02-01,3075.759765625,3408.35009765625,3419.0,3355.0,3363.0,2205161
2023-02-02,3122.730224609375,3460.39990234375,3469.0,3420.10009765625,3427.0,1813847
2023-02-03,3142.493408203125,3482.300048828125,3504.0,3452.89990234375,3504.0,1804469
2023-02-06,3122.32470703125,3459.949951171875,3473.14990234375,3436.85009765625,3473.14990234375,1138714
2023-02-07,3133.6953125,3472.550048828125,3493.0,3461.39990234375,3468.89990234375,1455647
2023-02-08,3176.605224609375,3520.10009765625,3539.89990234375,3478.050048828125,3478.050048828125,1986946
2023-02-09,3195.330322265625,3540.85009765625,3547.60009765625,3505.300048828125,3515.0,1655427
2023-02-10,3192.352294921875,3537.550048828125,3542.35009765625,3508.14990234375,3520.0,1187821
2023-02-13,3142.583984375,3482.39990234375,3549.0,3473.39990234375,3549.0,1087939
2023-02-14,3158.556640625,3500.10009765625,3524.85009765625,3495.0,3505.0,1579818
2023-02-15,3177.101318359375,3520.64990234375,3526.0,3460.14990234375,3487.0,1429449
2023-02-16,3210.851806640625,3558.050048828125,3575.0,3527.0,3527.199951171875,1618931
2023-02-17,3159.50439453125,3501.14990234375,3538.89990234375,3490.0,3526.14990234375,1061369
2023-02-20,3147.00537109375,3487.300048828125,3522.0,3475.050048828125,3502.0,1296082
2023-02-21,3114.248046875,3451.0,3508.89990234375,3444.75,3494.0,1139541
2023-02-22,3069.623291015625,3401.550048828125,3447.0,3395.0,3414.949951171875,1218430
2023-02-23,3080.677978515625,3413.800048828125,3452.39990234375,3408.0,3421.0,1441570
2023-02-24,3068.630859375,3400.449951171875,3433.949951171875,3382.300048828125,3422.5,977592
2023-02-27,3006.724853515625,3331.85009765625,3390.0,3316.0,3390.0,1128022
2023-02-28,2989.578857421875,3312.85009765625,3392.0,3299.89990234375,3328.5,4116217
2023-03-01,3055.320068359375,3385.699951171875,3389.0,3315.0,3323.0,1669307
2023-03-02,2997.33935546875,3321.449951171875,3369.89990234375,3318.0,3361.0,1556538
2023-03-03,3016.018798828125,3342.14990234375,3358.0,3331.10009765625,3354.0,1043190
2023-03-06,3042.8212890625,3371.85009765625,3404.949951171875,3359.0,3361.89990234375,1334132
2023-03-08,3059.561279296875,3390.39990234375,3396.0,3330.85009765625,3364.0,1844590
2023-03-09,3011.237060546875,3336.85009765625,3385.0,3330.85009765625,3385.0,1648500
2023-03-10,3005.957275390625,3331.0,3337.25,3290.0,3312.89990234375,1024404
2023-03-13,2961.693603515625,3281.949951171875,3369.800048828125,3272.0,3333.0,1901233
2023-03-14,2901.23193359375,3214.949951171875,3304.39990234375,3209.39990234375,3280.0,2670334
2023-03-15,2886.748046875,3198.89990234375,3260.35009765625,3192.0,3250.0,1780522
2023-03-16,2874.204345703125,3185.0,3219.800048828125,3172.0,3208.0,1901060
2023-03-17,2869.061279296875,3179.300048828125,3221.39990234375,3144.0,3150.5,6739966
2023-03-20,2836.573486328125,3143.300048828125,3169.64990234375,3095.050048828125,3169.64990234375,2289468
2023-03-21,2803.003173828125,3106.10009765625,3156.75,3097.449951171875,3143.300048828125,1815297
2023-03-22,2825.29345703125,3130.800048828125,3143.5,3106.10009765625,3130.050048828125,1123939
2023-03-23,2819.743408203125,3124.64990234375,3146.35009765625,3101.0,3114.89990234375,1372218
2023-03-24,2815.998291015625,3120.5,3170.0,3106.0,3148.89990234375,1329577
2023-03-27,2817.623291015625,3122.300048828125,3152.75,3106.0,3135.0,1524217
2023-03-28,2811.84716796875,3115.89990234375,3149.550048828125,3110.14990234375,3127.0,1303530
2023-03-29,2832.602783203125,3138.89990234375,3150.0,3104.10009765625,3129.0,1740616
2023-03-31,2893.06494140625,3205.89990234375,3213.0,3152.0,3189.949951171875,2382581
2023-04-03,2887.7412109375,3200.0,3224.949951171875,3173.75,3224.949951171875,1521830
2023-04-05,2923.65673828125,3239.800048828125,3264.35009765625,3185.5,3185.5,2655065
2023-04-06,2906.4208984375,3220.699951171875,3257.35009765625,3215.0,3225.0,1703464
2023-04-10,2944.9541015625,3263.39990234375,3272.0,3215.0,3220.0,2203187
2023-04-11,2900.194091796875,3213.800048828125,3272.949951171875,3192.14990234375,3264.0,2348779
2023-04-12,2925.326171875,3241.64990234375,3260.949951171875,3199.0,3227.949951171875,2417727
2023-04-13,2877.67919921875,3188.85009765625,3230.0,3180.0,3210.0,4174070
2023-04-17,2833.14453125,3139.5,3163.39990234375,3070.25,3134.10009765625,5505048
2023-04-18,2825.247802734375,3130.75,3156.85009765625,3110.60009765625,3154.949951171875,2617302
2023-04-19,2788.11376953125,3089.60009765625,3140.0,3071.5,3130.75,3298034
2023-04-20,2801.83056640625,3104.800048828125,3113.0,3078.0,3090.0,2419999
2023-04-21,2852.410888671875,3160.85009765625,3164.449951171875,3100.800048828125,3110.0,1929184
2023-04-24,2865.000244140625,3174.800048828125,3180.949951171875,3126.14990234375,3151.10009765625,1640676
2023-04-25,2866.0830078125,3176.0,3191.199951171875,3147.5,3183.0,2024090
2023-04-26,2886.0712890625,3198.14990234375,3208.39990234375,3181.0,3181.0,2000029
2023-04-27,2876.866455078125,3187.949951171875,3199.199951171875,3170.64990234375,3185.0,2434446
2023-04-28,2905.1123046875,3219.25,3227.25,3196.25,3200.39990234375,2931312
2023-05-02,2905.247314453125,3219.39990234375,3235.0,3210.0,3235.0,2321159
2023-05-03,2869.60205078125,3179.89990234375,3216.0,3173.14990234375,3216.0,2468285
2023-05-04,2906.4208984375,3220.699951171875,3224.449951171875,3178.0,3180.14990234375,1953253
2023-05-05,2915.44482421875,3230.699951171875,3244.0,3210.050048828125,3220.0,1710027
2023-05-08,2933.4033203125,3250.60009765625,3254.85009765625,3231.300048828125,3245.0,928235
2023-05-09,2962.8671875,3283.25,3298.0,3246.0,3252.60009765625,1107375
2023-05-10,2966.07080078125,3286.800048828125,3306.5,3266.050048828125,3290.0,1559987
2023-05-11,2961.874755859375,3282.14990234375,3309.699951171875,3272.0,3309.0,1719623
2023-05-12,2954.790283203125,3274.300048828125,3290.0,3260.0,3279.14990234375,1027479
2023-05-15,2937.419189453125,3255.050048828125,3292.0,3248.35009765625,3284.0,1150390
2023-05-16,2940.21630859375,3258.14990234375,3285.0,3250.449951171875,3256.199951171875,986306
2023-05-17,2895.591552734375,3208.699951171875,3280.0,3198.25,3255.949951171875,1588815
2023-05-18,2887.605224609375,3199.85009765625,3228.949951171875,3195.0,3225.949951171875,1369364
2023-05-19,2908.360595703125,3222.85009765625,3234.5,3203.050048828125,3210.0,1152449
2023-05-22,2976.8095703125,3298.699951171875,3308.449951171875,3217.050048828125,3230.0,1333243
2023-05-23,2975.320556640625,3297.050048828125,3327.949951171875,3290.10009765625,3306.0,1687418
2023-05-24,2981.005859375,3303.35009765625,3317.199951171875,3276.0,3276.0,1016555
2023-05-25,2972.11669921875,3293.5,3306.0,3267.10009765625,3294.0,1374917
2023-05-26,3004.0625,3328.89990234375,3338.64990234375,3291.0,3293.5,1791115
2023-05-29,2996.3466796875,3320.35009765625,3372.0,3312.0,3360.800048828125,1210372
2023-05-30,2992.6015625,3316.199951171875,3326.949951171875,3301.35009765625,3315.0,1344224
2023-05-31,2968.50732421875,3289.5,3327.699951171875,3265.14990234375,3309.0,5815424
2023-06-01,2999.640625,3324.0,3340.0,3297.5,3314.0,1177314
2023-06-02,2983.0361328125,3305.60009765625,3335.89990234375,3297.449951171875,3326.25,2030661
2023-06-05,2967.96533203125,3288.89990234375,3327.0,3285.050048828125,3315.0,1861468
2023-06-06,2916.88916015625,3232.300048828125,3288.85009765625,3220.60009765625,3280.0,2022849
2023-06-07,2955.331298828125,3274.89990234375,3278.85009765625,3241.0,3253.0,1567196
2023-06-08,2920.633544921875,3236.449951171875,3270.0,3233.0,3261.0,1759366
2023-06-09,2896.133544921875,3209.300048828125,3250.0,3205.35009765625,3245.0,1775689
2023-06-12,2930.06396484375,3246.89990234375,3254.39990234375,3211.0,3215.0,2324605
2023-06-13,2927.17626953125,3243.699951171875,3265.0,3239.0,3260.0,1371928
2023-06-14,2933.8095703125,3251.050048828125,3255.85009765625,3225.85009765625,3243.699951171875,1658544
2023-06-15,2924.0361328125,3216.300048828125,3247.449951171875,3210.0,3245.300048828125,2273810
2023-06-16,2886.39794921875,3174.89990234375,3199.39990234375,3156.0,3197.0,4156189
2023-06-19,2918.672119140625,3210.39990234375,3214.89990234375,3175.0,3190.0,1468186
2023-06-20,2934.400390625,3227.699951171875,3232.5,3201.050048828125,3214.0,1528452
2023-06-21,2962.12841796875,3258.199951171875,3261.39990234375,3223.949951171875,3250.0,1645987
2023-06-22,2944.21875,3238.5,3267.64990234375,3230.10009765625,3260.0,1529603
2023-06-23,2924.0810546875,3216.35009765625,3249.39990234375,3209.14990234375,3237.300048828125,1119505
2023-06-26,2899.807373046875,3189.64990234375,3213.89990234375,3173.0,3205.0,1978803
2023-06-27,2906.80810546875,3197.35009765625,3209.64990234375,3182.300048828125,3202.0,863542
2023-06-28,2923.26318359375,3215.449951171875,3230.949951171875,3193.39990234375,3208.0,1575872
2023-06-30,3002.17578125,3302.25,3310.0,3214.10009765625,3220.0,2672406
2023-07-03,2974.947509765625,3272.300048828125,3318.800048828125,3268.75,3314.300048828125,1687264
2023-07-04,3008.17626953125,3308.85009765625,3315.0,3277.300048828125,3290.0,1656681
2023-07-05,3018.267578125,3319.949951171875,3329.0,3305.0,3320.0,1453008
2023-07-06,3020.94921875,3322.89990234375,3328.449951171875,3302.0,3306.550048828125,1848238
2023-07-07,3026.72216796875,3329.25,3356.89990234375,3302.0,3302.0,1789326
2023-07-10,2974.62939453125,3271.949951171875,3324.75,3265.199951171875,3324.75,1407431
2023-07-11,2975.038330078125,3272.39990234375,3295.0,3260.800048828125,3295.0,1110172
2023-07-12,2963.67431640625,3259.89990234375,3289.14990234375,3250.10009765625,3280.949951171875,1515240
2023-07-13,3036.99560546875,3340.550048828125,3367.449951171875,3272.75,3284.0,4585146
2023-07-14,3195.27490234375,3514.64990234375,3524.85009765625,3352.0,3365.0,6306101
2023-07-17,3174.410400390625,3491.699951171875,3549.89990234375,3477.050048828125,3510.0,2743228
2023-07-18,3179.092529296875,3496.85009765625,3524.0,3465.0,3476.0,2600090
2023-07-19,3154.7275390625,3470.050048828125,3516.85009765625,3445.64990234375,3500.0,2405370
2023-07-20,3156.77880859375,3463.300048828125,3478.89990234375,3436.050048828125,3453.10009765625,1715404
2023-07-21,3070.186767578125,3368.300048828125,3434.89990234375,3359.050048828125,3404.050048828125,3770223
2023-07-24,3094.29638671875,3394.75,3413.449951171875,3372.10009765625,3381.0,1680132
2023-07-25,3098.30615234375,3399.14990234375,3406.800048828125,3380.199951171875,3397.5,1272980
2023-07-26,3088.416748046875,3388.300048828125,3420.85009765625,3385.0,3400.35009765625,1066803
2023-07-27,3096.25537109375,3396.89990234375,3411.64990234375,3385.050048828125,3394.949951171875,1701769
2023-07-28,3058.428955078125,3355.39990234375,3393.699951171875,3331.0,3385.0,2599831
2023-07-31,3118.632568359375,3421.449951171875,3426.64990234375,3360.89990234375,3364.39990234375,2743678
2023-08-01,3146.524658203125,3452.050048828125,3460.0,3415.0,3415.0,1956167
2023-08-02,3136.1337890625,3440.64990234375,3446.39990234375,3413.60009765625,3434.949951171875,1914899
2023-08-03,3099.035400390625,3399.949951171875,3433.25,3368.0,3420.0,2026351
2023-08-04,3138.777099609375,3443.550048828125,3471.0,3401.25,3401.25,2248493
2023-08-07,3175.692626953125,3484.050048828125,3488.0,3441.25,3453.949951171875,1853889
2023-08-08,3163.4326171875,3470.60009765625,3489.949951171875,3456.60009765625,3484.050048828125,1634225
2023-08-09,3156.049560546875,3462.5,3467.0,3425.050048828125,3464.89990234375,1794589
2023-08-10,3137.455078125,3442.10009765625,3464.89990234375,3430.050048828125,3450.0,1096701
2023-08-11,3143.562255859375,3448.800048828125,3466.64990234375,3414.0,3438.10009765625,1679974
2023-08-14,3144.51953125,3449.85009765625,3455.0,3411.0,3440.699951171875,1190425
2023-08-16,3152.312255859375,3458.39990234375,3466.0,3435.199951171875,3450.0,1328445
2023-08-17,3131.6669921875,3435.75,3460.800048828125,3413.199951171875,3455.0,1843241
2023-08-18,3069.09326171875,3367.10009765625,3410.0,3356.5,3410.0,2526749
2023-08-21,3100.5849609375,3401.64990234375,3409.75,3372.0,3375.0,1375579
2023-08-22,3082.810546875,3382.14990234375,3411.0,3365.050048828125,3400.0,1222012
2023-08-23,3097.486328125,3398.25,3402.0,3376.0,3388.0,1330046
2023-08-24,3087.915283203125,3387.75,3413.050048828125,3378.10009765625,3408.0,1152881
2023-08-25,3082.03564453125,3381.300048828125,3385.800048828125,3350.25,3375.0,1158046
2023-08-28,3076.794921875,3375.550048828125,3394.0,3360.10009765625,3394.0,1037485
2023-08-29,3077.342041015625,3376.14990234375,3389.550048828125,3365.0,3381.050048828125,944517
2023-08-30,3090.83203125,3390.949951171875,3408.10009765625,3383.050048828125,3398.0,1188200
2023-08-31,3059.704833984375,3356.800048828125,3417.39990234375,3343.64990234375,3401.0,3417652
2023-09-01,3080.121826171875,3379.199951171875,3389.0,3356.800048828125,3366.0,1277950
2023-09-04,3115.94384765625,3418.5,3432.85009765625,3370.050048828125,3378.0,1828332
2023-09-05,3125.833251953125,3429.35009765625,3447.0,3405.14990234375,3420.0,1501842
2023-09-06,3126.334716796875,3429.89990234375,3443.89990234375,3398.10009765625,3434.0,1314818
2023-09-07,3149.441650390625,3455.25,3460.0,3422.300048828125,3430.800048828125,1885092
2023-09-08,3137.272216796875,3441.89990234375,3465.0,3435.050048828125,3455.25,1518917
2023-09-11,3172.593017578125,3480.64990234375,3485.699951171875,3445.0,3462.0,1783604
2023-09-12,3263.87890625,3580.800048828125,3589.89990234375,3483.0,3492.0,4476016
2023-09-13,3252.0751953125,3567.85009765625,3588.85009765625,3545.0,3571.10009765625,1754929
2023-09-14,3244.9658203125,3560.050048828125,3597.699951171875,3545.60009765625,3570.050048828125,2604721
2023-09-15,3279.830322265625,3598.300048828125,3607.35009765625,3562.449951171875,3567.85009765625,2952897
2023-09-18,3286.98583984375,3606.14990234375,3619.300048828125,3575.25,3580.050048828125,1395753
2023-09-20,3286.894775390625,3606.050048828125,3625.0,3580.0,3580.0,1649396
2023-09-21,3267.980712890625,3585.300048828125,3605.0,3528.0,3588.550048828125,2004073
2023-09-22,3284.70703125,3603.64990234375,3633.75,3565.050048828125,3584.0,1989083
2023-09-25,3260.552001953125,3577.14990234375,3620.0,3558.64990234375,3602.5,1238778
2023-09-26,3268.345703125,3585.699951171875,3594.949951171875,3536.0,3567.60009765625,1726062
2023-09-27,3271.626708984375,3589.300048828125,3614.0,3555.699951171875,3590.0,1541134
2023-09-28,3223.72802734375,3536.75,3602.800048828125,3527.35009765625,3600.0,1755753
2023-09-29,3216.29931640625,3528.60009765625,3568.449951171875,3505.550048828125,3537.199951171875,2243791
2023-10-03,3202.85498046875,3513.85009765625,3534.199951171875,3480.10009765625,3534.199951171875,1948148
2023-10-04,3224.6396484375,3537.75,3548.0,3477.300048828125,3486.300048828125,1788138
2023-10-05,3271.672607421875,3589.35009765625,3624.0,3551.199951171875,3554.0,2990768
2023-10-06,3300.88623046875,3621.39990234375,3634.949951171875,3575.050048828125,3591.0,2075691
2023-10-09,3316.3359375,3638.35009765625,3679.0,3631.0,3645.050048828125,4233074
2023-10-10,3307.722412109375,3628.89990234375,3648.0,3601.35009765625,3640.050048828125,1848148
2023-10-11,3290.40380859375,3609.89990234375,3650.0,3605.0,3650.0,2426417
2023-10-12,3229.014404296875,3542.550048828125,3588.64990234375,3538.10009765625,3575.0,4241281
2023-10-13,3254.81005859375,3570.85009765625,3577.0,3525.0,3530.0,2890357
2023-10-16,3212.15185546875,3524.050048828125,3574.64990234375,3519.10009765625,3566.0,1671104
2023-10-17,3196.656982421875,3507.050048828125,3534.14990234375,3503.35009765625,3530.0,1672065
2023-10-18,3178.60888671875,3487.25,3522.699951171875,3484.0,3511.0,1408245
2023-10-19,3157.955810546875,3455.64990234375,3476.85009765625,3451.89990234375,3469.5,1514545
2023-10-20,3193.5048828125,3494.550048828125,3499.5,3444.050048828125,3450.39990234375,1481211
2023-10-23,3116.375244140625,3410.14990234375,3478.949951171875,3401.300048828125,3473.0,1106272
2023-10-25,3098.052734375,3390.10009765625,3425.0,3377.199951171875,3390.5,1518537
2023-10-26,3049.298828125,3336.75,3373.699951171875,3330.0,3368.050048828125,1984471
2023-10-27,3062.275390625,3350.949951171875,3362.0,3337.0,3350.0,1108851
2023-10-30,3087.49853515625,3378.550048828125,3382.85009765625,3333.75,3350.0,910972
2023-10-31,3078.5419921875,3368.75,3399.0,3350.050048828125,3399.0,999811
2023-11-01,3043.724365234375,3330.64990234375,3371.60009765625,3311.0,3355.0,1563475
2023-11-02,3070.63720703125,3360.10009765625,3375.949951171875,3343.199951171875,3343.199951171875,1245384
2023-11-03,3062.229736328125,3350.89990234375,3387.89990234375,3344.300048828125,3382.0,1402598
2023-11-06,3089.051513671875,3380.25,3392.300048828125,3359.0,3375.0,1099852
2023-11-07,3080.095458984375,3370.449951171875,3404.14990234375,3366.0,3378.0,1191144
2023-11-08,3090.2392578125,3381.550048828125,3401.949951171875,3369.550048828125,3371.449951171875,992899
2023-11-09,3059.076904296875,3347.449951171875,3391.5,3342.050048828125,3390.10009765625,2112352
2023-11-10,3046.283203125,3333.449951171875,3347.449951171875,3322.35009765625,3338.0,1338557
2023-11-13,3044.546875,3331.550048828125,3356.0,3327.0,3356.0,1030990
2023-11-15,3111.029541015625,3404.300048828125,3413.0,3356.050048828125,3383.10009765625,2059802
2023-11-16,3196.520751953125,3497.85009765625,3529.35009765625,3414.199951171875,3430.050048828125,3951984
2023-11-17,3200.72412109375,3502.449951171875,3524.5,3492.550048828125,3497.85009765625,2021292
2023-11-20,3216.396728515625,3519.60009765625,3533.89990234375,3491.25,3491.25,1475621
2023-11-21,3207.806396484375,3510.199951171875,3539.050048828125,3501.0,3519.60009765625,1807236
2023-11-22,3226.03759765625,3530.14990234375,3532.64990234375,3481.10009765625,3500.0,1798051
2023-11-23,3206.0244140625,3508.25,3544.0,3500.0,3530.0,2729804
2023-11-24,3159.281494140625,3457.10009765625,3504.550048828125,3453.0,3494.25,1989733
2023-11-28,3171.20654296875,3470.14990234375,3481.25,3433.0,3457.10009765625,1689195
2023-11-29,3211.051025390625,3513.75,3518.0,3475.800048828125,3481.0,1441634
2023-11-30,3187.153564453125,3487.60009765625,3516.64990234375,3481.0,3499.449951171875,3266235
2023-12-01,3209.13134765625,3511.64990234375,3516.949951171875,3490.050048828125,3500.0,1172141
2023-12-04,3209.863037109375,3512.449951171875,3547.800048828125,3498.0,3544.64990234375,1625213
2023-12-05,3227.362548828125,3531.60009765625,3538.0,3502.800048828125,3538.0,1377656
2023-12-06,3293.617431640625,3604.10009765625,3612.85009765625,3525.14990234375,3532.60009765625,1896572
2023-12-07,3303.486572265625,3614.89990234375,3630.550048828125,3591.699951171875,3605.0,1967653
2023-12-08,3314.270751953125,3626.699951171875,3645.0,3602.050048828125,3633.0,1641155
2023-12-11,3329.07470703125,3642.89990234375,3653.0,3615.0,3622.89990234375,1102503
2023-12-12,3355.759521484375,3672.10009765625,3698.39990234375,3631.0,3638.949951171875,2236866
2023-12-13,3283.97607421875,3593.550048828125,3650.0,3563.0,3643.550048828125,3850968
2023-12-14,3351.3271484375,3667.25,3678.0,3627.60009765625,3630.0,3290396
2023-12-15,3528.386474609375,3861.0,3895.949951171875,3666.699951171875,3666.699951171875,8531230
2023-12-18,3526.74169921875,3859.199951171875,3929.0,3830.14990234375,3858.10009765625,2521612
2023-12-19,3487.4453125,3816.199951171875,3855.10009765625,3790.0,3845.0,2004435
2023-12-20,3454.40966796875,3780.050048828125,3898.800048828125,3766.550048828125,3827.25,2586083
2023-12-21,3461.218017578125,3787.5,3806.699951171875,3743.35009765625,3756.25,1517562
2023-12-22,3494.57373046875,3824.0,3845.949951171875,3762.0,3800.0,2413058
2023-12-26,3468.573974609375,3795.550048828125,3834.0,3790.14990234375,3819.85009765625,1285231
2023-12-27,3482.8759765625,3811.199951171875,3818.199951171875,3768.0,3799.0,1293976
2023-12-28,3472.5498046875,3799.89990234375,3838.0,3792.10009765625,3824.0,1682889
2023-12-29,3466.609375,3793.39990234375,3822.60009765625,3765.39990234375,3792.0,1574996
